2026-10-02T11:58:38.1411918Z Current runner version: '2.337.0'
2026-10-02T11:58:38.1439718Z ##[group]Runner Image Provisioner
2026-10-02T11:58:38.1440707Z Hosted Compute Agent
2026-10-02T11:58:38.1441486Z Version: 20260901.588
2026-10-02T11:58:38.1442235Z Commit: f88ec8081b781fac6c440065ac7ff9e710ce3d0b
2026-10-02T11:58:38.1443438Z Build Date: 2026-09-01T19:56:44Z
2026-10-02T11:58:38.1444287Z Worker ID: {7c811c5e-b64e-4c1c-9de6-4d537d716117}
2026-10-02T11:58:38.1445047Z Azure Region: westus2
2026-10-02T11:58:38.1445803Z ##[endgroup]
2026-10-02T11:58:38.1447345Z ##[group]Operating System
2026-10-02T11:58:38.1448183Z Ubuntu
2026-10-02T11:58:38.1448761Z 24.04.5
2026-10-02T11:58:38.1449378Z LTS
2026-10-02T11:58:38.1449996Z ##[endgroup]
2026-10-02T11:58:38.1450574Z ##[group]Runner Image
2026-10-02T11:58:38.1451322Z Image: ubuntu-24.04
2026-10-02T11:58:38.1451935Z Version: 20260927.320.1
2026-10-02T11:58:38.1453624Z Included Software: https://github.com/actions/runner-images/blob/ubuntu24/20260927.320/images/ubuntu/Ubuntu2404-Readme.md
2026-10-02T11:58:38.1455352Z Image Release: https://github.com/actions/runner-images/releases/tag/ubuntu24%2F20260927.320
2026-10-02T11:58:38.1456376Z ##[endgroup]
2026-10-02T11:58:38.1457740Z ##[group]GITHUB_TOKEN Permissions
2026-10-02T11:58:38.1459857Z Contents: read
2026-10-02T11:58:38.1460857Z Metadata: read
2026-10-02T11:58:38.1461494Z Packages: read
2026-10-02T11:58:38.1462265Z ##[endgroup]
2026-10-02T11:58:38.1464757Z Secret source: Actions
2026-10-02T11:58:38.1465885Z Cache mode: write
2026-10-02T11:58:38.1466713Z Prepare workflow directory
2026-10-02T11:58:38.1822597Z Prepare all required actions
2026-10-02T11:58:38.1873401Z Getting action download info
2026-10-02T11:58:38.5773579Z Download action repository 'actions/checkout@v4' (SHA:11d5960a326750d5838078e36cf38b85af677262)
2026-10-02T11:58:38.6937103Z Download action repository 'actions/setup-java@v4' (SHA:cf277c60eb25467037889841efdb72551f06f6c3)
2026-10-02T11:58:39.0326956Z Download action repository 'subosito/flutter-action@v2' (SHA:1a449444c387b1966244ae4d4f8c696479add0b2)
2026-10-02T11:58:39.2369551Z Download action repository 'reactivecircus/android-emulator-runner@v2' (SHA:a421e43855164a8197daf9d8d40fe71c6996bb0d)
2026-10-02T11:58:39.4717680Z Download action repository 'actions/upload-artifact@v4' (SHA:ea165f8d65b6e75b540449e92b4886f43607fa02)
2026-10-02T11:58:39.6955164Z Getting action download info
2026-10-02T11:58:39.8351923Z Download action repository 'actions/cache@v5' (SHA:caa296126883cff596d87d8935842f9db880ef25)
2026-10-02T11:58:40.0502062Z Complete job name: E2E Tests (Android)
2026-10-02T11:58:40.1598410Z ##[group]Run actions/checkout@v4
2026-10-02T11:58:40.1600046Z with:
2026-10-02T11:58:40.1601037Z   repository: lvinist/mine-flow-app
2026-10-02T11:58:40.1610669Z   token: ***
2026-10-02T11:58:40.1611638Z   ssh-strict: true
2026-10-02T11:58:40.1612626Z   ssh-user: git
2026-10-02T11:58:40.1613866Z   persist-credentials: true
2026-10-02T11:58:40.1614952Z   clean: true
2026-10-02T11:58:40.1615987Z   sparse-checkout-cone-mode: true
2026-10-02T11:58:40.1617181Z   fetch-depth: 1
2026-10-02T11:58:40.1618157Z   fetch-tags: false
2026-10-02T11:58:40.1619151Z   show-progress: true
2026-10-02T11:58:40.1620167Z   lfs: false
2026-10-02T11:58:40.1621103Z   submodules: false
2026-10-02T11:58:40.1622119Z   set-safe-directory: true
2026-10-02T11:58:40.1623426Z   allow-unsafe-pr-checkout: false
2026-10-02T11:58:40.1624922Z ##[endgroup]
2026-10-02T11:58:40.2791751Z Syncing repository: lvinist/mine-flow-app
2026-10-02T11:58:40.2796798Z ##[group]Getting Git version info
2026-10-02T11:58:40.2799667Z Working directory is '/home/runner/work/mine-flow-app/mine-flow-app'
2026-10-02T11:58:40.2803973Z [command]/usr/bin/git version
2026-10-02T11:58:40.2881541Z git version 2.55.0
2026-10-02T11:58:40.2913382Z ##[endgroup]
2026-10-02T11:58:40.2931402Z Temporarily overriding HOME='/home/runner/work/_temp/6ad928c9-54d7-4d23-ae9e-7248516750ab' before making global git config changes
2026-10-02T11:58:40.2935458Z Adding repository directory to the temporary git global config as a safe directory
2026-10-02T11:58:40.2939570Z [command]/usr/bin/git config --global --add safe.directory /home/runner/work/mine-flow-app/mine-flow-app
2026-10-02T11:58:40.2994268Z Deleting the contents of '/home/runner/work/mine-flow-app/mine-flow-app'
2026-10-02T11:58:40.3002123Z ##[group]Initializing the repository
2026-10-02T11:58:40.3016133Z [command]/usr/bin/git init /home/runner/work/mine-flow-app/mine-flow-app
2026-10-02T11:58:40.3115259Z hint: Using 'master' as the name for the initial branch. This default branch name
2026-10-02T11:58:40.3118996Z hint: will change to "main" in Git 3.0. To configure the initial branch name
2026-10-02T11:58:40.3121108Z hint: to use in all of your new repositories, which will suppress this warning,
2026-10-02T11:58:40.3122744Z hint: call:
2026-10-02T11:58:40.3123960Z hint:
2026-10-02T11:58:40.3125142Z hint: 	git config --global init.defaultBranch <name>
2026-10-02T11:58:40.3126520Z hint:
2026-10-02T11:58:40.3127821Z hint: Names commonly chosen instead of 'master' are 'main', 'trunk' and
2026-10-02T11:58:40.3129883Z hint: 'development'. The just-created branch can be renamed via this command:
2026-10-02T11:58:40.3131544Z hint:
2026-10-02T11:58:40.3132692Z hint: 	git branch -m <name>
2026-10-02T11:58:40.3134076Z hint:
2026-10-02T11:58:40.3135508Z hint: Disable this message with "git config set advice.defaultBranchName false"
2026-10-02T11:58:40.3138332Z Initialized empty Git repository in /home/runner/work/mine-flow-app/mine-flow-app/.git/
2026-10-02T11:58:40.3145462Z [command]/usr/bin/git remote add origin https://github.com/lvinist/mine-flow-app
2026-10-02T11:58:40.3202737Z ##[endgroup]
2026-10-02T11:58:40.3205763Z ##[group]Disabling automatic garbage collection
2026-10-02T11:58:40.3208177Z [command]/usr/bin/git config --local gc.auto 0
2026-10-02T11:58:40.3247114Z ##[endgroup]
2026-10-02T11:58:40.3249086Z ##[group]Setting up auth
2026-10-02T11:58:40.3254567Z [command]/usr/bin/git config --local --name-only --get-regexp core\.sshCommand
2026-10-02T11:58:40.3291071Z [command]/usr/bin/git submodule foreach --recursive sh -c "git config --local --name-only --get-regexp 'core\.sshCommand' && git config --local --unset-all 'core.sshCommand' || :"
2026-10-02T11:58:40.3705935Z [command]/usr/bin/git config --local --name-only --get-regexp http\.https\:\/\/github\.com\/\.extraheader
2026-10-02T11:58:40.3734734Z [command]/usr/bin/git submodule foreach --recursive sh -c "git config --local --name-only --get-regexp 'http\.https\:\/\/github\.com\/\.extraheader' && git config --local --unset-all 'http.https://github.com/.extraheader' || :"
2026-10-02T11:58:40.3981831Z [command]/usr/bin/git config --local --name-only --get-regexp ^includeIf\.gitdir:
2026-10-02T11:58:40.4021432Z [command]/usr/bin/git submodule foreach --recursive git config --local --show-origin --name-only --get-regexp remote.origin.url
2026-10-02T11:58:40.4257893Z [command]/usr/bin/git config --local http.https://github.com/.extraheader AUTHORIZATION: basic ***
2026-10-02T11:58:40.4301497Z ##[endgroup]
2026-10-02T11:58:40.4304899Z ##[group]Fetching the repository
2026-10-02T11:58:40.4316278Z [command]/usr/bin/git -c protocol.version=2 fetch --no-tags --prune --no-recurse-submodules --depth=1 origin +03180ec3c69d89531fd77fb0e9d77bd8ac59e275:refs/remotes/origin/step-0055-cohesive-ui-rebuild
2026-10-02T11:58:41.0224154Z From https://github.com/lvinist/mine-flow-app
2026-10-02T11:58:41.0228273Z  * [new ref]         03180ec3c69d89531fd77fb0e9d77bd8ac59e275 -> origin/step-0055-cohesive-ui-rebuild
2026-10-02T11:58:41.0234391Z ##[endgroup]
2026-10-02T11:58:41.0237031Z ##[group]Determining the checkout info
2026-10-02T11:58:41.0240128Z ##[endgroup]
2026-10-02T11:58:41.0241692Z [command]/usr/bin/git sparse-checkout disable
2026-10-02T11:58:41.0296571Z [command]/usr/bin/git config --local --unset-all extensions.worktreeConfig
2026-10-02T11:58:41.0332793Z ##[group]Checking out the ref
2026-10-02T11:58:41.0345294Z [command]/usr/bin/git checkout --progress --force -B step-0055-cohesive-ui-rebuild refs/remotes/origin/step-0055-cohesive-ui-rebuild
2026-10-02T11:58:41.0788658Z Switched to a new branch 'step-0055-cohesive-ui-rebuild'
2026-10-02T11:58:41.0793977Z branch 'step-0055-cohesive-ui-rebuild' set up to track 'origin/step-0055-cohesive-ui-rebuild'.
2026-10-02T11:58:41.0804047Z ##[endgroup]
2026-10-02T11:58:41.0855399Z [command]/usr/bin/git log -1 --format=%H
2026-10-02T11:58:41.0884865Z 03180ec3c69d89531fd77fb0e9d77bd8ac59e275
2026-10-02T11:58:41.1291324Z ##[group]Run actions/setup-java@v4
2026-10-02T11:58:41.1292395Z with:
2026-10-02T11:58:41.1293446Z   java-version: 17
2026-10-02T11:58:41.1294318Z   distribution: temurin
2026-10-02T11:58:41.1295225Z   java-package: jdk
2026-10-02T11:58:41.1296079Z   check-latest: false
2026-10-02T11:58:41.1296953Z   server-id: github
2026-10-02T11:58:41.1297840Z   server-username: GITHUB_ACTOR
2026-10-02T11:58:41.1298854Z   server-password: GITHUB_TOKEN
2026-10-02T11:58:41.1299855Z   overwrite-settings: true
2026-10-02T11:58:41.1300805Z   job-status: success
2026-10-02T11:58:41.1309799Z   token: ***
2026-10-02T11:58:41.1310642Z ##[endgroup]
2026-10-02T11:58:41.3072778Z ##[warning]setup-java v4 is deprecated and will no longer receive updates. Please migrate to actions/setup-java@v5.
2026-10-02T11:58:41.3084942Z ##[group]Installed distributions
2026-10-02T11:58:41.3119425Z Resolved Java 17.0.20+1 from tool-cache
2026-10-02T11:58:41.3121304Z Setting Java 17.0.20+1 as the default
2026-10-02T11:58:41.3130979Z (node:2347) [DEP0040] DeprecationWarning: The `punycode` module is deprecated. Please use a userland alternative instead.
2026-10-02T11:58:41.3133822Z (Use `node --trace-deprecation ...` to show where the warning was created)
2026-10-02T11:58:41.3135896Z Creating toolchains.xml for JDK version 17 from temurin
2026-10-02T11:58:41.3214829Z Writing to /home/runner/.m2/toolchains.xml
2026-10-02T11:58:41.3216390Z 
2026-10-02T11:58:41.3217062Z Java configuration:
2026-10-02T11:58:41.3218598Z   Distribution: temurin
2026-10-02T11:58:41.3220185Z   Version: 17.0.20+1
2026-10-02T11:58:41.3222106Z   Path: /opt/hostedtoolcache/Java_Temurin-Hotspot_jdk/17.0.20-1/x64
2026-10-02T11:58:41.3224080Z 
2026-10-02T11:58:41.3225792Z ##[endgroup]
2026-10-02T11:58:41.3257430Z Creating settings.xml with server-id: github
2026-10-02T11:58:41.3258874Z Writing to /home/runner/.m2/settings.xml
2026-10-02T11:58:41.3928032Z ##[group]Run subosito/flutter-action@v2
2026-10-02T11:58:41.3929308Z with:
2026-10-02T11:58:41.3930118Z   flutter-version: 3.47.1
2026-10-02T11:58:41.3931021Z   channel: stable
2026-10-02T11:58:41.3931831Z   cache: true
2026-10-02T11:58:41.3932626Z   architecture: X64
2026-10-02T11:58:41.3933692Z   pub-cache-path: default
2026-10-02T11:58:41.3934612Z   dry-run: false
2026-10-02T11:58:41.3935596Z   git-source: https://github.com/flutter/flutter.git
2026-10-02T11:58:41.3936755Z env:
2026-10-02T11:58:41.3937855Z   JAVA_HOME: /opt/hostedtoolcache/Java_Temurin-Hotspot_jdk/17.0.20-1/x64
2026-10-02T11:58:41.3939628Z   JAVA_HOME_17_X64: /opt/hostedtoolcache/Java_Temurin-Hotspot_jdk/17.0.20-1/x64
2026-10-02T11:58:41.3941035Z ##[endgroup]
2026-10-02T11:58:41.4017831Z ##[start-action display=Make yq tool available on Windows runners;id=__subosito_flutter-action.__run]
2026-10-02T11:58:41.4040005Z ##[end-action id=__subosito_flutter-action.__run;outcome=skipped;conclusion=skipped;duration_ms=0]
2026-10-02T11:58:41.4046709Z ##[start-action display=Make setup script executable;id=__subosito_flutter-action.__run_2]
2026-10-02T11:58:41.4108106Z ##[group]Run chmod +x "$GITHUB_ACTION_PATH/setup.sh"
2026-10-02T11:58:41.4109475Z [36;1mchmod +x "$GITHUB_ACTION_PATH/setup.sh"[0m
2026-10-02T11:58:41.4388467Z shell: /usr/bin/bash --noprofile --norc -e -o pipefail {0}
2026-10-02T11:58:41.4389782Z env:
2026-10-02T11:58:41.4390899Z   JAVA_HOME: /opt/hostedtoolcache/Java_Temurin-Hotspot_jdk/17.0.20-1/x64
2026-10-02T11:58:41.4392666Z   JAVA_HOME_17_X64: /opt/hostedtoolcache/Java_Temurin-Hotspot_jdk/17.0.20-1/x64
2026-10-02T11:58:41.4394310Z ##[endgroup]
2026-10-02T11:58:41.4565699Z ##[end-action id=__subosito_flutter-action.__run_2;outcome=success;conclusion=success;duration_ms=51]
2026-10-02T11:58:41.4572738Z ##[start-action display=Set action inputs;id=__subosito_flutter-action.flutter-action]
2026-10-02T11:58:41.4695781Z ##[group]Run $GITHUB_ACTION_PATH/setup.sh -p \
2026-10-02T11:58:41.4697108Z [36;1m$GITHUB_ACTION_PATH/setup.sh -p \[0m
2026-10-02T11:58:41.4698187Z [36;1m  -n '3.47.1' \[0m
2026-10-02T11:58:41.4699049Z [36;1m  -f '' \[0m
2026-10-02T11:58:41.4699866Z [36;1m  -a 'X64' \[0m
2026-10-02T11:58:41.4700695Z [36;1m  -k '' \[0m
2026-10-02T11:58:41.4701504Z [36;1m  -c '' \[0m
2026-10-02T11:58:41.4702302Z [36;1m  -l '' \[0m
2026-10-02T11:58:41.4703447Z [36;1m  -d 'default' \[0m
2026-10-02T11:58:41.4704559Z [36;1m  -g 'https://github.com/flutter/flutter.git' \[0m
2026-10-02T11:58:41.4705751Z [36;1m  stable[0m
2026-10-02T11:58:41.4777602Z shell: /usr/bin/bash --noprofile --norc -e -o pipefail {0}
2026-10-02T11:58:41.4778857Z env:
2026-10-02T11:58:41.4779965Z   JAVA_HOME: /opt/hostedtoolcache/Java_Temurin-Hotspot_jdk/17.0.20-1/x64
2026-10-02T11:58:41.4781741Z   JAVA_HOME_17_X64: /opt/hostedtoolcache/Java_Temurin-Hotspot_jdk/17.0.20-1/x64
2026-10-02T11:58:41.4783427Z ##[endgroup]
2026-10-02T11:58:41.6658121Z ##[end-action id=__subosito_flutter-action.flutter-action;outcome=success;conclusion=success;duration_ms=208]
2026-10-02T11:58:41.6667861Z ##[start-action display=Cache Flutter;id=__subosito_flutter-action.cache-flutter]
2026-10-02T11:58:41.6783713Z ##[group]Run actions/cache@v5
2026-10-02T11:58:41.6784678Z with:
2026-10-02T11:58:41.6785608Z   path: /opt/hostedtoolcache/flutter/stable-3.47.1-x64
2026-10-02T11:58:41.6787240Z   key: flutter-linux-stable-3.47.1-x64-6655482ec06e547f90abf8ae7590466f4415978d
2026-10-02T11:58:41.6788766Z   enableCrossOsArchive: false
2026-10-02T11:58:41.6789734Z   fail-on-cache-miss: false
2026-10-02T11:58:41.6790631Z   lookup-only: false
2026-10-02T11:58:41.6791462Z   save-always: false
2026-10-02T11:58:41.6792257Z env:
2026-10-02T11:58:41.6793678Z   JAVA_HOME: /opt/hostedtoolcache/Java_Temurin-Hotspot_jdk/17.0.20-1/x64
2026-10-02T11:58:41.6795481Z   JAVA_HOME_17_X64: /opt/hostedtoolcache/Java_Temurin-Hotspot_jdk/17.0.20-1/x64
2026-10-02T11:58:41.6796867Z ##[endgroup]
2026-10-02T11:58:42.0686101Z Cache hit for: flutter-linux-stable-3.47.1-x64-6655482ec06e547f90abf8ae7590466f4415978d
2026-10-02T11:58:43.3450396Z Received 0 of 1716963679 (0.0%), 0.0 MBs/sec
2026-10-02T11:58:44.3475017Z Received 125829120 of 1716963679 (7.3%), 60.0 MBs/sec
2026-10-02T11:58:45.3510904Z Received 264241152 of 1716963679 (15.4%), 83.9 MBs/sec
2026-10-02T11:58:46.3671862Z Received 402653184 of 1716963679 (23.5%), 95.5 MBs/sec
2026-10-02T11:58:47.3694236Z Received 536870912 of 1716963679 (31.3%), 101.9 MBs/sec
2026-10-02T11:58:48.3696125Z Received 713031680 of 1716963679 (41.5%), 112.9 MBs/sec
2026-10-02T11:58:49.3696973Z Received 847249408 of 1716963679 (49.3%), 115.0 MBs/sec
2026-10-02T11:58:50.3714464Z Received 981467136 of 1716963679 (57.2%), 116.6 MBs/sec
2026-10-02T11:58:51.3703256Z Received 1124073472 of 1716963679 (65.5%), 118.8 MBs/sec
2026-10-02T11:58:52.3704815Z Received 1203765248 of 1716963679 (70.1%), 114.5 MBs/sec
2026-10-02T11:58:53.3711996Z Received 1321205760 of 1716963679 (77.0%), 114.3 MBs/sec
2026-10-02T11:58:54.3767895Z Received 1463812096 of 1716963679 (85.3%), 116.1 MBs/sec
2026-10-02T11:58:55.3724592Z Received 1577058304 of 1716963679 (91.9%), 115.4 MBs/sec
2026-10-02T11:58:56.3724862Z Received 1698693120 of 1716963679 (98.9%), 115.5 MBs/sec
2026-10-02T11:58:56.4901496Z Received 1716963679 of 1716963679 (100.0%), 115.8 MBs/sec
2026-10-02T11:58:56.4902473Z Cache Size: ~1637 MB (1716963679 B)
2026-10-02T11:58:56.4954423Z [command]/usr/bin/tar -xf /home/runner/work/_temp/c13c228f-0ea7-4ca4-932b-fa01c52fd0c2/cache.tzst -P -C /home/runner/work/mine-flow-app/mine-flow-app --use-compress-program unzstd
2026-10-02T11:59:01.5053698Z Cache restored successfully
2026-10-02T11:59:01.9867896Z Cache restored from key: flutter-linux-stable-3.47.1-x64-6655482ec06e547f90abf8ae7590466f4415978d
2026-10-02T11:59:02.0013833Z ##[end-action id=__subosito_flutter-action.cache-flutter;outcome=success;conclusion=success;duration_ms=20334]
2026-10-02T11:59:02.0017449Z ##[start-action display=Cache pub dependencies;id=__subosito_flutter-action.cache-pub]
2026-10-02T11:59:02.1526235Z ##[group]Run actions/cache@v5
2026-10-02T11:59:02.1526539Z with:
2026-10-02T11:59:02.1526784Z   path: /home/runner/.pub-cache
2026-10-02T11:59:02.1527532Z   key: flutter-pub-linux-stable-3.47.1-x64-6655482ec06e547f90abf8ae7590466f4415978d-c5fe80d08f701765b417edc9a4b8223eb99e67c5bd0cc127d976fb2de22878ce
2026-10-02T11:59:02.1528312Z   enableCrossOsArchive: false
2026-10-02T11:59:02.1528597Z   fail-on-cache-miss: false
2026-10-02T11:59:02.1528859Z   lookup-only: false
2026-10-02T11:59:02.1529103Z   save-always: false
2026-10-02T11:59:02.1529337Z env:
2026-10-02T11:59:02.1529741Z   JAVA_HOME: /opt/hostedtoolcache/Java_Temurin-Hotspot_jdk/17.0.20-1/x64
2026-10-02T11:59:02.1530267Z   JAVA_HOME_17_X64: /opt/hostedtoolcache/Java_Temurin-Hotspot_jdk/17.0.20-1/x64
2026-10-02T11:59:02.1530690Z ##[endgroup]
2026-10-02T11:59:02.5321231Z Cache hit for: flutter-pub-linux-stable-3.47.1-x64-6655482ec06e547f90abf8ae7590466f4415978d-c5fe80d08f701765b417edc9a4b8223eb99e67c5bd0cc127d976fb2de22878ce
2026-10-02T11:59:03.8095045Z Received 0 of 130983630 (0.0%), 0.0 MBs/sec
2026-10-02T11:59:04.8084725Z Received 126789326 of 130983630 (96.8%), 60.4 MBs/sec
2026-10-02T11:59:04.8947243Z Received 130983630 of 130983630 (100.0%), 59.8 MBs/sec
2026-10-02T11:59:04.8948009Z Cache Size: ~125 MB (130983630 B)
2026-10-02T11:59:04.8978757Z [command]/usr/bin/tar -xf /home/runner/work/_temp/a50b8ed6-2ae2-441e-9f36-aeb25df43120/cache.tzst -P -C /home/runner/work/mine-flow-app/mine-flow-app --use-compress-program unzstd
2026-10-02T11:59:07.0187340Z Cache restored successfully
2026-10-02T11:59:07.0326573Z Cache restored from key: flutter-pub-linux-stable-3.47.1-x64-6655482ec06e547f90abf8ae7590466f4415978d-c5fe80d08f701765b417edc9a4b8223eb99e67c5bd0cc127d976fb2de22878ce
2026-10-02T11:59:07.0419592Z ##[end-action id=__subosito_flutter-action.cache-pub;outcome=success;conclusion=success;duration_ms=5040]
2026-10-02T11:59:07.0422397Z ##[start-action display=Run setup script;id=__subosito_flutter-action.__run_3]
2026-10-02T11:59:07.0462833Z ##[group]Run $GITHUB_ACTION_PATH/setup.sh \
2026-10-02T11:59:07.0463614Z [36;1m$GITHUB_ACTION_PATH/setup.sh \[0m
2026-10-02T11:59:07.0463938Z [36;1m  -n '3.47.1' \[0m
2026-10-02T11:59:07.0464205Z [36;1m  -a 'x64' \[0m
2026-10-02T11:59:07.0464544Z [36;1m  -c '/opt/hostedtoolcache/flutter/stable-3.47.1-x64' \[0m
2026-10-02T11:59:07.0464964Z [36;1m  -d '/home/runner/.pub-cache' \[0m
2026-10-02T11:59:07.0465282Z [36;1m  stable[0m
2026-10-02T11:59:07.0528679Z shell: /usr/bin/bash --noprofile --norc -e -o pipefail {0}
2026-10-02T11:59:07.0529059Z env:
2026-10-02T11:59:07.0529401Z   JAVA_HOME: /opt/hostedtoolcache/Java_Temurin-Hotspot_jdk/17.0.20-1/x64
2026-10-02T11:59:07.0529963Z   JAVA_HOME_17_X64: /opt/hostedtoolcache/Java_Temurin-Hotspot_jdk/17.0.20-1/x64
2026-10-02T11:59:07.0530400Z ##[endgroup]
2026-10-02T11:59:07.2158266Z ##[end-action id=__subosito_flutter-action.__run_3;outcome=success;conclusion=success;duration_ms=173]
2026-10-02T11:59:07.2219199Z ##[group]Run flutter pub get
2026-10-02T11:59:07.2219548Z [36;1mflutter pub get[0m
2026-10-02T11:59:07.2284482Z shell: /usr/bin/bash -e {0}
2026-10-02T11:59:07.2284779Z env:
2026-10-02T11:59:07.2285147Z   JAVA_HOME: /opt/hostedtoolcache/Java_Temurin-Hotspot_jdk/17.0.20-1/x64
2026-10-02T11:59:07.2285700Z   JAVA_HOME_17_X64: /opt/hostedtoolcache/Java_Temurin-Hotspot_jdk/17.0.20-1/x64
2026-10-02T11:59:07.2286244Z   FLUTTER_ROOT: /opt/hostedtoolcache/flutter/stable-3.47.1-x64/flutter
2026-10-02T11:59:07.2286658Z   PUB_CACHE: /home/runner/.pub-cache
2026-10-02T11:59:07.2286954Z ##[endgroup]
2026-10-02T11:59:07.4771332Z Resolving dependencies...
2026-10-02T11:59:08.6248171Z Downloading packages...
2026-10-02T11:59:08.6348352Z   _fe_analyzer_shared 103.0.0 (108.0.0 available)
2026-10-02T11:59:08.6349149Z   analyzer 13.3.0 (14.4.0 available)
2026-10-02T11:59:08.6350317Z   android_file_picker 1.1.1 (2.0.0 available)
2026-10-02T11:59:08.6351027Z   archive 4.0.9 (4.3.0 available)
2026-10-02T11:59:08.6351699Z   battery_plus 7.1.1 (7.1.2 available)
2026-10-02T11:59:08.6352312Z   build 4.0.10 (4.0.11 available)
2026-10-02T11:59:08.6353199Z   build_config 1.3.2 (1.3.3 available)
2026-10-02T11:59:08.6353837Z   build_daemon 4.1.5 (4.1.6 available)
2026-10-02T11:59:08.6354466Z   built_collection 5.1.1 (5.1.2 available)
2026-10-02T11:59:08.6355102Z   built_value 8.12.7 (8.13.0 available)
2026-10-02T11:59:08.6355721Z   clock 1.1.2 (1.1.3 available)
2026-10-02T11:59:08.6356312Z   code_assets 2.0.0 (2.1.0 available)
2026-10-02T11:59:08.6356816Z   connectivity_plus 7.3.1 (7.3.2 available)
2026-10-02T11:59:08.6357174Z   cross_file 0.3.5+5 (0.4.0 available)
2026-10-02T11:59:08.6357510Z   cupertino_ui 1.0.1 (1.1.1 available)
2026-10-02T11:59:08.6357858Z   dbus 0.7.15 (0.8.0 available)
2026-10-02T11:59:08.6358163Z   equatable 2.1.0 (3.0.0 available)
2026-10-02T11:59:08.6358491Z   file_picker 12.2.0 (13.1.0 available)
2026-10-02T11:59:08.6358885Z   file_picker_darwin 1.1.0 (2.1.2 available)
2026-10-02T11:59:08.6359263Z   file_picker_linux 1.1.0 (2.0.1 available)
2026-10-02T11:59:08.6359992Z   file_picker_platform_interface 3.3.0 (4.0.0 available)
2026-10-02T11:59:08.6360607Z   file_picker_web 3.1.0 (4.0.0 available)
2026-10-02T11:59:08.6360991Z   flutter_secure_storage 11.1.0 (11.2.0 available)
2026-10-02T11:59:08.6361414Z   flutter_secure_storage_darwin 0.4.0 (0.4.3 available)
2026-10-02T11:59:08.6361848Z   flutter_secure_storage_linux 3.0.2 (3.0.3 available)
2026-10-02T11:59:08.6362317Z   flutter_secure_storage_platform_interface 2.1.0 (2.1.1 available)
2026-10-02T11:59:08.6362757Z   forui 0.26.0 (0.27.3 available)
2026-10-02T11:59:08.6363311Z   forui_lucide 0.26.1 (0.27.0 available)
2026-10-02T11:59:08.6363644Z   glob 2.1.3 (2.2.0 available)
2026-10-02T11:59:08.6363942Z   go_router 18.0.1 (18.0.2 available)
2026-10-02T11:59:08.6364282Z   googleapis_auth 2.3.3 (2.3.4 available)
2026-10-02T11:59:08.6364634Z   hive_ce 2.19.3 (2.20.1 available)
2026-10-02T11:59:08.6364955Z   hive_ce_flutter 2.3.4 (2.4.0 available)
2026-10-02T11:59:08.6365286Z   image 4.9.2 (4.10.1 available)
2026-10-02T11:59:08.6365633Z   image_picker_android 0.8.13+21 (0.8.13+23 available)
2026-10-02T11:59:08.6366031Z   image_picker_ios 0.8.13+7 (0.8.13+9 available)
2026-10-02T11:59:08.6366389Z   io 1.0.5 (1.1.0 available)
2026-10-02T11:59:08.6366674Z   jni 1.0.3 (1.1.0 available)
2026-10-02T11:59:08.6366976Z   jni_flutter 1.0.2 (1.0.3 available)
2026-10-02T11:59:08.6367308Z   lucide_icons_flutter 3.1.19 (3.1.21 available)
2026-10-02T11:59:08.6367659Z   material_color_utilities 0.13.0 (0.13.1 available)
2026-10-02T11:59:08.6367986Z   material_ui 1.1.0 (1.5.0 available)
2026-10-02T11:59:08.6368278Z   mime 2.0.0 (2.1.0 available)
2026-10-02T11:59:08.6368554Z   nm 0.5.0 (0.6.0 available)
2026-10-02T11:59:08.6368822Z   objective_c 9.6.0 (9.6.2 available)
2026-10-02T11:59:08.6369121Z   package_config 2.2.0 (3.0.0 available)
2026-10-02T11:59:08.6369461Z   package_info_plus 10.2.1 (10.2.2 available)
2026-10-02T11:59:08.6370116Z   passkeys_platform_interface 2.9.0 (2.10.0 available)
2026-10-02T11:59:08.6370479Z   pdf 3.13.0 (3.13.1 available)
2026-10-02T11:59:08.6370775Z   petitparser 7.0.2 (7.1.0 available)
2026-10-02T11:59:08.6371076Z   platform 3.1.6 (3.2.0 available)
2026-10-02T11:59:08.6371364Z   pool 1.5.2 (1.5.3 available)
2026-10-02T11:59:08.6371633Z   printing 5.15.0 (5.15.1 available)
2026-10-02T11:59:08.6371931Z   process 5.0.5 (5.0.6 available)
2026-10-02T11:59:08.6372209Z   pub_semver 2.2.0 (2.2.1 available)
2026-10-02T11:59:08.6372499Z   pubspec_parse 1.5.0 (1.6.0 available)
2026-10-02T11:59:08.6372785Z   qr 3.0.2 (4.0.0 available)
2026-10-02T11:59:08.6373298Z   stack_trace 1.12.1 (1.12.2 available)
2026-10-02T11:59:08.6373600Z   storage_client 2.8.0 (2.8.1 available)
2026-10-02T11:59:08.6373913Z   stream_transform 2.1.1 (2.1.2 available)
2026-10-02T11:59:08.6374221Z   supabase 2.16.1 (2.16.2 available)
2026-10-02T11:59:08.6374681Z   supabase_flutter 2.17.2 (2.18.0 available)
2026-10-02T11:59:08.6374985Z   test 1.31.1 (1.32.0 available)
2026-10-02T11:59:08.6375265Z   test_api 0.7.12 (0.7.14 available)
2026-10-02T11:59:08.6375673Z   test_core 0.6.18 (0.6.20 available)
2026-10-02T11:59:08.6375994Z   vector_math 2.4.2 (2.4.3 available)
2026-10-02T11:59:08.6376278Z   webdriver 3.1.0 (3.2.0 available)
2026-10-02T11:59:08.6376574Z   windows_file_picker 1.2.0 (2.0.0 available)
2026-10-02T11:59:08.6376885Z   xml 7.0.1 (7.1.0 available)
2026-10-02T11:59:08.6377150Z   yaml 3.1.3 (3.1.4 available)
2026-10-02T11:59:08.6377418Z Got dependencies!
2026-10-02T11:59:08.6377778Z 70 packages have newer versions incompatible with dependency constraints.
2026-10-02T11:59:08.6378233Z Try `flutter pub outdated` for more information.
2026-10-02T11:59:09.4149765Z ##[group]Run echo 'KERNEL=="kvm", GROUP="kvm", MODE="0666", OPTIONS+="static_node=kvm"' | sudo tee /etc/udev/rules.d/99-kvm4all.rules
2026-10-02T11:59:09.4151078Z [36;1mecho 'KERNEL=="kvm", GROUP="kvm", MODE="0666", OPTIONS+="static_node=kvm"' | sudo tee /etc/udev/rules.d/99-kvm4all.rules[0m
2026-10-02T11:59:09.4151729Z [36;1msudo udevadm control --reload-rules[0m
2026-10-02T11:59:09.4152077Z [36;1msudo udevadm trigger --name-match=kvm[0m
2026-10-02T11:59:09.4214987Z shell: /usr/bin/bash -e {0}
2026-10-02T11:59:09.4215269Z env:
2026-10-02T11:59:09.4215607Z   JAVA_HOME: /opt/hostedtoolcache/Java_Temurin-Hotspot_jdk/17.0.20-1/x64
2026-10-02T11:59:09.4216154Z   JAVA_HOME_17_X64: /opt/hostedtoolcache/Java_Temurin-Hotspot_jdk/17.0.20-1/x64
2026-10-02T11:59:09.4216705Z   FLUTTER_ROOT: /opt/hostedtoolcache/flutter/stable-3.47.1-x64/flutter
2026-10-02T11:59:09.4217122Z   PUB_CACHE: /home/runner/.pub-cache
2026-10-02T11:59:09.4217408Z ##[endgroup]
2026-10-02T11:59:09.4375133Z KERNEL=="kvm", GROUP="kvm", MODE="0666", OPTIONS+="static_node=kvm"
2026-10-02T11:59:09.4774458Z ##[group]Run reactivecircus/android-emulator-runner@v2
2026-10-02T11:59:09.4774844Z with:
2026-10-02T11:59:09.4775083Z   api-level: 33
2026-10-02T11:59:09.4775321Z   target: google_apis
2026-10-02T11:59:09.4775566Z   arch: x86_64
2026-10-02T11:59:09.4775798Z   profile: pixel_6a
2026-10-02T11:59:09.4776250Z   emulator-options: -no-window -gpu swiftshader_indirect -no-snapshot -noaudio -no-boot-anim
2026-10-02T11:59:09.4776755Z   disable-animations: true
2026-10-02T11:59:09.4777057Z   emulator-boot-timeout: 1200
2026-10-02T11:59:09.4785624Z   script: flutter test integration_test/app_boots_test.dart integration_test/journeys/ -d "$ANDROID_SERIAL" --dart-define=SUPABASE_URL=*** --dart-define=SUPABASE_ANON_KEY=*** --dart-define=TEST_USER_EMAIL=*** --dart-define=TEST_USER_PASSWORD=*** --dart-define=TEST_SUPERVISOR_EMAIL=*** --dart-define=TEST_SUPERVISOR_PASSWORD=*** --dart-define=TEST_FOREMAN_EMAIL=*** --dart-define=TEST_FOREMAN_PASSWORD=*** --dart-define=TEST_CREW_EMAIL= --dart-define=TEST_CREW_PASSWORD= --dart-define=APP_ENV=staging > integration_test.log 2>&1; status=$?; cat integration_test.log; dart run tool/ci/check_e2e_executed.dart --platform=android --log=integration_test.log; guard=$?; SCREENSHOT_DESTINATION_DIR=screenshots flutter drive --driver=test_driver/integration_test.dart --target=integration_test/design_review_capture_test.dart -d "$ANDROID_SERIAL" --dart-define=SUPABASE_URL=*** --dart-define=SUPABASE_ANON_KEY=*** --dart-define=TEST_USER_EMAIL=*** --dart-define=TEST_USER_PASSWORD=*** --dart-define=TEST_SUPERVISOR_EMAIL=*** --dart-define=TEST_SUPERVISOR_PASSWORD=*** --dart-define=TEST_FOREMAN_EMAIL=*** --dart-define=TEST_FOREMAN_PASSWORD=*** --dart-define=TEST_CREW_EMAIL= --dart-define=TEST_CREW_PASSWORD= --dart-define=APP_ENV=staging > capture.log 2>&1; cap=$?; cat capture.log; if [ $guard -ne 0 ]; then exit $guard; fi; if [ $cap -ne 0 ]; then exit $cap; fi; exit $status

2026-10-02T11:59:09.4790558Z   cores: 2
2026-10-02T11:59:09.4790778Z   avd-name: test
2026-10-02T11:59:09.4791029Z   force-avd-creation: true
2026-10-02T11:59:09.4791305Z   emulator-port: 5554
2026-10-02T11:59:09.4791565Z   disable-spellchecker: false
2026-10-02T11:59:09.4792048Z   disable-linux-hw-accel: auto
2026-10-02T11:59:09.4792330Z   enable-hw-keyboard: false
2026-10-02T11:59:09.4792594Z   channel: stable
2026-10-02T11:59:09.4792817Z env:
2026-10-02T11:59:09.4793578Z   JAVA_HOME: /opt/hostedtoolcache/Java_Temurin-Hotspot_jdk/17.0.20-1/x64
2026-10-02T11:59:09.4794198Z   JAVA_HOME_17_X64: /opt/hostedtoolcache/Java_Temurin-Hotspot_jdk/17.0.20-1/x64
2026-10-02T11:59:09.4794726Z   FLUTTER_ROOT: /opt/hostedtoolcache/flutter/stable-3.47.1-x64/flutter
2026-10-02T11:59:09.4795131Z   PUB_CACHE: /home/runner/.pub-cache
2026-10-02T11:59:09.4795420Z ##[endgroup]
2026-10-02T11:59:09.5370708Z ##[group]Configure emulator
2026-10-02T11:59:09.5372736Z API level: 33
2026-10-02T11:59:09.5373361Z System image API level: 33
2026-10-02T11:59:09.5374173Z target: google_apis
2026-10-02T11:59:09.5374924Z CPU architecture: x86_64
2026-10-02T11:59:09.5375382Z Hardware profile: pixel_6a
2026-10-02T11:59:09.5376038Z Cores: 2
2026-10-02T11:59:09.5376521Z RAM size: 
2026-10-02T11:59:09.5377117Z Heap size: 
2026-10-02T11:59:09.5378096Z SD card path or size: 
2026-10-02T11:59:09.5379305Z Disk size: 
2026-10-02T11:59:09.5379708Z AVD name: test
2026-10-02T11:59:09.5380634Z force avd creation: true
2026-10-02T11:59:09.5381135Z Emulator boot timeout: 1200
2026-10-02T11:59:09.5381822Z emulator port: 5554
2026-10-02T11:59:09.5382295Z emulator options: -no-window -gpu swiftshader_indirect -no-snapshot -noaudio -no-boot-anim
2026-10-02T11:59:09.5382801Z disable animations: true
2026-10-02T11:59:09.5383344Z disable spellchecker: false
2026-10-02T11:59:09.5384121Z disable Linux hardware acceleration: false
2026-10-02T11:59:09.5384676Z enable hardware keyboard: false
2026-10-02T11:59:09.5385560Z Channel: 0 (stable)
2026-10-02T11:59:09.5387279Z Script:
2026-10-02T11:59:09.5396324Z flutter test integration_test/app_boots_test.dart integration_test/journeys/ -d "$ANDROID_SERIAL" --dart-define=SUPABASE_URL=*** --dart-define=SUPABASE_ANON_KEY=*** --dart-define=TEST_USER_EMAIL=*** --dart-define=TEST_USER_PASSWORD=*** --dart-define=TEST_SUPERVISOR_EMAIL=*** --dart-define=TEST_SUPERVISOR_PASSWORD=*** --dart-define=TEST_FOREMAN_EMAIL=*** --dart-define=TEST_FOREMAN_PASSWORD=*** --dart-define=TEST_CREW_EMAIL= --dart-define=TEST_CREW_PASSWORD= --dart-define=APP_ENV=staging > integration_test.log 2>&1; status=$?; cat integration_test.log; dart run tool/ci/check_e2e_executed.dart --platform=android --log=integration_test.log; guard=$?; SCREENSHOT_DESTINATION_DIR=screenshots flutter drive --driver=test_driver/integration_test.dart --target=integration_test/design_review_capture_test.dart -d "$ANDROID_SERIAL" --dart-define=SUPABASE_URL=*** --dart-define=SUPABASE_ANON_KEY=*** --dart-define=TEST_USER_EMAIL=*** --dart-define=TEST_USER_PASSWORD=*** --dart-define=TEST_SUPERVISOR_EMAIL=*** --dart-define=TEST_SUPERVISOR_PASSWORD=*** --dart-define=TEST_FOREMAN_EMAIL=*** --dart-define=TEST_FOREMAN_PASSWORD=*** --dart-define=TEST_CREW_EMAIL= --dart-define=TEST_CREW_PASSWORD= --dart-define=APP_ENV=staging > capture.log 2>&1; cap=$?; cat capture.log; if [ $guard -ne 0 ]; then exit $guard; fi; if [ $cap -ne 0 ]; then exit $cap; fi; exit $status
2026-10-02T11:59:09.5401411Z Pre emulator launch script:
2026-10-02T11:59:09.5401921Z ##[endgroup]
2026-10-02T11:59:09.5402325Z ##[group]Install Android SDK
2026-10-02T11:59:09.5463481Z [command]/usr/bin/sh -c \yes | sdkmanager --licenses > /dev/null
2026-10-02T11:59:14.5060817Z Installing latest build tools, platform tools, and platform.
2026-10-02T11:59:14.5079254Z [command]/usr/bin/sh -c \sdkmanager --install 'build-tools;37.0.0' platform-tools 'platforms;android-33'> /dev/null
2026-10-02T11:59:20.4140394Z Installing latest emulator.
2026-10-02T11:59:20.4156388Z [command]/usr/bin/sh -c \sdkmanager --install emulator --channel=0 > /dev/null
2026-10-02T11:59:29.5904614Z Installing system images.
2026-10-02T11:59:29.5919737Z [command]/usr/bin/sh -c \sdkmanager --install 'system-images;android-33;google_apis;x86_64' --channel=0 > /dev/null
2026-10-02T12:00:15.5885625Z ##[endgroup]
2026-10-02T12:00:15.5888491Z ##[group]Create AVD
2026-10-02T12:00:15.5888873Z Creating AVD.
2026-10-02T12:00:15.5917905Z [command]/usr/bin/sh -c \echo no | avdmanager create avd --force -n test --package 'system-images;android-33;google_apis;x86_64' --device 'pixel_6a'
2026-10-02T12:00:16.4196590Z Loading local repository...                                                     
2026-10-02T12:00:16.4197402Z [=========                              ] 25% Loading local repository...       
2026-10-02T12:00:16.4198198Z [=========                              ] 25% Fetch remote repository...        
2026-10-02T12:00:16.4200107Z [=======================================] 100% Fetch remote repository...       
2026-10-02T12:00:16.5036346Z Auto-selecting single ABI x86_64
2026-10-02T12:00:16.9704038Z [command]/usr/bin/sh -c \printf 'hw.cpu.ncore=2\n' >> /home/runner/.android/avd/test.avd/config.ini
2026-10-02T12:00:16.9729141Z ##[endgroup]
2026-10-02T12:00:16.9731063Z ##[group]Launch Emulator
2026-10-02T12:00:16.9731601Z Starting emulator.
2026-10-02T12:00:16.9756380Z [command]/usr/bin/sh -c \/usr/local/lib/android/sdk/emulator/emulator -port 5554 -avd test -no-window -gpu swiftshader_indirect -no-snapshot -noaudio -no-boot-anim &
2026-10-02T12:00:16.9873398Z INFO         | Android emulator version 37.2.12.0 (build_id 16428233) (CL:N/A)
2026-10-02T12:00:16.9874327Z INFO         | Graphics backend: gfxstream
2026-10-02T12:00:16.9874960Z INFO         | Found systemPath /usr/local/lib/android/sdk/system-images/android-33/google_apis/x86_64/
2026-10-02T12:00:17.0318394Z INFO         | Saving last run QEMU version for the AVD to 2
2026-10-02T12:00:17.0318965Z INFO         | Increasing RAM size to 2048MB
2026-10-02T12:00:17.0319534Z ##############################################################################
2026-10-02T12:00:17.0320778Z ##                        WARNING - ACTION REQUIRED                         ##
2026-10-02T12:00:17.0321373Z ##  Consider using the '-metrics-collection' flag to help improve the       ##
2026-10-02T12:00:17.0321959Z ##  emulator by sending anonymized usage data. Or use the '-no-metrics'     ##
2026-10-02T12:00:17.0322496Z ##  flag to bypass this warning and turn off the metrics collection.        ##
2026-10-02T12:00:17.0323363Z ##  In a future release this warning will turn into a one-time blocking     ##
2026-10-02T12:00:17.0323917Z ##  prompt to ask for explicit user input regarding metrics collection.     ##
2026-10-02T12:00:17.0324360Z ##                                                                          ##
2026-10-02T12:00:17.0324810Z ##  Please see '-help-metrics-collection' for more details. You can use     ##
2026-10-02T12:00:17.0325347Z ##  '-metrics-to-file' or '-metrics-to-console' flags to see what type of   ##
2026-10-02T12:00:17.0325878Z ##  data is being collected by emulator as part of usage statistics.        ##
2026-10-02T12:00:17.0326343Z ##############################################################################
2026-10-02T12:00:17.0326717Z INFO         | Guest GLES Driver: Auto (ext controls)
2026-10-02T12:00:17.0327265Z INFO         | emuglConfig_init: vulkan_mode_selected:swiftshader gles_mode_selected:swiftshader
2026-10-02T12:00:17.0327825Z INFO         | Checking system compatibility:
2026-10-02T12:00:17.0328222Z INFO         |   Checking: hasSufficientDiskSpace
2026-10-02T12:00:17.0328643Z INFO         |      Ok: Disk space requirements to run avd: `test` are met
2026-10-02T12:00:17.0329055Z INFO         |   Checking: hasSufficientHwGpu
2026-10-02T12:00:17.0329456Z INFO         |      Ok: Hardware GPU compatibility checks are not required
2026-10-02T12:00:17.0329890Z INFO         |   Checking: hasSufficientSystem
2026-10-02T12:00:17.0330280Z INFO         |      Ok: System requirements to run avd: `test` are met
2026-10-02T12:00:17.0331158Z WARNING      | Feature QuickbootFileBacked is disabled due to stability issues, if you really want that, the environment variable ANDROID_EMU_FORCE_QUICKBOOT_FILE_BACKED need to set to 1
2026-10-02T12:00:17.5564170Z ERROR        | Unable to connect to adb daemon on port: 5037
2026-10-02T12:00:17.5570721Z INFO         | Storing crashdata in: /tmp/android-runner/emu-crash-37.2.12.db, detection is enabled for process: 2996
2026-10-02T12:00:17.5571596Z INFO         | Initializing gfxstream backend
2026-10-02T12:00:17.5580071Z INFO         | startOpenglesRendererImpl: gpu info
2026-10-02T12:00:17.5580828Z INFO         | 
2026-10-02T12:00:17.5584106Z INFO         | initIcdPaths: ICD set to 'swiftshader', using Swiftshader ICD
2026-10-02T12:00:17.5585335Z INFO         | Setting ICD filenames for the loader = /usr/local/lib/android/sdk/emulator/lib64/vulkan/vk_swiftshader_icd.json
2026-10-02T12:00:17.5586314Z INFO         | SharedLibrary::open for [/usr/local/lib/android/sdk/emulator/qemu/linux-x86_64/lib64/vulkan/libvulkan.so]
2026-10-02T12:00:17.5587264Z INFO         | SharedLibrary::open for [/usr/local/lib/android/sdk/emulator/qemu/linux-x86_64/lib64/vulkan/libvulkan.so.1]
2026-10-02T12:00:17.5588519Z INFO         | SharedLibrary::open for [/usr/local/lib/android/sdk/emulator/lib64/vulkan/libvulkan.so]
2026-10-02T12:00:17.5589255Z INFO         | Added library: /usr/local/lib/android/sdk/emulator/lib64/vulkan/libvulkan.so
2026-10-02T12:00:17.5650206Z INFO         | Selecting Vulkan device: SwiftShader Device (Subzero), Version: 1.3.0
2026-10-02T12:00:17.5651153Z INFO         | Using Vulkan externalMemoryMode: OpaqueFd for VkEmulation
2026-10-02T12:00:17.5785039Z INFO         | Format VK_FORMAT_G10X6_B10X6R10X6_2PLANE_422_UNORM_3PACK16 does not support YCbCr sampler conversion
2026-10-02T12:00:17.5815436Z INFO         | SharedLibrary::open for [libX11]
2026-10-02T12:00:17.5819627Z WARNING      | Could not open libX11.so, try libX11.so.6
2026-10-02T12:00:17.5820201Z INFO         | SharedLibrary::open for [libX11.so.6]
2026-10-02T12:00:17.5820581Z INFO         | SharedLibrary::open for [libX11-xcb]
2026-10-02T12:00:17.5821422Z WARNING      | Could not open libX11-xcb.so, try libX11-xcb.so.1
2026-10-02T12:00:17.5822204Z INFO         | SharedLibrary::open for [libX11-xcb.so.1]
2026-10-02T12:00:17.5873379Z INFO         | Initializing VkEmulation features:
2026-10-02T12:00:17.5876091Z INFO         |     glInteropSupported: false
2026-10-02T12:00:17.5876714Z INFO         |     useDeferredCommands: true
2026-10-02T12:00:17.5877339Z INFO         |     createResourceWithRequirements: true
2026-10-02T12:00:17.5877999Z INFO         |     useVulkanComposition: false
2026-10-02T12:00:17.5878666Z INFO         |     useVulkanNativeSwapchain: false
2026-10-02T12:00:17.5879326Z INFO         |     enable guestRenderDoc: false
2026-10-02T12:00:17.5880708Z INFO         |     ASTC LDR emulation mode: Gpu
2026-10-02T12:00:17.5881163Z INFO         |     enable ETC2 emulation: true
2026-10-02T12:00:17.5881512Z INFO         |     enable Ycbcr emulation: false
2026-10-02T12:00:17.5881861Z INFO         |     guestVulkanOnly: false
2026-10-02T12:00:17.5882225Z INFO         |     useDedicatedAllocations: false
2026-10-02T12:00:17.5882585Z INFO         |     guestVulkanMaxApiVersion: 1.3.0
2026-10-02T12:00:17.5883322Z INFO         |     enableProtectedMemoryEmulation: false
2026-10-02T12:00:17.5883854Z INFO         | Graphics Adapter Vendor Google (Google Inc.)
2026-10-02T12:00:17.5884375Z INFO         | Graphics Adapter Android Emulator OpenGL ES Translator (Google SwiftShader)
2026-10-02T12:00:17.5884960Z INFO         | Graphics API Version OpenGL ES 3.0 (OpenGL ES 3.0 SwiftShader 4.0.0.1)
2026-10-02T12:00:17.5887195Z INFO         | Graphics API Extensions GL_OES_EGL_sync GL_OES_EGL_image GL_OES_EGL_image_external GL_OES_depth24 GL_OES_depth32 GL_OES_element_index_uint GL_OES_texture_float GL_OES_texture_float_linear GL_OES_compressed_paletted_texture GL_OES_compressed_ETC1_RGB8_texture GL_OES_depth_texture GL_OES_texture_half_float GL_OES_texture_half_float_linear GL_OES_packed_depth_stencil GL_OES_vertex_half_float GL_OES_standard_derivatives GL_OES_texture_npot GL_OES_rgb8_rgba8 GL_EXT_color_buffer_float GL_EXT_color_buffer_half_float GL_EXT_texture_format_BGRA8888 GL_APPLE_texture_format_BGRA8888 
2026-10-02T12:00:17.5889736Z INFO         | Graphics Device Extensions N/A
2026-10-02T12:00:17.5890114Z INFO         | Disabling sparse binding feature support
2026-10-02T12:00:17.5960302Z INFO         | Sending adb public key [QAAAANXAuOWDhzGsWqFrVSoa51YHUWyFJqn1qC+wosPQ8UDonmcZQAga+D4YmZH6nRqXUePdqWWQ59QfeY2pOAgRKyyIaXzKZtaFm6d7TUfPuQLMoW34oaeWfSKb6DLXc+cTQPjQxKxwiwXFxYsbKxLDJzQCFH9qVt7E8r/30u7KK4ak/x6sHyDz8/3NJ1yKarTNOt8wWa2e4Y2IY3VRRBMmTQN4xgg/n/lYbZ9YmKRov451fLUH0wEe/GKvOpVoLckqZpv5fs+pfKiHQLHIagRfI+6Mo+JZxIZmbVf0++JeWOFibWhnj7Si9Kyo6lKzYlIYfFRowm5qVZ/LJBFHSYcsMa04IRPfwLSHy6VcRJ1f9s2pM+RuGsq1af0Jvg+2OuzeUp3/V2esrqgkazkXXb+NtTOI+W47eJ3IMGcrIf9h9hlN3+7o8PbuDzGxsw/g8c/6vRM9K4imhMToaxgaFI8xkk3ETqj1ovw8U6LJ4J1ZKgcFkrBpHNNlIWF0Pvf7j5aYSZnkvVNeLMxlHPgHAAA5xZUUznh1+rvrszKWKQXopZw1d+ND4s7bmLdiVR/TnGqHc4qjZfY2aNy0WyMVvpM6pjYJ0rJU6pyPAtntxCe7bRgH9wfHLuOpKnqRZFfGHgG4CEzLINyVK7/7wObR7HfVK1jLMyv8MBWgKSWoLeF92tst7nptYAEAAQA= runner@unknown]
2026-10-02T12:00:17.5966952Z INFO         | Userspace boot properties:
2026-10-02T12:00:17.5967894Z INFO         |   androidboot.boot_devices=pci0000:00/0000:00:03.0 pci0000:00/0000:00:06.0
2026-10-02T12:00:17.5968730Z INFO         |   androidboot.dalvik.vm.heapsize=512m
2026-10-02T12:00:17.5969178Z INFO         |   androidboot.debug.hwui.renderer=skiagl
2026-10-02T12:00:17.5969579Z INFO         |   androidboot.debug.sf.nobootanimation=1
2026-10-02T12:00:17.5969949Z INFO         |   androidboot.hardware=ranchu
2026-10-02T12:00:17.5970316Z INFO         |   androidboot.hardware.gltransport=pipe
2026-10-02T12:00:17.5970702Z INFO         |   androidboot.hardware.vulkan=ranchu
2026-10-02T12:00:17.5971040Z INFO         |   androidboot.logcat=*:V
2026-10-02T12:00:17.5971378Z INFO         |   androidboot.opengles.version=196608
2026-10-02T12:00:17.5971717Z INFO         |   androidboot.qemu=1
2026-10-02T12:00:17.5975674Z INFO         |   androidboot.qemu.adb.pubkey=QAAAANXAuOWDhzGsWqFrVSoa51YHUWyFJqn1qC+wosPQ8UDonmcZQAga+D4YmZH6nRqXUePdqWWQ59QfeY2pOAgRKyyIaXzKZtaFm6d7TUfPuQLMoW34oaeWfSKb6DLXc+cTQPjQxKxwiwXFxYsbKxLDJzQCFH9qVt7E8r/30u7KK4ak/x6sHyDz8/3NJ1yKarTNOt8wWa2e4Y2IY3VRRBMmTQN4xgg/n/lYbZ9YmKRov451fLUH0wEe/GKvOpVoLckqZpv5fs+pfKiHQLHIagRfI+6Mo+JZxIZmbVf0++JeWOFibWhnj7Si9Kyo6lKzYlIYfFRowm5qVZ/LJBFHSYcsMa04IRPfwLSHy6VcRJ1f9s2pM+RuGsq1af0Jvg+2OuzeUp3/V2esrqgkazkXXb+NtTOI+W47eJ3IMGcrIf9h9hlN3+7o8PbuDzGxsw/g8c/6vRM9K4imhMToaxgaFI8xkk3ETqj1ovw8U6LJ4J1ZKgcFkrBpHNNlIWF0Pvf7j5aYSZnkvVNeLMxlHPgHAAA5xZUUznh1+rvrszKWKQXopZw1d+ND4s7bmLdiVR/TnGqHc4qjZfY2aNy0WyMVvpM6pjYJ0rJU6pyPAtntxCe7bRgH9wfHLuOpKnqRZFfGHgG4CEzLINyVK7/7wObR7HfVK1jLMyv8MBWgKSWoLeF92tst7nptYAEAAQA= runner@unknown
2026-10-02T12:00:17.5979306Z INFO         |   androidboot.qemu.avd_name=test
2026-10-02T12:00:17.5979710Z INFO         |   androidboot.qemu.camera_hq_edge_processing=0
2026-10-02T12:00:17.5980115Z INFO         |   androidboot.qemu.camera_protocol_ver=1
2026-10-02T12:00:17.5980516Z INFO         |   androidboot.qemu.cpuvulkan.version=4202496
2026-10-02T12:00:17.5980947Z INFO         |   androidboot.qemu.gltransport.drawFlushInterval=800
2026-10-02T12:00:17.5981379Z INFO         |   androidboot.qemu.gltransport.name=pipe
2026-10-02T12:00:17.5981750Z INFO         |   androidboot.qemu.hwcodec.avcdec=2
2026-10-02T12:00:17.5982118Z INFO         |   androidboot.qemu.hwcodec.hevcdec=2
2026-10-02T12:00:17.5982507Z INFO         |   androidboot.qemu.hwcodec.vpxdec=2
2026-10-02T12:00:17.5983101Z INFO         |   androidboot.qemu.settings.system.screen_off_timeout=2147483647
2026-10-02T12:00:17.5983763Z INFO         |   androidboot.qemu.skin=1080x2400
2026-10-02T12:00:17.5984118Z INFO         |   androidboot.qemu.virtiowifi=1
2026-10-02T12:00:17.5984455Z INFO         |   androidboot.qemu.vsync=60
2026-10-02T12:00:17.5984805Z INFO         |   androidboot.serialno=EMULATOR37X2X12X0
2026-10-02T12:00:17.5985365Z INFO         |   androidboot.vbmeta.digest=cc2acf6c582b63336b71fe51ed136e1a7a577e9e868ae7ba916ef6b3965324e5
2026-10-02T12:00:17.5985919Z INFO         |   androidboot.vbmeta.hash_alg=sha256
2026-10-02T12:00:17.5986263Z INFO         |   androidboot.vbmeta.size=6592
2026-10-02T12:00:17.5986781Z INFO         |   androidboot.veritymode=enforcing
2026-10-02T12:00:17.6174787Z WARNING: cannnot unmap ptr 0x7f87ec401000 as it is in the protected range from 0x7f876c400000 to 0x7f87ec600000
2026-10-02T12:00:17.6368647Z INFO         | Monitoring duration of emulator setup.
2026-10-02T12:00:18.6403147Z INFO         | Activated packet streamer for bluetooth emulation
2026-10-02T12:00:18.6404011Z INFO         | Successfully initialized netsim WiFi
2026-10-02T12:00:18.6461070Z INFO         | Setting display: 0 configuration to: 1080x2400, dpi: 420x420 
2026-10-02T12:00:18.6461904Z INFO         | setDisplayActiveConfig: id:0, 1080x2400
2026-10-02T12:00:18.6462707Z INFO         | emulatorSetupEnvironment: Environment scene is not required
2026-10-02T12:00:18.6534694Z USER_INFO    | Emulator is performing a full startup. This may take upto two minutes, or more.
2026-10-02T12:00:18.6536184Z WARNING      | Failed to process .ini file /home/runner/.android/emu-update-last-check.ini for reading.
2026-10-02T12:00:18.7494382Z WARNING      | Failed to process .ini file /home/runner/.android/emu-update-last-check.ini for reading.
2026-10-02T12:00:26.9832108Z [command]/usr/local/lib/android/sdk/platform-tools/adb -s emulator-5554 shell getprop sys.boot_completed
2026-10-02T12:00:26.9867239Z * daemon not running; starting now at tcp:5037
2026-10-02T12:00:27.1028739Z * daemon started successfully
2026-10-02T12:00:27.1033901Z adb: device offline
2026-10-02T12:00:27.1040731Z The process '/usr/local/lib/android/sdk/platform-tools/adb' failed with exit code 1
2026-10-02T12:00:29.1084624Z [command]/usr/local/lib/android/sdk/platform-tools/adb -s emulator-5554 shell getprop sys.boot_completed
2026-10-02T12:00:29.1124987Z adb: device offline
2026-10-02T12:00:29.1130653Z The process '/usr/local/lib/android/sdk/platform-tools/adb' failed with exit code 1
2026-10-02T12:00:31.1180195Z [command]/usr/local/lib/android/sdk/platform-tools/adb -s emulator-5554 shell getprop sys.boot_completed
2026-10-02T12:00:31.2625382Z 
2026-10-02T12:00:33.2713688Z [command]/usr/local/lib/android/sdk/platform-tools/adb -s emulator-5554 shell getprop sys.boot_completed
2026-10-02T12:00:33.3096099Z 
2026-10-02T12:00:35.3176799Z [command]/usr/local/lib/android/sdk/platform-tools/adb -s emulator-5554 shell getprop sys.boot_completed
2026-10-02T12:00:35.3347521Z 
2026-10-02T12:00:37.3409165Z [command]/usr/local/lib/android/sdk/platform-tools/adb -s emulator-5554 shell getprop sys.boot_completed
2026-10-02T12:00:37.3679223Z 
2026-10-02T12:00:39.3757845Z [command]/usr/local/lib/android/sdk/platform-tools/adb -s emulator-5554 shell getprop sys.boot_completed
2026-10-02T12:00:39.3952232Z 
2026-10-02T12:00:41.4008687Z [command]/usr/local/lib/android/sdk/platform-tools/adb -s emulator-5554 shell getprop sys.boot_completed
2026-10-02T12:00:41.4267749Z 
2026-10-02T12:00:43.4323223Z [command]/usr/local/lib/android/sdk/platform-tools/adb -s emulator-5554 shell getprop sys.boot_completed
2026-10-02T12:00:43.4497401Z 
2026-10-02T12:00:45.4542278Z [command]/usr/local/lib/android/sdk/platform-tools/adb -s emulator-5554 shell getprop sys.boot_completed
2026-10-02T12:00:45.4734360Z 
2026-10-02T12:00:47.4793451Z [command]/usr/local/lib/android/sdk/platform-tools/adb -s emulator-5554 shell getprop sys.boot_completed
2026-10-02T12:00:47.5137222Z 
2026-10-02T12:00:49.5194865Z [command]/usr/local/lib/android/sdk/platform-tools/adb -s emulator-5554 shell getprop sys.boot_completed
2026-10-02T12:00:49.5469318Z 
2026-10-02T12:00:51.5520539Z [command]/usr/local/lib/android/sdk/platform-tools/adb -s emulator-5554 shell getprop sys.boot_completed
2026-10-02T12:00:51.5737045Z 
2026-10-02T12:00:53.5804185Z [command]/usr/local/lib/android/sdk/platform-tools/adb -s emulator-5554 shell getprop sys.boot_completed
2026-10-02T12:00:53.6283549Z 
2026-10-02T12:00:55.6599483Z [command]/usr/local/lib/android/sdk/platform-tools/adb -s emulator-5554 shell getprop sys.boot_completed
2026-10-02T12:00:55.8423196Z 
2026-10-02T12:00:57.8644514Z [command]/usr/local/lib/android/sdk/platform-tools/adb -s emulator-5554 shell getprop sys.boot_completed
2026-10-02T12:00:57.9373490Z 
2026-10-02T12:00:59.9434795Z [command]/usr/local/lib/android/sdk/platform-tools/adb -s emulator-5554 shell getprop sys.boot_completed
2026-10-02T12:01:00.1605498Z 1
2026-10-02T12:01:00.1634408Z Emulator booted.
2026-10-02T12:01:00.1698306Z [command]/usr/local/lib/android/sdk/platform-tools/adb -s emulator-5554 shell input keyevent 82
2026-10-02T12:01:04.2819508Z INFO         | Boot completed in 47264 ms
2026-10-02T12:01:04.2826871Z INFO         | Increasing screen off timeout, logcat buffer size to 2M.
2026-10-02T12:01:07.6142554Z Disabling animations.
2026-10-02T12:01:07.6197390Z [command]/usr/local/lib/android/sdk/platform-tools/adb -s emulator-5554 shell settings put global window_animation_scale 0.0
2026-10-02T12:01:07.9654114Z [command]/usr/local/lib/android/sdk/platform-tools/adb -s emulator-5554 shell settings put global transition_animation_scale 0.0
2026-10-02T12:01:08.3224725Z [command]/usr/local/lib/android/sdk/platform-tools/adb -s emulator-5554 shell settings put global animator_duration_scale 0.0
2026-10-02T12:01:08.5498223Z ##[endgroup]
2026-10-02T12:01:08.5582375Z [command]/usr/bin/sh -c flutter test integration_test/app_boots_test.dart integration_test/journeys/ -d "$ANDROID_SERIAL" --dart-define=SUPABASE_URL=*** --dart-define=SUPABASE_ANON_KEY=*** --dart-define=TEST_USER_EMAIL=*** --dart-define=TEST_USER_PASSWORD=*** --dart-define=TEST_SUPERVISOR_EMAIL=*** --dart-define=TEST_SUPERVISOR_PASSWORD=*** --dart-define=TEST_FOREMAN_EMAIL=*** --dart-define=TEST_FOREMAN_PASSWORD=*** --dart-define=TEST_CREW_EMAIL= --dart-define=TEST_CREW_PASSWORD= --dart-define=APP_ENV=staging > integration_test.log 2>&1; status=$?; cat integration_test.log; dart run tool/ci/check_e2e_executed.dart --platform=android --log=integration_test.log; guard=$?; SCREENSHOT_DESTINATION_DIR=screenshots flutter drive --driver=test_driver/integration_test.dart --target=integration_test/design_review_capture_test.dart -d "$ANDROID_SERIAL" --dart-define=SUPABASE_URL=*** --dart-define=SUPABASE_ANON_KEY=*** --dart-define=TEST_USER_EMAIL=*** --dart-define=TEST_USER_PASSWORD=*** --dart-define=TEST_SUPERVISOR_EMAIL=*** --dart-define=TEST_SUPERVISOR_PASSWORD=*** --dart-define=TEST_FOREMAN_EMAIL=*** --dart-define=TEST_FOREMAN_PASSWORD=*** --dart-define=TEST_CREW_EMAIL= --dart-define=TEST_CREW_PASSWORD= --dart-define=APP_ENV=staging > capture.log 2>&1; cap=$?; cat capture.log; if [ $guard -ne 0 ]; then exit $guard; fi; if [ $cap -ne 0 ]; then exit $cap; fi; exit $status
2026-10-02T12:23:49.0542499Z Resolving dependencies...
2026-10-02T12:23:49.0545037Z Downloading packages...
2026-10-02T12:23:49.0545589Z   _fe_analyzer_shared 103.0.0 (108.0.0 available)
2026-10-02T12:23:49.0546185Z   analyzer 13.3.0 (14.4.0 available)
2026-10-02T12:23:49.0546782Z   android_file_picker 1.1.1 (2.0.0 available)
2026-10-02T12:23:49.0547335Z   archive 4.0.9 (4.3.0 available)
2026-10-02T12:23:49.0547795Z   battery_plus 7.1.1 (7.1.2 available)
2026-10-02T12:23:49.0548345Z   build 4.0.10 (4.0.11 available)
2026-10-02T12:23:49.0548914Z   build_config 1.3.2 (1.3.3 available)
2026-10-02T12:23:49.0549415Z   build_daemon 4.1.5 (4.1.6 available)
2026-10-02T12:23:49.0549923Z   built_collection 5.1.1 (5.1.2 available)
2026-10-02T12:23:49.0550476Z   built_value 8.12.7 (8.13.0 available)
2026-10-02T12:23:49.0550964Z   clock 1.1.2 (1.1.3 available)
2026-10-02T12:23:49.0551609Z   code_assets 2.0.0 (2.1.0 available)
2026-10-02T12:23:49.0552165Z   connectivity_plus 7.3.1 (7.3.2 available)
2026-10-02T12:23:49.0552726Z   cross_file 0.3.5+5 (0.4.0 available)
2026-10-02T12:23:49.0553552Z   cupertino_ui 1.0.1 (1.1.1 available)
2026-10-02T12:23:49.0554072Z   dbus 0.7.15 (0.8.0 available)
2026-10-02T12:23:49.0554500Z   equatable 2.1.0 (3.0.0 available)
2026-10-02T12:23:49.0555004Z   file_picker 12.2.0 (13.1.0 available)
2026-10-02T12:23:49.0555564Z   file_picker_darwin 1.1.0 (2.1.2 available)
2026-10-02T12:23:49.0556068Z   file_picker_linux 1.1.0 (2.0.1 available)
2026-10-02T12:23:49.0577880Z   file_picker_platform_interface 3.3.0 (4.0.0 available)
2026-10-02T12:23:49.0578819Z   file_picker_web 3.1.0 (4.0.0 available)
2026-10-02T12:23:49.0579428Z   flutter_secure_storage 11.1.0 (11.2.0 available)
2026-10-02T12:23:49.0580063Z   flutter_secure_storage_darwin 0.4.0 (0.4.3 available)
2026-10-02T12:23:49.0580926Z   flutter_secure_storage_linux 3.0.2 (3.0.3 available)
2026-10-02T12:23:49.0581610Z   flutter_secure_storage_platform_interface 2.1.0 (2.1.1 available)
2026-10-02T12:23:49.0582302Z   forui 0.26.0 (0.27.3 available)
2026-10-02T12:23:49.0582795Z   forui_lucide 0.26.1 (0.27.0 available)
2026-10-02T12:23:49.0583693Z   glob 2.1.3 (2.2.0 available)
2026-10-02T12:23:49.0585875Z   go_router 18.0.1 (18.0.2 available)
2026-10-02T12:23:49.0586789Z   googleapis_auth 2.3.3 (2.3.4 available)
2026-10-02T12:23:49.0587324Z   hive_ce 2.19.3 (2.20.1 available)
2026-10-02T12:23:49.0587834Z   hive_ce_flutter 2.3.4 (2.4.0 available)
2026-10-02T12:23:49.0588310Z   image 4.9.2 (4.10.1 available)
2026-10-02T12:23:49.0589027Z   image_picker_android 0.8.13+21 (0.8.13+23 available)
2026-10-02T12:23:49.0589674Z   image_picker_ios 0.8.13+7 (0.8.13+9 available)
2026-10-02T12:23:49.0590229Z   io 1.0.5 (1.1.0 available)
2026-10-02T12:23:49.0590666Z   jni 1.0.3 (1.1.0 available)
2026-10-02T12:23:49.0592594Z   jni_flutter 1.0.2 (1.0.3 available)
2026-10-02T12:23:49.0593634Z   lucide_icons_flutter 3.1.19 (3.1.21 available)
2026-10-02T12:23:49.0594248Z   material_color_utilities 0.13.0 (0.13.1 available)
2026-10-02T12:23:49.0594806Z   material_ui 1.1.0 (1.5.0 available)
2026-10-02T12:23:49.0595275Z   mime 2.0.0 (2.1.0 available)
2026-10-02T12:23:49.0595818Z   nm 0.5.0 (0.6.0 available)
2026-10-02T12:23:49.0596252Z   objective_c 9.6.0 (9.6.2 available)
2026-10-02T12:23:49.0596735Z   package_config 2.2.0 (3.0.0 available)
2026-10-02T12:23:49.0600814Z   package_info_plus 10.2.1 (10.2.2 available)
2026-10-02T12:23:49.0601479Z   passkeys_platform_interface 2.9.0 (2.10.0 available)
2026-10-02T12:23:49.0602050Z   pdf 3.13.0 (3.13.1 available)
2026-10-02T12:23:49.0602521Z   petitparser 7.0.2 (7.1.0 available)
2026-10-02T12:23:49.0603360Z   platform 3.1.6 (3.2.0 available)
2026-10-02T12:23:49.0603841Z   pool 1.5.2 (1.5.3 available)
2026-10-02T12:23:49.0604281Z   printing 5.15.0 (5.15.1 available)
2026-10-02T12:23:49.0604756Z   process 5.0.5 (5.0.6 available)
2026-10-02T12:23:49.0605197Z   pub_semver 2.2.0 (2.2.1 available)
2026-10-02T12:23:49.0605787Z   pubspec_parse 1.5.0 (1.6.0 available)
2026-10-02T12:23:49.0606256Z   qr 3.0.2 (4.0.0 available)
2026-10-02T12:23:49.0606677Z   stack_trace 1.12.1 (1.12.2 available)
2026-10-02T12:23:49.0607150Z   storage_client 2.8.0 (2.8.1 available)
2026-10-02T12:23:49.0607645Z   stream_transform 2.1.1 (2.1.2 available)
2026-10-02T12:23:49.0608208Z   supabase 2.16.1 (2.16.2 available)
2026-10-02T12:23:49.0608818Z   supabase_flutter 2.17.2 (2.18.0 available)
2026-10-02T12:23:49.0609320Z   test 1.31.1 (1.32.0 available)
2026-10-02T12:23:49.0609767Z   test_api 0.7.12 (0.7.14 available)
2026-10-02T12:23:49.0610306Z   test_core 0.6.18 (0.6.20 available)
2026-10-02T12:23:49.0610866Z   vector_math 2.4.2 (2.4.3 available)
2026-10-02T12:23:49.0611325Z   webdriver 3.1.0 (3.2.0 available)
2026-10-02T12:23:49.0611809Z   windows_file_picker 1.2.0 (2.0.0 available)
2026-10-02T12:23:49.0612348Z   xml 7.0.1 (7.1.0 available)
2026-10-02T12:23:49.0613083Z   yaml 3.1.3 (3.1.4 available)
2026-10-02T12:23:49.0613560Z Got dependencies!
2026-10-02T12:23:49.0614143Z 70 packages have newer versions incompatible with dependency constraints.
2026-10-02T12:23:49.0615005Z Try `flutter pub outdated` for more information.
2026-10-02T12:23:49.0615381Z 
2026-10-02T12:23:49.0615668Z Running Gradle task 'assembleDebug'...                          
2026-10-02T12:23:49.0616607Z Checking the license for package CMake 3.22.1 in /usr/local/lib/android/sdk/licenses
2026-10-02T12:23:49.0617487Z License for package CMake 3.22.1 accepted.
2026-10-02T12:23:49.0618021Z Preparing "Install CMake 3.22.1 v.3.22.1".
2026-10-02T12:23:49.0618528Z "Install CMake 3.22.1 v.3.22.1" ready.
2026-10-02T12:23:49.0621769Z Installing CMake 3.22.1 in /usr/local/lib/android/sdk/cmake/3.22.1
2026-10-02T12:23:49.0622470Z "Install CMake 3.22.1 v.3.22.1" complete.
2026-10-02T12:23:49.0623718Z "Install CMake 3.22.1 v.3.22.1" finished.
2026-10-02T12:23:49.0624415Z Running Gradle task 'assembleDebug'...                            368.8s
2026-10-02T12:23:49.0727819Z ✓ Built build/app/outputs/flutter-apk/app-debug.apk
2026-10-02T12:23:49.0729287Z Installing build/app/outputs/flutter-apk/app-debug.apk...        1,012ms
2026-10-02T12:23:49.0769153Z ##[group]✅ /home/runner/work/mine-flow-app/mine-flow-app/integration_test/app_boots_test.dart: app boots and shows login screen
2026-10-02T12:23:49.0770400Z [CONFIG] supabase.supabase_flutter: Initialize Supabase v2.17.2
2026-10-02T12:23:49.0834720Z [CONFIG] supabase.auth: Initialize GoTrueClient v2.27.2 with url: ***/auth/v1, autoRefreshToken: <redacted>, flowType: pkce, tickDuration: 0:00:10.000000, tickThreshold: 3
2026-10-02T12:23:49.0848346Z [FINEST] supabase.auth: Initialize with headers: {X-Client-Info: supabase-flutter/2.17.2; platform=Android; platform-version=sdk_gphone64_x86_64-userdebug 13 TE1A.240213.009 12342917 dev-keys; runtime=dart; runtime-version=3.13.1, apikey: <redacted>, Authorization: ***
2026-10-02T12:23:49.0850572Z [FINE] supabase.auth: Stopping auto refresh
2026-10-02T12:23:49.0851134Z [FINE] supabase.auth: Starting auto refresh
2026-10-02T12:23:49.0852280Z [CONFIG] supabase.postgrest: Initialize PostgrestClient with url: ***/rest/v1, schema: public
2026-10-02T12:23:49.0854739Z [FINEST] supabase.postgrest: Initialize with headers: {X-Client-Info: supabase-flutter/2.17.2; platform=Android; platform-version=sdk_gphone64_x86_64-userdebug 13 TE1A.240213.009 12342917 dev-keys; runtime=dart; runtime-version=3.13.1}
2026-10-02T12:23:49.0857712Z [CONFIG] supabase.functions: Initialize FunctionsClient v2.7.1 with url '***/functions/v1' and region 'null'
2026-10-02T12:23:49.0859919Z [FINEST] supabase.functions: Initialize with headers: {X-Client-Info: supabase-flutter/2.17.2; platform=Android; platform-version=sdk_gphone64_x86_64-userdebug 13 TE1A.240213.009 12342917 dev-keys; runtime=dart; runtime-version=3.13.1}
2026-10-02T12:23:49.0862563Z [CONFIG] supabase.storage: Initialize SupabaseStorageClient v2.8.0 with url: ***/storage/v1, retryAttempts: 0
2026-10-02T12:23:49.0865226Z [FINEST] supabase.storage: Initialize with headers: {X-Client-Info: supabase-flutter/2.17.2; platform=Android; platform-version=sdk_gphone64_x86_64-userdebug 13 TE1A.240213.009 12342917 dev-keys; runtime=dart; runtime-version=3.13.1}
2026-10-02T12:23:49.0868947Z [CONFIG] supabase.realtime: Initialize RealtimeClient with endpoint: wss://rpdnonpivoyhghzolyzv.supabase.co/realtime/v1, timeout: 0:00:10.000000, heartbeatIntervalMs: 25000, logLevel: null
2026-10-02T12:23:49.0875750Z [FINEST] supabase.realtime: Initialize with headers: {apikey: <redacted>, X-Client-Info: supabase-flutter/2.17.2; platform=Android; platform-version=sdk_gphone64_x86_64-userdebug 13 TE1A.240213.009 12342917 dev-keys; runtime=dart; runtime-version=3.13.1}, params: {apikey: <redacted>}
2026-10-02T12:23:49.0879706Z [CONFIG] supabase.supabase: Initialize SupabaseClient v2.16.1 with no custom access token
2026-10-02T12:23:49.0881693Z [FINEST] supabase.auth: onAuthStateChange: AuthState(event: initialSession, session: null, fromBroadcast: false, signOutReason: null)
2026-10-02T12:23:49.0884304Z [FINE] supabase.supabase_flutter: Starting deeplink observer
2026-10-02T12:23:49.0885801Z [INFO] supabase.supabase_flutter: ***** Supabase init completed *****
2026-10-02T12:23:49.0886682Z supabase.supabase_flutter: INFO: ***** Supabase init completed ***** 
2026-10-02T12:23:49.0888956Z [INFO] ConnectivityService: Connectivity changed → online
2026-10-02T12:23:49.0890827Z ConnectivityService: INFO: Connectivity changed → online 
2026-10-02T12:23:49.0892558Z [INFO] SyncQueueManager: Network connectivity restored. Triggering queue sync.
2026-10-02T12:23:49.0895066Z SyncQueueManager: INFO: Network connectivity restored. Triggering queue sync. 
2026-10-02T12:23:49.0897231Z [FINE] SyncQueueManager: No pending sync items to process.
2026-10-02T12:23:49.0898810Z [INFO] SyncQueueManager: Registered sync handler for entity type: data_bucket_metadata_sync
2026-10-02T12:23:49.0900677Z SyncQueueManager: INFO: Registered sync handler for entity type: data_bucket_metadata_sync 
2026-10-02T12:23:49.0902354Z [INFO] DataBucketSyncRegistrar: Registered sync handler for data_bucket_metadata_sync
2026-10-02T12:23:49.0906401Z DataBucketSyncRegistrar: INFO: Registered sync handler for data_bucket_metadata_sync 
2026-10-02T12:23:49.0908971Z [INFO] SyncQueueManager: Registered sync handler for entity type: cut_fill_records
2026-10-02T12:23:49.0911270Z SyncQueueManager: INFO: Registered sync handler for entity type: cut_fill_records 
2026-10-02T12:23:49.0914019Z [INFO] TrackingSyncRegistrar: Registered sync handler for cut_fill_records
2026-10-02T12:23:49.0917383Z TrackingSyncRegistrar: INFO: Registered sync handler for cut_fill_records 
2026-10-02T12:23:49.0920248Z [INFO] SyncQueueManager: Registered sync handler for entity type: land_clearing_records
2026-10-02T12:23:49.0924551Z SyncQueueManager: INFO: Registered sync handler for entity type: land_clearing_records 
2026-10-02T12:23:49.0926712Z [INFO] TrackingSyncRegistrar: Registered sync handler for land_clearing_records
2026-10-02T12:23:49.0930000Z TrackingSyncRegistrar: INFO: Registered sync handler for land_clearing_records 
2026-10-02T12:23:49.0930917Z [INFO] SyncQueueManager: Registered sync handler for entity type: inventory_items
2026-10-02T12:23:49.0931890Z SyncQueueManager: INFO: Registered sync handler for entity type: inventory_items 
2026-10-02T12:23:49.0933417Z [INFO] TrackingSyncRegistrar: Registered sync handler for inventory_items
2026-10-02T12:23:49.0934874Z TrackingSyncRegistrar: INFO: Registered sync handler for inventory_items 
2026-10-02T12:23:49.0935897Z [INFO] SyncQueueManager: Registered sync handler for entity type: inventory_transactions
2026-10-02T12:23:49.0937034Z SyncQueueManager: INFO: Registered sync handler for entity type: inventory_transactions 
2026-10-02T12:23:49.0938206Z [INFO] TrackingSyncRegistrar: Registered sync handler for inventory_transactions
2026-10-02T12:23:49.0939241Z TrackingSyncRegistrar: INFO: Registered sync handler for inventory_transactions 
2026-10-02T12:23:49.0945178Z [INFO] SyncQueueManager: Registered sync handler for entity type: attendance_records
2026-10-02T12:23:49.0946938Z SyncQueueManager: INFO: Registered sync handler for entity type: attendance_records 
2026-10-02T12:23:49.0948658Z [INFO] AttendanceSyncRegistrar: Registered sync handler for attendance_records
2026-10-02T12:23:49.0950193Z AttendanceSyncRegistrar: INFO: Registered sync handler for attendance_records 
2026-10-02T12:23:49.0952607Z [INFO] SyncQueueManager: Registered sync handler for entity type: daily_logs
2026-10-02T12:23:49.0955397Z SyncQueueManager: INFO: Registered sync handler for entity type: daily_logs 
2026-10-02T12:23:49.0962499Z [INFO] DailyLogSyncRegistrar: Registered sync handler for daily_logs
2026-10-02T12:23:49.0966370Z DailyLogSyncRegistrar: INFO: Registered sync handler for daily_logs 
2026-10-02T12:23:49.0967454Z [INFO] SyncQueueManager: Registered sync handler for entity type: equipment_checks
2026-10-02T12:23:49.0968579Z SyncQueueManager: INFO: Registered sync handler for entity type: equipment_checks 
2026-10-02T12:23:49.0969619Z [INFO] EquipmentCheckSyncRegistrar: Registered sync handler for equipment_checks
2026-10-02T12:23:49.0970642Z EquipmentCheckSyncRegistrar: INFO: Registered sync handler for equipment_checks 
2026-10-02T12:23:49.0971689Z [INFO] SyncQueueManager: Registered sync handler for entity type: benchmarks
2026-10-02T12:23:49.0972680Z SyncQueueManager: INFO: Registered sync handler for entity type: benchmarks 
2026-10-02T12:23:49.0974010Z [INFO] BenchmarkSyncRegistrar: Registered sync handler for benchmarks
2026-10-02T12:23:49.0974958Z BenchmarkSyncRegistrar: INFO: Registered sync handler for benchmarks 
2026-10-02T12:23:49.0976047Z [INFO] GoRouter: Full paths for routes:
2026-10-02T12:23:49.0979895Z ├─/login (LoginPage)
2026-10-02T12:23:49.0980407Z ├─/privacy-gate (PrivacyAckPage)
2026-10-02T12:23:49.0981828Z ├─/__interaction-fixture (AppInteractionFixturePage)
2026-10-02T12:23:49.0985710Z │ └─/__interaction-fixture/form (AppInteractionFixturePage)
2026-10-02T12:23:49.0988188Z ├─ (ShellRoute)
2026-10-02T12:23:49.0988823Z │ ├─/ (BlocProvider<DashboardCubit>)
2026-10-02T12:23:49.0994494Z │ ├─/tools (GroupLandingPage)
2026-10-02T12:23:49.0998062Z │ │ └─/tools/data-bucket (DataBucketListPage)
2026-10-02T12:23:49.1000754Z │ │   ├─/tools/data-bucket/upload 
2026-10-02T12:23:49.1004416Z │ │   └─/tools/data-bucket/:id 
2026-10-02T12:23:49.1007365Z │ ├─/operations (GroupLandingPage)
2026-10-02T12:23:49.1011670Z │ │ ├─/operations/cut-fill (CutFillListScreen)
2026-10-02T12:23:49.1014116Z │ │ │ ├─/operations/cut-fill/form 
2026-10-02T12:23:49.1014766Z │ │ │ └─/operations/cut-fill/:id/form 
2026-10-02T12:23:49.1037534Z │ │ ├─/operations/land-clearing (LandClearingSummaryScreen)
2026-10-02T12:23:49.1038435Z │ │ │ ├─/operations/land-clearing/form 
2026-10-02T12:23:49.1039514Z │ │ │ ├─/operations/land-clearing/:id 
2026-10-02T12:23:49.1040137Z │ │ │ └─/operations/land-clearing/:id/form 
2026-10-02T12:23:49.1041727Z │ │ └─/operations/benchmark-db (BenchmarkListScreen)
2026-10-02T12:23:49.1044188Z │ │   ├─/operations/benchmark-db/form (BenchmarkFormScreen)
2026-10-02T12:23:49.1045470Z │ │   ├─/operations/benchmark-db/:id 
2026-10-02T12:23:49.1047094Z │ │   └─/operations/benchmark-db/:id/form 
2026-10-02T12:23:49.1048359Z │ ├─/teams (GroupLandingPage)
2026-10-02T12:23:49.1048987Z │ │ ├─/teams/attendance (AttendanceScreen)
2026-10-02T12:23:49.1049715Z │ │ │ └─/teams/attendance/form 
2026-10-02T12:23:49.1050683Z │ │ ├─/teams/daily-log (DailyLogListScreen)
2026-10-02T12:23:49.1052076Z │ │ │ ├─/teams/daily-log/form 
2026-10-02T12:23:49.1053307Z │ │ │ └─/teams/daily-log/:id/form 
2026-10-02T12:23:49.1054412Z │ │ ├─/teams/inventory (InventoryDashboardScreen)
2026-10-02T12:23:49.1055469Z │ │ │ ├─/teams/inventory/form 
2026-10-02T12:23:49.1056391Z │ │ │ ├─/teams/inventory/:id 
2026-10-02T12:23:49.1056916Z │ │ │ └─/teams/inventory/:id/form 
2026-10-02T12:23:49.1057950Z │ │ ├─/teams/equipment-check (EquipmentHistoryScreen)
2026-10-02T12:23:49.1058613Z │ │ │ ├─/teams/equipment-check/form 
2026-10-02T12:23:49.1059642Z │ │ │ └─/teams/equipment-check/:id 
2026-10-02T12:23:49.1060809Z │ │ └─/teams/timeline (TimelinePage)
2026-10-02T12:23:49.1061845Z │ └─/settings (SettingsPage)
2026-10-02T12:23:49.1062664Z │   └─/settings/profile/form (ProfileEditPage)
2026-10-02T12:23:49.1064161Z ├─/reports/config (Widget)
2026-10-02T12:23:49.1065243Z └─/notifications (BlocProvider<NotificationCubit>)
2026-10-02T12:23:49.1065869Z known full paths for route names:
2026-10-02T12:23:49.1066917Z   login => /login
2026-10-02T12:23:49.1068001Z   privacy-gate => /privacy-gate
2026-10-02T12:23:49.1068601Z   interaction-fixture => /__interaction-fixture
2026-10-02T12:23:49.1069775Z   interaction-fixture-form => /__interaction-fixture/form
2026-10-02T12:23:49.1070377Z   dashboard => /
2026-10-02T12:23:49.1070956Z   tools => /tools
2026-10-02T12:23:49.1072066Z   data-bucket => /tools/data-bucket
2026-10-02T12:23:49.1072768Z   data-bucket-upload => /tools/data-bucket/upload
2026-10-02T12:23:49.1074351Z   data-bucket-detail => /tools/data-bucket/:id
2026-10-02T12:23:49.1074925Z   operations => /operations
2026-10-02T12:23:49.1076087Z   cut-fill => /operations/cut-fill
2026-10-02T12:23:49.1077355Z   cut-fill-create => /operations/cut-fill/form
2026-10-02T12:23:49.1078605Z   cut-fill-edit => /operations/cut-fill/:id/form
2026-10-02T12:23:49.1079224Z   land-clearing => /operations/land-clearing
2026-10-02T12:23:49.1080382Z   land-clearing-create => /operations/land-clearing/form
2026-10-02T12:23:49.1081656Z   land-clearing-detail => /operations/land-clearing/:id
2026-10-02T12:23:49.1082493Z   land-clearing-edit => /operations/land-clearing/:id/form
2026-10-02T12:23:49.1084326Z   benchmark-db => /operations/benchmark-db
2026-10-02T12:23:49.1086449Z   benchmark-form => /operations/benchmark-db/form
2026-10-02T12:23:49.1087419Z   benchmark-detail => /operations/benchmark-db/:id
2026-10-02T12:23:49.1088157Z   benchmark-edit => /operations/benchmark-db/:id/form
2026-10-02T12:23:49.1088690Z   teams => /teams
2026-10-02T12:23:49.1089239Z   attendance => /teams/attendance
2026-10-02T12:23:49.1089773Z   attendance-form => /teams/attendance/form
2026-10-02T12:23:49.1090300Z   daily-log => /teams/daily-log
2026-10-02T12:23:49.1090757Z   daily-log-form => /teams/daily-log/form
2026-10-02T12:23:49.1091302Z   daily-log-record-form => /teams/daily-log/:id/form
2026-10-02T12:23:49.1091995Z   inventory => /teams/inventory
2026-10-02T12:23:49.1092442Z   inventory-form => /teams/inventory/form
2026-10-02T12:23:49.1093623Z   inventory-detail => /teams/inventory/:id
2026-10-02T12:23:49.1094289Z   inventory-edit => /teams/inventory/:id/form
2026-10-02T12:23:49.1094853Z   equipment-check => /teams/equipment-check
2026-10-02T12:23:49.1095478Z   equipment-check-form => /teams/equipment-check/form
2026-10-02T12:23:49.1096149Z   equipment-check-detail => /teams/equipment-check/:id
2026-10-02T12:23:49.1096914Z   timeline => /teams/timeline
2026-10-02T12:23:49.1097387Z   settings => /settings
2026-10-02T12:23:49.1097840Z   settings-profile => /settings/profile/form
2026-10-02T12:23:49.1098376Z   report-config => /reports/config
2026-10-02T12:23:49.1099011Z   notifications => /notifications
2026-10-02T12:23:49.1099337Z 
2026-10-02T12:23:49.1099570Z GoRouter: INFO: Full paths for routes:
2026-10-02T12:23:49.1100173Z ├─/login (LoginPage)
2026-10-02T12:23:49.1100896Z ├─/privacy-gate (PrivacyAckPage)
2026-10-02T12:23:49.1102455Z ├─/__interaction-fixture (AppInteractionFixturePage)
2026-10-02T12:23:49.1103828Z │ └─/__interaction-fixture/form (AppInteractionFixturePage)
2026-10-02T12:23:49.1104982Z ├─ (ShellRoute)
2026-10-02T12:23:49.1105710Z │ ├─/ (BlocProvider<DashboardCubit>)
2026-10-02T12:23:49.1106286Z │ ├─/tools (GroupLandingPage)
2026-10-02T12:23:49.1106884Z │ │ └─/tools/data-bucket (DataBucketListPage)
2026-10-02T12:23:49.1107508Z │ │   ├─/tools/data-bucket/upload 
2026-10-02T12:23:49.1108046Z │ │   └─/tools/data-bucket/:id 
2026-10-02T12:23:49.1108657Z │ ├─/operations (GroupLandingPage)
2026-10-02T12:23:49.1109322Z │ │ ├─/operations/cut-fill (CutFillListScreen)
2026-10-02T12:23:49.1109992Z │ │ │ ├─/operations/cut-fill/form 
2026-10-02T12:23:49.1110605Z │ │ │ └─/operations/cut-fill/:id/form 
2026-10-02T12:23:49.1111358Z │ │ ├─/operations/land-clearing (LandClearingSummaryScreen)
2026-10-02T12:23:49.1112105Z │ │ │ ├─/operations/land-clearing/form 
2026-10-02T12:23:49.1113216Z │ │ │ ├─/operations/land-clearing/:id 
2026-10-02T12:23:49.1113898Z │ │ │ └─/operations/land-clearing/:id/form 
2026-10-02T12:23:49.1114600Z │ │ └─/operations/benchmark-db (BenchmarkListScreen)
2026-10-02T12:23:49.1115464Z │ │   ├─/operations/benchmark-db/form (BenchmarkFormScreen)
2026-10-02T12:23:49.1116255Z │ │   ├─/operations/benchmark-db/:id 
2026-10-02T12:23:49.1118596Z │ │   └─/operations/benchmark-db/:id/form 
2026-10-02T12:23:49.1119882Z │ ├─/teams (GroupLandingPage)
2026-10-02T12:23:49.1121158Z │ │ ├─/teams/attendance (AttendanceScreen)
2026-10-02T12:23:49.1122384Z │ │ │ └─/teams/attendance/form 
2026-10-02T12:23:49.1123213Z │ │ ├─/teams/daily-log (DailyLogListScreen)
2026-10-02T12:23:49.1124347Z │ │ │ ├─/teams/daily-log/form 
2026-10-02T12:23:49.1124952Z │ │ │ └─/teams/daily-log/:id/form 
2026-10-02T12:23:49.1126135Z │ │ ├─/teams/inventory (InventoryDashboardScreen)
2026-10-02T12:23:49.1127412Z │ │ │ ├─/teams/inventory/form 
2026-10-02T12:23:49.1128185Z │ │ │ ├─/teams/inventory/:id 
2026-10-02T12:23:49.1129482Z │ │ │ └─/teams/inventory/:id/form 
2026-10-02T12:23:49.1130175Z │ │ ├─/teams/equipment-check (EquipmentHistoryScreen)
2026-10-02T12:23:49.1131565Z │ │ │ ├─/teams/equipment-check/form 
2026-10-02T12:23:49.1132308Z │ │ │ └─/teams/equipment-check/:id 
2026-10-02T12:23:49.1134164Z │ │ └─/teams/timeline (TimelinePage)
2026-10-02T12:23:49.1134873Z │ └─/settings (SettingsPage)
2026-10-02T12:23:49.1136821Z │   └─/settings/profile/form (ProfileEditPage)
2026-10-02T12:23:49.1140185Z ├─/reports/config (Widget)
2026-10-02T12:23:49.1140903Z └─/notifications (BlocProvider<NotificationCubit>)
2026-10-02T12:23:49.1142038Z known full paths for route names:
2026-10-02T12:23:49.1143264Z   login => /login
2026-10-02T12:23:49.1143767Z   privacy-gate => /privacy-gate
2026-10-02T12:23:49.1144788Z   interaction-fixture => /__interaction-fixture
2026-10-02T12:23:49.1146344Z   interaction-fixture-form => /__interaction-fixture/form
2026-10-02T12:23:49.1146994Z   dashboard => /
2026-10-02T12:23:49.1149123Z   tools => /tools
2026-10-02T12:23:49.1150127Z   data-bucket => /tools/data-bucket
2026-10-02T12:23:49.1150858Z   data-bucket-upload => /tools/data-bucket/upload
2026-10-02T12:23:49.1151433Z   data-bucket-detail => /tools/data-bucket/:id
2026-10-02T12:23:49.1151973Z   operations => /operations
2026-10-02T12:23:49.1152398Z   cut-fill => /operations/cut-fill
2026-10-02T12:23:49.1152865Z   cut-fill-create => /operations/cut-fill/form
2026-10-02T12:23:49.1154664Z   cut-fill-edit => /operations/cut-fill/:id/form
2026-10-02T12:23:49.1155268Z   land-clearing => /operations/land-clearing
2026-10-02T12:23:49.1156803Z   land-clearing-create => /operations/land-clearing/form
2026-10-02T12:23:49.1158328Z   land-clearing-detail => /operations/land-clearing/:id
2026-10-02T12:23:49.1159075Z   land-clearing-edit => /operations/land-clearing/:id/form
2026-10-02T12:23:49.1160327Z   benchmark-db => /operations/benchmark-db
2026-10-02T12:23:49.1161406Z   benchmark-form => /operations/benchmark-db/form
2026-10-02T12:23:49.1162065Z   benchmark-detail => /operations/benchmark-db/:id
2026-10-02T12:23:49.1163594Z   benchmark-edit => /operations/benchmark-db/:id/form
2026-10-02T12:23:49.1165133Z   teams => /teams
2026-10-02T12:23:49.1165768Z   attendance => /teams/attendance
2026-10-02T12:23:49.1168383Z   attendance-form => /teams/attendance/form
2026-10-02T12:23:49.1169037Z   daily-log => /teams/daily-log
2026-10-02T12:23:49.1170434Z   daily-log-form => /teams/daily-log/form
2026-10-02T12:23:49.1171550Z   daily-log-record-form => /teams/daily-log/:id/form
2026-10-02T12:23:49.1172204Z   inventory => /teams/inventory
2026-10-02T12:23:49.1182455Z   inventory-form => /teams/inventory/form
2026-10-02T12:23:49.1189686Z   inventory-detail => /teams/inventory/:id
2026-10-02T12:23:49.1204994Z   inventory-edit => /teams/inventory/:id/form
2026-10-02T12:23:49.1214111Z   equipment-check => /teams/equipment-check
2026-10-02T12:23:49.1230545Z   equipment-check-form => /teams/equipment-check/form
2026-10-02T12:23:49.1234153Z   equipment-check-detail => /teams/equipment-check/:id
2026-10-02T12:23:49.1241579Z   timeline => /teams/timeline
2026-10-02T12:23:49.1242268Z   settings => /settings
2026-10-02T12:23:49.1246722Z   settings-profile => /settings/profile/form
2026-10-02T12:23:49.1249852Z   report-config => /reports/config
2026-10-02T12:23:49.1256731Z   notifications => /notifications
2026-10-02T12:23:49.1287598Z  
2026-10-02T12:23:49.1297039Z [INFO] GoRouter: setting initial location /login
2026-10-02T12:23:49.1309685Z GoRouter: INFO: setting initial location /login 
2026-10-02T12:23:49.1320473Z [INFO] GoRouter: Using WidgetsApp configuration
2026-10-02T12:23:49.1321829Z GoRouter: INFO: Using WidgetsApp configuration 
2026-10-02T12:23:49.1326058Z ##[endgroup]
2026-10-02T12:23:49.1326761Z Running Gradle task 'assembleDebug'...                             44.0s
2026-10-02T12:23:49.1327819Z ✓ Built build/app/outputs/flutter-apk/app-debug.apk
2026-10-02T12:23:49.1328676Z Installing build/app/outputs/flutter-apk/app-debug.apk...        1,039ms
2026-10-02T12:23:49.1331051Z ##[group]✅ /home/runner/work/mine-flow-app/mine-flow-app/integration_test/journeys/deep_link_journey_test.dart: Deep Link Journey (STEP-45.13 / RISK-0006) unauthenticated deep link to a guarded route redirects to login
2026-10-02T12:23:49.1332789Z [CONFIG] supabase.supabase_flutter: Initialize Supabase v2.17.2
2026-10-02T12:23:49.1334877Z [CONFIG] supabase.auth: Initialize GoTrueClient v2.27.2 with url: ***/auth/v1, autoRefreshToken: <redacted>, flowType: pkce, tickDuration: 0:00:10.000000, tickThreshold: 3
2026-10-02T12:23:49.1338116Z [FINEST] supabase.auth: Initialize with headers: {X-Client-Info: supabase-flutter/2.17.2; platform=Android; platform-version=sdk_gphone64_x86_64-userdebug 13 TE1A.240213.009 12342917 dev-keys; runtime=dart; runtime-version=3.13.1, apikey: <redacted>, Authorization: ***
2026-10-02T12:23:49.1340161Z [FINE] supabase.auth: Stopping auto refresh
2026-10-02T12:23:49.1340855Z [FINE] supabase.auth: Starting auto refresh
2026-10-02T12:23:49.1342100Z [CONFIG] supabase.postgrest: Initialize PostgrestClient with url: ***/rest/v1, schema: public
2026-10-02T12:23:49.1344808Z [FINEST] supabase.postgrest: Initialize with headers: {X-Client-Info: supabase-flutter/2.17.2; platform=Android; platform-version=sdk_gphone64_x86_64-userdebug 13 TE1A.240213.009 12342917 dev-keys; runtime=dart; runtime-version=3.13.1}
2026-10-02T12:23:49.1348268Z [CONFIG] supabase.functions: Initialize FunctionsClient v2.7.1 with url '***/functions/v1' and region 'null'
2026-10-02T12:23:49.1351625Z [FINEST] supabase.functions: Initialize with headers: {X-Client-Info: supabase-flutter/2.17.2; platform=Android; platform-version=sdk_gphone64_x86_64-userdebug 13 TE1A.240213.009 12342917 dev-keys; runtime=dart; runtime-version=3.13.1}
2026-10-02T12:23:49.1355441Z [CONFIG] supabase.storage: Initialize SupabaseStorageClient v2.8.0 with url: ***/storage/v1, retryAttempts: 0
2026-10-02T12:23:49.1358480Z [FINEST] supabase.storage: Initialize with headers: {X-Client-Info: supabase-flutter/2.17.2; platform=Android; platform-version=sdk_gphone64_x86_64-userdebug 13 TE1A.240213.009 12342917 dev-keys; runtime=dart; runtime-version=3.13.1}
2026-10-02T12:23:49.1363475Z [CONFIG] supabase.realtime: Initialize RealtimeClient with endpoint: wss://rpdnonpivoyhghzolyzv.supabase.co/realtime/v1, timeout: 0:00:10.000000, heartbeatIntervalMs: 25000, logLevel: null
2026-10-02T12:23:49.1368006Z [FINEST] supabase.realtime: Initialize with headers: {apikey: <redacted>, X-Client-Info: supabase-flutter/2.17.2; platform=Android; platform-version=sdk_gphone64_x86_64-userdebug 13 TE1A.240213.009 12342917 dev-keys; runtime=dart; runtime-version=3.13.1}, params: {apikey: <redacted>}
2026-10-02T12:23:49.1371340Z [CONFIG] supabase.supabase: Initialize SupabaseClient v2.16.1 with no custom access token
2026-10-02T12:23:49.1374105Z [FINEST] supabase.auth: onAuthStateChange: AuthState(event: initialSession, session: null, fromBroadcast: false, signOutReason: null)
2026-10-02T12:23:49.1376482Z [FINE] supabase.supabase_flutter: Starting deeplink observer
2026-10-02T12:23:49.1377522Z [INFO] supabase.supabase_flutter: ***** Supabase init completed *****
2026-10-02T12:23:49.1379074Z supabase.supabase_flutter: INFO: ***** Supabase init completed ***** 
2026-10-02T12:23:49.1380431Z [INFO] ConnectivityService: Connectivity changed → online
2026-10-02T12:23:49.1381634Z ConnectivityService: INFO: Connectivity changed → online 
2026-10-02T12:23:49.1382891Z [INFO] SyncQueueManager: Network connectivity restored. Triggering queue sync.
2026-10-02T12:23:49.1384185Z SyncQueueManager: INFO: Network connectivity restored. Triggering queue sync. 
2026-10-02T12:23:49.1385613Z [FINE] SyncQueueManager: No pending sync items to process.
2026-10-02T12:23:49.1387046Z [INFO] SyncQueueManager: Registered sync handler for entity type: data_bucket_metadata_sync
2026-10-02T12:23:49.1388528Z SyncQueueManager: INFO: Registered sync handler for entity type: data_bucket_metadata_sync 
2026-10-02T12:23:49.1389613Z [INFO] DataBucketSyncRegistrar: Registered sync handler for data_bucket_metadata_sync
2026-10-02T12:23:49.1391679Z DataBucketSyncRegistrar: INFO: Registered sync handler for data_bucket_metadata_sync 
2026-10-02T12:23:49.1393464Z [INFO] SyncQueueManager: Registered sync handler for entity type: cut_fill_records
2026-10-02T12:23:49.1395019Z SyncQueueManager: INFO: Registered sync handler for entity type: cut_fill_records 
2026-10-02T12:23:49.1396884Z [INFO] TrackingSyncRegistrar: Registered sync handler for cut_fill_records
2026-10-02T12:23:49.1398311Z TrackingSyncRegistrar: INFO: Registered sync handler for cut_fill_records 
2026-10-02T12:23:49.1399345Z [INFO] SyncQueueManager: Registered sync handler for entity type: land_clearing_records
2026-10-02T12:23:49.1400452Z SyncQueueManager: INFO: Registered sync handler for entity type: land_clearing_records 
2026-10-02T12:23:49.1401523Z [INFO] TrackingSyncRegistrar: Registered sync handler for land_clearing_records
2026-10-02T12:23:49.1402473Z TrackingSyncRegistrar: INFO: Registered sync handler for land_clearing_records 
2026-10-02T12:23:49.1404064Z [INFO] SyncQueueManager: Registered sync handler for entity type: inventory_items
2026-10-02T12:23:49.1405583Z SyncQueueManager: INFO: Registered sync handler for entity type: inventory_items 
2026-10-02T12:23:49.1409904Z [INFO] TrackingSyncRegistrar: Registered sync handler for inventory_items
2026-10-02T12:23:49.1411899Z TrackingSyncRegistrar: INFO: Registered sync handler for inventory_items 
2026-10-02T12:23:49.1415524Z [INFO] SyncQueueManager: Registered sync handler for entity type: inventory_transactions
2026-10-02T12:23:49.1418056Z SyncQueueManager: INFO: Registered sync handler for entity type: inventory_transactions 
2026-10-02T12:23:49.1421037Z [INFO] TrackingSyncRegistrar: Registered sync handler for inventory_transactions
2026-10-02T12:23:49.1424096Z TrackingSyncRegistrar: INFO: Registered sync handler for inventory_transactions 
2026-10-02T12:23:49.1426700Z [INFO] SyncQueueManager: Registered sync handler for entity type: attendance_records
2026-10-02T12:23:49.1428470Z SyncQueueManager: INFO: Registered sync handler for entity type: attendance_records 
2026-10-02T12:23:49.1430914Z [INFO] AttendanceSyncRegistrar: Registered sync handler for attendance_records
2026-10-02T12:23:49.1433371Z AttendanceSyncRegistrar: INFO: Registered sync handler for attendance_records 
2026-10-02T12:23:49.1435256Z [INFO] SyncQueueManager: Registered sync handler for entity type: daily_logs
2026-10-02T12:23:49.1437034Z SyncQueueManager: INFO: Registered sync handler for entity type: daily_logs 
2026-10-02T12:23:49.1439360Z [INFO] DailyLogSyncRegistrar: Registered sync handler for daily_logs
2026-10-02T12:23:49.1441002Z DailyLogSyncRegistrar: INFO: Registered sync handler for daily_logs 
2026-10-02T12:23:49.1442163Z [INFO] SyncQueueManager: Registered sync handler for entity type: equipment_checks
2026-10-02T12:23:49.1443485Z SyncQueueManager: INFO: Registered sync handler for entity type: equipment_checks 
2026-10-02T12:23:49.1444475Z [INFO] EquipmentCheckSyncRegistrar: Registered sync handler for equipment_checks
2026-10-02T12:23:49.1445459Z EquipmentCheckSyncRegistrar: INFO: Registered sync handler for equipment_checks 
2026-10-02T12:23:49.1446575Z [INFO] SyncQueueManager: Registered sync handler for entity type: benchmarks
2026-10-02T12:23:49.1447567Z SyncQueueManager: INFO: Registered sync handler for entity type: benchmarks 
2026-10-02T12:23:49.1448893Z [INFO] BenchmarkSyncRegistrar: Registered sync handler for benchmarks
2026-10-02T12:23:49.1449842Z BenchmarkSyncRegistrar: INFO: Registered sync handler for benchmarks 
2026-10-02T12:23:49.1450777Z [INFO] GoRouter: Full paths for routes:
2026-10-02T12:23:49.1451645Z ├─/login (LoginPage)
2026-10-02T12:23:49.1452426Z ├─/privacy-gate (PrivacyAckPage)
2026-10-02T12:23:49.1453879Z ├─/__interaction-fixture (AppInteractionFixturePage)
2026-10-02T12:23:49.1454959Z │ └─/__interaction-fixture/form (AppInteractionFixturePage)
2026-10-02T12:23:49.1455733Z ├─ (ShellRoute)
2026-10-02T12:23:49.1456169Z │ ├─/ (BlocProvider<DashboardCubit>)
2026-10-02T12:23:49.1456859Z │ ├─/tools (GroupLandingPage)
2026-10-02T12:23:49.1457721Z │ │ └─/tools/data-bucket (DataBucketListPage)
2026-10-02T12:23:49.1458591Z │ │   ├─/tools/data-bucket/upload 
2026-10-02T12:23:49.1459430Z │ │   └─/tools/data-bucket/:id 
2026-10-02T12:23:49.1460073Z │ ├─/operations (GroupLandingPage)
2026-10-02T12:23:49.1460753Z │ │ ├─/operations/cut-fill (CutFillListScreen)
2026-10-02T12:23:49.1462133Z │ │ │ ├─/operations/cut-fill/form 
2026-10-02T12:23:49.1464001Z │ │ │ └─/operations/cut-fill/:id/form 
2026-10-02T12:23:49.1466213Z │ │ ├─/operations/land-clearing (LandClearingSummaryScreen)
2026-10-02T12:23:49.1467191Z │ │ │ ├─/operations/land-clearing/form 
2026-10-02T12:23:49.1468110Z │ │ │ ├─/operations/land-clearing/:id 
2026-10-02T12:23:49.1468726Z │ │ │ └─/operations/land-clearing/:id/form 
2026-10-02T12:23:49.1469630Z │ │ └─/operations/benchmark-db (BenchmarkListScreen)
2026-10-02T12:23:49.1470445Z │ │   ├─/operations/benchmark-db/form (BenchmarkFormScreen)
2026-10-02T12:23:49.1471302Z │ │   ├─/operations/benchmark-db/:id 
2026-10-02T12:23:49.1471958Z │ │   └─/operations/benchmark-db/:id/form 
2026-10-02T12:23:49.1472528Z │ ├─/teams (GroupLandingPage)
2026-10-02T12:23:49.1473455Z │ │ ├─/teams/attendance (AttendanceScreen)
2026-10-02T12:23:49.1474129Z │ │ │ └─/teams/attendance/form 
2026-10-02T12:23:49.1474729Z │ │ ├─/teams/daily-log (DailyLogListScreen)
2026-10-02T12:23:49.1475344Z │ │ │ ├─/teams/daily-log/form 
2026-10-02T12:23:49.1476112Z │ │ │ └─/teams/daily-log/:id/form 
2026-10-02T12:23:49.1476785Z │ │ ├─/teams/inventory (InventoryDashboardScreen)
2026-10-02T12:23:49.1477608Z │ │ │ ├─/teams/inventory/form 
2026-10-02T12:23:49.1478148Z │ │ │ ├─/teams/inventory/:id 
2026-10-02T12:23:49.1478691Z │ │ │ └─/teams/inventory/:id/form 
2026-10-02T12:23:49.1479392Z │ │ ├─/teams/equipment-check (EquipmentHistoryScreen)
2026-10-02T12:23:49.1480120Z │ │ │ ├─/teams/equipment-check/form 
2026-10-02T12:23:49.1480787Z │ │ │ └─/teams/equipment-check/:id 
2026-10-02T12:23:49.1481628Z │ │ └─/teams/timeline (TimelinePage)
2026-10-02T12:23:49.1482371Z │ └─/settings (SettingsPage)
2026-10-02T12:23:49.1483800Z │   └─/settings/profile/form (ProfileEditPage)
2026-10-02T12:23:49.1484800Z ├─/reports/config (Widget)
2026-10-02T12:23:49.1485926Z └─/notifications (BlocProvider<NotificationCubit>)
2026-10-02T12:23:49.1486668Z known full paths for route names:
2026-10-02T12:23:49.1487320Z   login => /login
2026-10-02T12:23:49.1487817Z   privacy-gate => /privacy-gate
2026-10-02T12:23:49.1488563Z   interaction-fixture => /__interaction-fixture
2026-10-02T12:23:49.1489251Z   interaction-fixture-form => /__interaction-fixture/form
2026-10-02T12:23:49.1490072Z   dashboard => /
2026-10-02T12:23:49.1490485Z   tools => /tools
2026-10-02T12:23:49.1490870Z   data-bucket => /tools/data-bucket
2026-10-02T12:23:49.1491385Z   data-bucket-upload => /tools/data-bucket/upload
2026-10-02T12:23:49.1492063Z   data-bucket-detail => /tools/data-bucket/:id
2026-10-02T12:23:49.1492672Z   operations => /operations
2026-10-02T12:23:49.1493451Z   cut-fill => /operations/cut-fill
2026-10-02T12:23:49.1494037Z   cut-fill-create => /operations/cut-fill/form
2026-10-02T12:23:49.1494660Z   cut-fill-edit => /operations/cut-fill/:id/form
2026-10-02T12:23:49.1495273Z   land-clearing => /operations/land-clearing
2026-10-02T12:23:49.1496048Z   land-clearing-create => /operations/land-clearing/form
2026-10-02T12:23:49.1496763Z   land-clearing-detail => /operations/land-clearing/:id
2026-10-02T12:23:49.1497507Z   land-clearing-edit => /operations/land-clearing/:id/form
2026-10-02T12:23:49.1498149Z   benchmark-db => /operations/benchmark-db
2026-10-02T12:23:49.1498769Z   benchmark-form => /operations/benchmark-db/form
2026-10-02T12:23:49.1499344Z   benchmark-detail => /operations/benchmark-db/:id
2026-10-02T12:23:49.1499969Z   benchmark-edit => /operations/benchmark-db/:id/form
2026-10-02T12:23:49.1500538Z   teams => /teams
2026-10-02T12:23:49.1500937Z   attendance => /teams/attendance
2026-10-02T12:23:49.1501576Z   attendance-form => /teams/attendance/form
2026-10-02T12:23:49.1502168Z   daily-log => /teams/daily-log
2026-10-02T12:23:49.1502695Z   daily-log-form => /teams/daily-log/form
2026-10-02T12:23:49.1503683Z   daily-log-record-form => /teams/daily-log/:id/form
2026-10-02T12:23:49.1504843Z   inventory => /teams/inventory
2026-10-02T12:23:49.1505496Z   inventory-form => /teams/inventory/form
2026-10-02T12:23:49.1506060Z   inventory-detail => /teams/inventory/:id
2026-10-02T12:23:49.1507002Z   inventory-edit => /teams/inventory/:id/form
2026-10-02T12:23:49.1507641Z   equipment-check => /teams/equipment-check
2026-10-02T12:23:49.1508316Z   equipment-check-form => /teams/equipment-check/form
2026-10-02T12:23:49.1509092Z   equipment-check-detail => /teams/equipment-check/:id
2026-10-02T12:23:49.1509928Z   timeline => /teams/timeline
2026-10-02T12:23:49.1510440Z   settings => /settings
2026-10-02T12:23:49.1510951Z   settings-profile => /settings/profile/form
2026-10-02T12:23:49.1511712Z   report-config => /reports/config
2026-10-02T12:23:49.1512225Z   notifications => /notifications
2026-10-02T12:23:49.1512549Z 
2026-10-02T12:23:49.1512742Z GoRouter: INFO: Full paths for routes:
2026-10-02T12:23:49.1513748Z ├─/login (LoginPage)
2026-10-02T12:23:49.1514247Z ├─/privacy-gate (PrivacyAckPage)
2026-10-02T12:23:49.1515092Z ├─/__interaction-fixture (AppInteractionFixturePage)
2026-10-02T12:23:49.1515930Z │ └─/__interaction-fixture/form (AppInteractionFixturePage)
2026-10-02T12:23:49.1516791Z ├─ (ShellRoute)
2026-10-02T12:23:49.1517296Z │ ├─/ (BlocProvider<DashboardCubit>)
2026-10-02T12:23:49.1517913Z │ ├─/tools (GroupLandingPage)
2026-10-02T12:23:49.1518779Z │ │ └─/tools/data-bucket (DataBucketListPage)
2026-10-02T12:23:49.1519491Z │ │   ├─/tools/data-bucket/upload 
2026-10-02T12:23:49.1520620Z │ │   └─/tools/data-bucket/:id 
2026-10-02T12:23:49.1521414Z │ ├─/operations (GroupLandingPage)
2026-10-02T12:23:49.1522147Z │ │ ├─/operations/cut-fill (CutFillListScreen)
2026-10-02T12:23:49.1523198Z │ │ │ ├─/operations/cut-fill/form 
2026-10-02T12:23:49.1524108Z │ │ │ └─/operations/cut-fill/:id/form 
2026-10-02T12:23:49.1524935Z │ │ ├─/operations/land-clearing (LandClearingSummaryScreen)
2026-10-02T12:23:49.1525864Z │ │ │ ├─/operations/land-clearing/form 
2026-10-02T12:23:49.1526486Z │ │ │ ├─/operations/land-clearing/:id 
2026-10-02T12:23:49.1527500Z │ │ │ └─/operations/land-clearing/:id/form 
2026-10-02T12:23:49.1528334Z │ │ └─/operations/benchmark-db (BenchmarkListScreen)
2026-10-02T12:23:49.1529310Z │ │   ├─/operations/benchmark-db/form (BenchmarkFormScreen)
2026-10-02T12:23:49.1530013Z │ │   ├─/operations/benchmark-db/:id 
2026-10-02T12:23:49.1530736Z │ │   └─/operations/benchmark-db/:id/form 
2026-10-02T12:23:49.1531315Z │ ├─/teams (GroupLandingPage)
2026-10-02T12:23:49.1532428Z │ │ ├─/teams/attendance (AttendanceScreen)
2026-10-02T12:23:49.1533311Z │ │ │ └─/teams/attendance/form 
2026-10-02T12:23:49.1534413Z │ │ ├─/teams/daily-log (DailyLogListScreen)
2026-10-02T12:23:49.1535398Z │ │ │ ├─/teams/daily-log/form 
2026-10-02T12:23:49.1535956Z │ │ │ └─/teams/daily-log/:id/form 
2026-10-02T12:23:49.1536954Z │ │ ├─/teams/inventory (InventoryDashboardScreen)
2026-10-02T12:23:49.1540537Z │ │ │ ├─/teams/inventory/form 
2026-10-02T12:23:49.1541238Z │ │ │ ├─/teams/inventory/:id 
2026-10-02T12:23:49.1562899Z │ │ │ └─/teams/inventory/:id/form 
2026-10-02T12:23:49.1564190Z │ │ ├─/teams/equipment-check (EquipmentHistoryScreen)
2026-10-02T12:23:49.1564934Z │ │ │ ├─/teams/equipment-check/form 
2026-10-02T12:23:49.1566048Z │ │ │ └─/teams/equipment-check/:id 
2026-10-02T12:23:49.1566655Z │ │ └─/teams/timeline (TimelinePage)
2026-10-02T12:23:49.1567393Z │ └─/settings (SettingsPage)
2026-10-02T12:23:49.1568040Z │   └─/settings/profile/form (ProfileEditPage)
2026-10-02T12:23:49.1568972Z ├─/reports/config (Widget)
2026-10-02T12:23:49.1569608Z └─/notifications (BlocProvider<NotificationCubit>)
2026-10-02T12:23:49.1570431Z known full paths for route names:
2026-10-02T12:23:49.1570894Z   login => /login
2026-10-02T12:23:49.1571304Z   privacy-gate => /privacy-gate
2026-10-02T12:23:49.1572023Z   interaction-fixture => /__interaction-fixture
2026-10-02T12:23:49.1572680Z   interaction-fixture-form => /__interaction-fixture/form
2026-10-02T12:23:49.1573570Z   dashboard => /
2026-10-02T12:23:49.1574084Z   tools => /tools
2026-10-02T12:23:49.1574502Z   data-bucket => /tools/data-bucket
2026-10-02T12:23:49.1575015Z   data-bucket-upload => /tools/data-bucket/upload
2026-10-02T12:23:49.1575576Z   data-bucket-detail => /tools/data-bucket/:id
2026-10-02T12:23:49.1576709Z   operations => /operations
2026-10-02T12:23:49.1577220Z   cut-fill => /operations/cut-fill
2026-10-02T12:23:49.1577945Z   cut-fill-create => /operations/cut-fill/form
2026-10-02T12:23:49.1578568Z   cut-fill-edit => /operations/cut-fill/:id/form
2026-10-02T12:23:49.1579310Z   land-clearing => /operations/land-clearing
2026-10-02T12:23:49.1579930Z   land-clearing-create => /operations/land-clearing/form
2026-10-02T12:23:49.1580720Z   land-clearing-detail => /operations/land-clearing/:id
2026-10-02T12:23:49.1581395Z   land-clearing-edit => /operations/land-clearing/:id/form
2026-10-02T12:23:49.1581973Z   benchmark-db => /operations/benchmark-db
2026-10-02T12:23:49.1582643Z   benchmark-form => /operations/benchmark-db/form
2026-10-02T12:23:49.1583479Z   benchmark-detail => /operations/benchmark-db/:id
2026-10-02T12:23:49.1584725Z   benchmark-edit => /operations/benchmark-db/:id/form
2026-10-02T12:23:49.1585376Z   teams => /teams
2026-10-02T12:23:49.1585802Z   attendance => /teams/attendance
2026-10-02T12:23:49.1586354Z   attendance-form => /teams/attendance/form
2026-10-02T12:23:49.1586912Z   daily-log => /teams/daily-log
2026-10-02T12:23:49.1587392Z   daily-log-form => /teams/daily-log/form
2026-10-02T12:23:49.1587998Z   daily-log-record-form => /teams/daily-log/:id/form
2026-10-02T12:23:49.1588609Z   inventory => /teams/inventory
2026-10-02T12:23:49.1589124Z   inventory-form => /teams/inventory/form
2026-10-02T12:23:49.1589717Z   inventory-detail => /teams/inventory/:id
2026-10-02T12:23:49.1590320Z   inventory-edit => /teams/inventory/:id/form
2026-10-02T12:23:49.1590931Z   equipment-check => /teams/equipment-check
2026-10-02T12:23:49.1591567Z   equipment-check-form => /teams/equipment-check/form
2026-10-02T12:23:49.1592212Z   equipment-check-detail => /teams/equipment-check/:id
2026-10-02T12:23:49.1592841Z   timeline => /teams/timeline
2026-10-02T12:23:49.1593605Z   settings => /settings
2026-10-02T12:23:49.1594061Z   settings-profile => /settings/profile/form
2026-10-02T12:23:49.1594788Z   report-config => /reports/config
2026-10-02T12:23:49.1595326Z   notifications => /notifications
2026-10-02T12:23:49.1595787Z  
2026-10-02T12:23:49.1596160Z [INFO] GoRouter: setting initial location /login
2026-10-02T12:23:49.1596739Z GoRouter: INFO: setting initial location /login 
2026-10-02T12:23:49.1597286Z [INFO] GoRouter: Using WidgetsApp configuration
2026-10-02T12:23:49.1597865Z GoRouter: INFO: Using WidgetsApp configuration 
2026-10-02T12:23:49.1598414Z [INFO] GoRouter: going to /teams/daily-log
2026-10-02T12:23:49.1598905Z GoRouter: INFO: going to /teams/daily-log 
2026-10-02T12:23:49.1600403Z [INFO] GoRouter: redirecting to RouteMatchList#f3e98(uri: /login, matches: [RouteMatch#4e62b(route: GoRoute#7af86(name: "login", path: "/login"))])
2026-10-02T12:23:49.1602440Z GoRouter: INFO: redirecting to RouteMatchList#f3e98(uri: /login, matches: [RouteMatch#4e62b(route: GoRoute#7af86(name: "login", path: "/login"))]) 
2026-10-02T12:23:49.1605298Z ##[endgroup]
2026-10-02T12:23:49.1606542Z [INFO] supabase.supabase_flutter: Supabase is already initialized. Skipping reinitialization.
2026-10-02T12:23:49.1608691Z supabase.supabase_flutter: INFO: Supabase is already initialized. Skipping reinitialization. 
2026-10-02T12:23:49.1610484Z [INFO] SyncQueueManager: Registered sync handler for entity type: data_bucket_metadata_sync
2026-10-02T12:23:49.1613978Z SyncQueueManager: INFO: Registered sync handler for entity type: data_bucket_metadata_sync 
2026-10-02T12:23:49.1615305Z [INFO] DataBucketSyncRegistrar: Registered sync handler for data_bucket_metadata_sync
2026-10-02T12:23:49.1616353Z DataBucketSyncRegistrar: INFO: Registered sync handler for data_bucket_metadata_sync 
2026-10-02T12:23:49.1617383Z [INFO] SyncQueueManager: Registered sync handler for entity type: cut_fill_records
2026-10-02T12:23:49.1618373Z SyncQueueManager: INFO: Registered sync handler for entity type: cut_fill_records 
2026-10-02T12:23:49.1619344Z [INFO] TrackingSyncRegistrar: Registered sync handler for cut_fill_records
2026-10-02T12:23:49.1620342Z TrackingSyncRegistrar: INFO: Registered sync handler for cut_fill_records 
2026-10-02T12:23:49.1621323Z [INFO] SyncQueueManager: Registered sync handler for entity type: land_clearing_records
2026-10-02T12:23:49.1622373Z SyncQueueManager: INFO: Registered sync handler for entity type: land_clearing_records 
2026-10-02T12:23:49.1623808Z [INFO] TrackingSyncRegistrar: Registered sync handler for land_clearing_records
2026-10-02T12:23:49.1624795Z TrackingSyncRegistrar: INFO: Registered sync handler for land_clearing_records 
2026-10-02T12:23:49.1626077Z [INFO] SyncQueueManager: Registered sync handler for entity type: inventory_items
2026-10-02T12:23:49.1627312Z SyncQueueManager: INFO: Registered sync handler for entity type: inventory_items 
2026-10-02T12:23:49.1628326Z [INFO] TrackingSyncRegistrar: Registered sync handler for inventory_items
2026-10-02T12:23:49.1629792Z TrackingSyncRegistrar: INFO: Registered sync handler for inventory_items 
2026-10-02T12:23:49.1630953Z [INFO] SyncQueueManager: Registered sync handler for entity type: inventory_transactions
2026-10-02T12:23:49.1632314Z SyncQueueManager: INFO: Registered sync handler for entity type: inventory_transactions 
2026-10-02T12:23:49.1633854Z [INFO] TrackingSyncRegistrar: Registered sync handler for inventory_transactions
2026-10-02T12:23:49.1634866Z TrackingSyncRegistrar: INFO: Registered sync handler for inventory_transactions 
2026-10-02T12:23:49.1636670Z [INFO] SyncQueueManager: Registered sync handler for entity type: attendance_records
2026-10-02T12:23:49.1637991Z SyncQueueManager: INFO: Registered sync handler for entity type: attendance_records 
2026-10-02T12:23:49.1639124Z [INFO] AttendanceSyncRegistrar: Registered sync handler for attendance_records
2026-10-02T12:23:49.1640387Z AttendanceSyncRegistrar: INFO: Registered sync handler for attendance_records 
2026-10-02T12:23:49.1641403Z [INFO] SyncQueueManager: Registered sync handler for entity type: daily_logs
2026-10-02T12:23:49.1642586Z SyncQueueManager: INFO: Registered sync handler for entity type: daily_logs 
2026-10-02T12:23:49.1643760Z [INFO] DailyLogSyncRegistrar: Registered sync handler for daily_logs
2026-10-02T12:23:49.1644833Z DailyLogSyncRegistrar: INFO: Registered sync handler for daily_logs 
2026-10-02T12:23:49.1645815Z [INFO] SyncQueueManager: Registered sync handler for entity type: equipment_checks
2026-10-02T12:23:49.1646871Z SyncQueueManager: INFO: Registered sync handler for entity type: equipment_checks 
2026-10-02T12:23:49.1648202Z [INFO] EquipmentCheckSyncRegistrar: Registered sync handler for equipment_checks
2026-10-02T12:23:49.1649322Z EquipmentCheckSyncRegistrar: INFO: Registered sync handler for equipment_checks 
2026-10-02T12:23:49.1650556Z [INFO] SyncQueueManager: Registered sync handler for entity type: benchmarks
2026-10-02T12:23:49.1651745Z SyncQueueManager: INFO: Registered sync handler for entity type: benchmarks 
2026-10-02T12:23:49.1652724Z [INFO] BenchmarkSyncRegistrar: Registered sync handler for benchmarks
2026-10-02T12:23:49.1653912Z BenchmarkSyncRegistrar: INFO: Registered sync handler for benchmarks 
2026-10-02T12:23:49.1655034Z [INFO] GoRouter: Using WidgetsApp configuration
2026-10-02T12:23:49.1655876Z GoRouter: INFO: Using WidgetsApp configuration 
2026-10-02T12:23:49.1656497Z [FINE] supabase.auth: Saving session
2026-10-02T12:23:49.1674746Z [FINEST] supabase.auth: Saving session: Session(providerToken: <redacted>, providerRefreshToken: <redacted>, expiresIn: 3600, tokenType: bearer, user: User(id: cb041494-fccd-493b-b73b-50e952366ea8, appMetadata: {provider: email, providers: [email]}, userMetadata: {email_verified: true}, aud: authenticated, confirmationSentAt: null, recoverySentAt: null, emailChangeSentAt: null, newEmail: null, invitedAt: null, actionLink: null, email: ***, phone: , createdAt: 2026-08-29T08:04:41.039217Z, confirmedAt: 2026-08-29T08:04:41.068013Z, emailConfirmedAt: 2026-08-29T08:04:41.068013Z, phoneConfirmedAt: null, lastSignInAt: 2026-10-02T12:08:33.327617404Z, role: authenticated, updatedAt: 2026-10-02T12:08:33.350552Z, identities: [UserIdentity(id: cb041494-fccd-493b-b73b-50e952366ea8, userId: cb041494-fccd-493b-b73b-50e952366ea8, identityData: {email: ***, email_verified: false, phone_verified: false, sub: cb041494-fccd-493b-b73b-50e952366ea8}, identityId: 8d3c9ac0-0cb4-431a-ba43-538637ad8247, provider: email, createdAt: 2026-08-29T08:04:41.062276Z, lastSignInAt: 2026-08-29T08:04:41.062165Z, updatedAt: 2026-08-29T08:04:41.062276Z)], factors: null, isAnonymous: false), accessToken: <redacted>, refreshToken: <redacted>
2026-10-02T12:23:49.1695548Z [FINEST] supabase.auth: onAuthStateChange: AuthState(event: signedIn, session: Session(providerToken: <redacted>, providerRefreshToken: <redacted>, expiresIn: 3600, tokenType: bearer, user: User(id: cb041494-fccd-493b-b73b-50e952366ea8, appMetadata: {provider: email, providers: [email]}, userMetadata: {email_verified: true}, aud: authenticated, confirmationSentAt: null, recoverySentAt: null, emailChangeSentAt: null, newEmail: null, invitedAt: null, actionLink: null, email: ***, phone: , createdAt: 2026-08-29T08:04:41.039217Z, confirmedAt: 2026-08-29T08:04:41.068013Z, emailConfirmedAt: 2026-08-29T08:04:41.068013Z, phoneConfirmedAt: null, lastSignInAt: 2026-10-02T12:08:33.327617404Z, role: authenticated, updatedAt: 2026-10-02T12:08:33.350552Z, identities: [UserIdentity(id: cb041494-fccd-493b-b73b-50e952366ea8, userId: cb041494-fccd-493b-b73b-50e952366ea8, identityData: {email: ***, email_verified: false, phone_verified: false, sub: cb041494-fccd-493b-b73b-50e952366ea8}, identityId: 8d3c9ac0-0cb4-431a-ba43-538637ad8247, provider: email, createdAt: 2026-08-29T08:04:41.062276Z, lastSignInAt: 2026-08-29T08:04:41.062165Z, updatedAt: 2026-08-29T08:04:41.062276Z)], factors: null, isAnonymous: false), accessToken: <redacted>, refreshToken: <redacted>, fromBroadcast: false, signOutReason: null)
2026-10-02T12:23:49.1706796Z [FINEST] supabase.postgrest: Request: GET ***/rest/v1/users?select=%2A&id=eq.cb041494-fccd-493b-b73b-50e952366ea8
2026-10-02T12:23:49.1708532Z [INFO] GoRouter: redirecting to RouteMatchList#3b5a0(uri: /privacy-gate, matches: [RouteMatch#02b55(route: GoRoute#c439b(name: "privacy-gate", path: "/privacy-gate"))])
2026-10-02T12:23:49.1711792Z GoRouter: INFO: redirecting to RouteMatchList#3b5a0(uri: /privacy-gate, matches: [RouteMatch#02b55(route: GoRoute#c439b(name: "privacy-gate", path: "/privacy-gate"))]) 
2026-10-02T12:23:49.1713905Z [INFO] GoRouter: going to /
2026-10-02T12:23:49.1715151Z GoRouter: INFO: going to / 
2026-10-02T12:23:49.1717934Z [INFO] GoRouter: Using WidgetsApp configuration
2026-10-02T12:23:49.1718649Z GoRouter: INFO: Using WidgetsApp configuration 
2026-10-02T12:23:49.1720347Z [FINEST] supabase.postgrest: Request: GET ***/rest/v1/attendance_records?select=%2A%2Cusers%21attendance_records_user_id_fkey%28name%29&deleted_at=is.null
2026-10-02T12:23:49.1723846Z [FINEST] supabase.postgrest: Request: GET ***/rest/v1/equipment_checks?select=%2A&deleted_at=is.null
2026-10-02T12:23:49.1725418Z [FINE] SyncQueueManager: No pending sync items to process.
2026-10-02T12:23:49.1727737Z [FINEST] supabase.postgrest: Request: GET ***/rest/v1/cut_fill_records?select=%2A&deleted_at=is.null
2026-10-02T12:23:49.1730814Z [INFO] supabase.supabase_flutter: Supabase is already initialized. Skipping reinitialization.
2026-10-02T12:23:49.1732640Z supabase.supabase_flutter: INFO: Supabase is already initialized. Skipping reinitialization. 
2026-10-02T12:23:49.1734739Z [INFO] SyncQueueManager: Registered sync handler for entity type: data_bucket_metadata_sync
2026-10-02T12:23:49.1738078Z SyncQueueManager: INFO: Registered sync handler for entity type: data_bucket_metadata_sync 
2026-10-02T12:23:49.1739835Z [INFO] DataBucketSyncRegistrar: Registered sync handler for data_bucket_metadata_sync
2026-10-02T12:23:49.1741509Z DataBucketSyncRegistrar: INFO: Registered sync handler for data_bucket_metadata_sync 
2026-10-02T12:23:49.1744033Z [INFO] SyncQueueManager: Registered sync handler for entity type: cut_fill_records
2026-10-02T12:23:49.1745628Z SyncQueueManager: INFO: Registered sync handler for entity type: cut_fill_records 
2026-10-02T12:23:49.1747405Z [INFO] TrackingSyncRegistrar: Registered sync handler for cut_fill_records
2026-10-02T12:23:49.1748750Z TrackingSyncRegistrar: INFO: Registered sync handler for cut_fill_records 
2026-10-02T12:23:49.1749736Z [INFO] SyncQueueManager: Registered sync handler for entity type: land_clearing_records
2026-10-02T12:23:49.1751198Z SyncQueueManager: INFO: Registered sync handler for entity type: land_clearing_records 
2026-10-02T12:23:49.1752823Z [INFO] TrackingSyncRegistrar: Registered sync handler for land_clearing_records
2026-10-02T12:23:49.1754459Z TrackingSyncRegistrar: INFO: Registered sync handler for land_clearing_records 
2026-10-02T12:23:49.1755830Z [INFO] SyncQueueManager: Registered sync handler for entity type: inventory_items
2026-10-02T12:23:49.1757691Z SyncQueueManager: INFO: Registered sync handler for entity type: inventory_items 
2026-10-02T12:23:49.1759179Z [INFO] TrackingSyncRegistrar: Registered sync handler for inventory_items
2026-10-02T12:23:49.1761350Z TrackingSyncRegistrar: INFO: Registered sync handler for inventory_items 
2026-10-02T12:23:49.1762743Z [INFO] SyncQueueManager: Registered sync handler for entity type: inventory_transactions
2026-10-02T12:23:49.1764686Z SyncQueueManager: INFO: Registered sync handler for entity type: inventory_transactions 
2026-10-02T12:23:49.1766280Z [INFO] TrackingSyncRegistrar: Registered sync handler for inventory_transactions
2026-10-02T12:23:49.1767945Z TrackingSyncRegistrar: INFO: Registered sync handler for inventory_transactions 
2026-10-02T12:23:49.1780647Z [INFO] SyncQueueManager: Registered sync handler for entity type: attendance_records
2026-10-02T12:23:49.1781713Z SyncQueueManager: INFO: Registered sync handler for entity type: attendance_records 
2026-10-02T12:23:49.1782730Z [INFO] AttendanceSyncRegistrar: Registered sync handler for attendance_records
2026-10-02T12:23:49.1784095Z AttendanceSyncRegistrar: INFO: Registered sync handler for attendance_records 
2026-10-02T12:23:49.1785076Z [INFO] SyncQueueManager: Registered sync handler for entity type: daily_logs
2026-10-02T12:23:49.1786012Z SyncQueueManager: INFO: Registered sync handler for entity type: daily_logs 
2026-10-02T12:23:49.1786929Z [INFO] DailyLogSyncRegistrar: Registered sync handler for daily_logs
2026-10-02T12:23:49.1787846Z DailyLogSyncRegistrar: INFO: Registered sync handler for daily_logs 
2026-10-02T12:23:49.1788866Z [INFO] SyncQueueManager: Registered sync handler for entity type: equipment_checks
2026-10-02T12:23:49.1789883Z SyncQueueManager: INFO: Registered sync handler for entity type: equipment_checks 
2026-10-02T12:23:49.1790907Z [INFO] EquipmentCheckSyncRegistrar: Registered sync handler for equipment_checks
2026-10-02T12:23:49.1791905Z EquipmentCheckSyncRegistrar: INFO: Registered sync handler for equipment_checks 
2026-10-02T12:23:49.1793621Z [INFO] SyncQueueManager: Registered sync handler for entity type: benchmarks
2026-10-02T12:23:49.1794596Z SyncQueueManager: INFO: Registered sync handler for entity type: benchmarks 
2026-10-02T12:23:49.1795807Z [INFO] BenchmarkSyncRegistrar: Registered sync handler for benchmarks
2026-10-02T12:23:49.1796688Z BenchmarkSyncRegistrar: INFO: Registered sync handler for benchmarks 
2026-10-02T12:23:49.1798241Z [FINEST] supabase.postgrest: Request: GET ***/rest/v1/users?select=%2A&id=eq.cb041494-fccd-493b-b73b-50e952366ea8
2026-10-02T12:23:49.1799872Z [FINEST] supabase.postgrest: Request: GET ***/rest/v1/land_clearing_records?select=%2A&deleted_at=is.null
2026-10-02T12:23:49.1801573Z [FINEST] supabase.postgrest: Request: GET ***/rest/v1/inventory_items?select=%2A&deleted_at=is.null
2026-10-02T12:23:49.1802534Z [INFO] GoRouter: going to /
2026-10-02T12:23:49.1803298Z GoRouter: INFO: going to / 
2026-10-02T12:23:49.1803848Z [INFO] GoRouter: going to /tools
2026-10-02T12:23:49.1804384Z GoRouter: INFO: going to /tools 
2026-10-02T12:23:49.1804982Z [INFO] GoRouter: Using WidgetsApp configuration
2026-10-02T12:23:49.1805669Z GoRouter: INFO: Using WidgetsApp configuration 
2026-10-02T12:23:49.1806334Z [INFO] GoRouter: going to /tools/data-bucket
2026-10-02T12:23:49.1806958Z GoRouter: INFO: going to /tools/data-bucket 
2026-10-02T12:23:49.1808551Z [FINEST] supabase.postgrest: Request: GET ***/rest/v1/geospatial_files?select=%2A&deleted_at=is.null&order=created_at.desc.nullslast
2026-10-02T12:23:49.1809848Z [FINER] supabase.auth: Access token expires in 359 ticks
2026-10-02T12:23:49.1810586Z [INFO] GoRouter: going to /tools/data-bucket/upload
2026-10-02T12:23:49.1811269Z GoRouter: INFO: going to /tools/data-bucket/upload 
2026-10-02T12:23:49.1811859Z [INFO] GoRouter: going to /operations
2026-10-02T12:23:49.1812474Z GoRouter: INFO: going to /operations 
2026-10-02T12:23:49.1813329Z [INFO] GoRouter: Using WidgetsApp configuration
2026-10-02T12:23:49.1813991Z GoRouter: INFO: Using WidgetsApp configuration 
2026-10-02T12:23:49.1814846Z [INFO] GoRouter: going to /operations/cut-fill
2026-10-02T12:23:49.1815642Z GoRouter: INFO: going to /operations/cut-fill 
2026-10-02T12:23:49.1816274Z [FINE] SyncQueueManager: No pending sync items to process.
2026-10-02T12:23:49.1817507Z [FINEST] supabase.postgrest: Request: GET ***/rest/v1/cut_fill_records?select=%2A&deleted_at=is.null
2026-10-02T12:23:49.1818350Z [INFO] GoRouter: going to /operations/land-clearing
2026-10-02T12:23:49.1818951Z GoRouter: INFO: going to /operations/land-clearing 
2026-10-02T12:23:49.1819583Z [FINE] SyncQueueManager: No pending sync items to process.
2026-10-02T12:23:49.1857442Z [FINEST] supabase.postgrest: Request: GET ***/rest/v1/cut_fill_records?select=%2A&deleted_at=is.null
2026-10-02T12:23:49.1859082Z [FINEST] supabase.postgrest: Request: GET ***/rest/v1/land_clearing_records?select=%2A&deleted_at=is.null
2026-10-02T12:23:49.1860750Z [FINEST] supabase.postgrest: Request: GET ***/rest/v1/land_clearing_records?select=%2A&deleted_at=is.null
2026-10-02T12:23:49.1862354Z [FINEST] supabase.postgrest: Request: GET ***/rest/v1/inventory_items?select=%2A&deleted_at=is.null
2026-10-02T12:23:49.1873630Z [INFO] GoRouter: going to /operations/benchmark-db
2026-10-02T12:23:49.1874336Z GoRouter: INFO: going to /operations/benchmark-db 
2026-10-02T12:23:49.1875609Z [FINEST] supabase.postgrest: Request: GET ***/rest/v1/inventory_items?select=%2A&deleted_at=is.null
2026-10-02T12:23:49.1876724Z [INFO] GoRouter: going to /operations/benchmark-db/form
2026-10-02T12:23:49.1877428Z GoRouter: INFO: going to /operations/benchmark-db/form 
2026-10-02T12:23:49.1878254Z [INFO] GoRouter: going to /teams
2026-10-02T12:23:49.1878759Z GoRouter: INFO: going to /teams 
2026-10-02T12:23:49.1879342Z [INFO] GoRouter: Using WidgetsApp configuration
2026-10-02T12:23:49.1880062Z GoRouter: INFO: Using WidgetsApp configuration 
2026-10-02T12:23:49.1881236Z [INFO] GoRouter: going to /teams/attendance
2026-10-02T12:23:49.1881859Z GoRouter: INFO: going to /teams/attendance 
2026-10-02T12:23:49.1883833Z [FINEST] supabase.postgrest: Request: GET ***/rest/v1/attendance_records?select=%2A%2Cusers%21attendance_records_user_id_fkey%28name%29&deleted_at=is.null
2026-10-02T12:23:49.1885249Z [INFO] GoRouter: going to /teams/attendance/form
2026-10-02T12:23:49.1886395Z GoRouter: INFO: going to /teams/attendance/form 
2026-10-02T12:23:49.1888502Z [FINEST] supabase.postgrest: Request: GET ***/rest/v1/users?select=%2A&deleted_at=is.null&is_active=eq.true&site_id=eq.f47ac10b-58cc-4372-a567-0e02b2c3d479&order=name.asc.nullslast
2026-10-02T12:23:49.1890872Z [FINEST] supabase.postgrest: Request: GET ***/rest/v1/attendance_records?select=%2A%2Cusers%21attendance_records_user_id_fkey%28name%29&deleted_at=is.null
2026-10-02T12:23:49.1892245Z [INFO] GoRouter: going to /teams/daily-log
2026-10-02T12:23:49.1892819Z GoRouter: INFO: going to /teams/daily-log 
2026-10-02T12:23:49.1955139Z [FINEST] supabase.postgrest: Request: GET ***/rest/v1/users?select=%2A&deleted_at=is.null&is_active=eq.true&site_id=eq.f47ac10b-58cc-4372-a567-0e02b2c3d479&order=name.asc.nullslast
2026-10-02T12:23:49.1957179Z [FINEST] supabase.postgrest: Request: GET ***/rest/v1/daily_logs?select=%2A&deleted_at=is.null
2026-10-02T12:23:49.1958022Z [INFO] GoRouter: going to /teams/inventory
2026-10-02T12:23:49.1958564Z GoRouter: INFO: going to /teams/inventory 
2026-10-02T12:23:49.1959337Z [FINE] SyncQueueManager: No pending sync items to process.
2026-10-02T12:23:49.1960693Z [FINEST] supabase.postgrest: Request: GET ***/rest/v1/cut_fill_records?select=%2A&deleted_at=is.null
2026-10-02T12:23:49.1962176Z [FINEST] supabase.postgrest: Request: GET ***/rest/v1/land_clearing_records?select=%2A&deleted_at=is.null
2026-10-02T12:23:49.1963806Z [FINEST] supabase.postgrest: Request: GET ***/rest/v1/inventory_items?select=%2A&deleted_at=is.null
2026-10-02T12:23:49.1964680Z [INFO] GoRouter: going to /teams/equipment-check
2026-10-02T12:23:49.1965269Z GoRouter: INFO: going to /teams/equipment-check 
2026-10-02T12:23:49.1966427Z [FINEST] supabase.postgrest: Request: GET ***/rest/v1/equipment_checks?select=%2A&deleted_at=is.null
2026-10-02T12:23:49.1967756Z [INFO] GoRouter: going to /teams/equipment-check/form
2026-10-02T12:23:49.1968408Z GoRouter: INFO: going to /teams/equipment-check/form 
2026-10-02T12:23:49.1968987Z [INFO] GoRouter: going to /teams/timeline
2026-10-02T12:23:49.1969504Z GoRouter: INFO: going to /teams/timeline 
2026-10-02T12:23:49.1971186Z [FINEST] supabase.postgrest: Request: GET ***/rest/v1/timeline_milestones?select=%2A&site_id=eq.f47ac10b-58cc-4372-a567-0e02b2c3d479&deleted_at=is.null&order=target_date.asc.nullslast
2026-10-02T12:23:49.1974165Z [FINEST] supabase.postgrest: Request: GET ***/rest/v1/cut_fill_records?select=%2A&site_id=eq.f47ac10b-58cc-4372-a567-0e02b2c3d479&deleted_at=is.null&measured_at=gte.2026-09-02T12%3A08%3A45.783070&measured_at=lte.2026-10-02T12%3A08%3A45.783100
2026-10-02T12:23:49.1977445Z [FINEST] supabase.postgrest: Request: GET ***/rest/v1/land_clearing_records?select=%2A&site_id=eq.f47ac10b-58cc-4372-a567-0e02b2c3d479&deleted_at=is.null&cleared_at=gte.2026-09-02T12%3A08%3A45.783070&cleared_at=lte.2026-10-02T12%3A08%3A45.783100
2026-10-02T12:23:49.1979327Z [INFO] GoRouter: going to /settings
2026-10-02T12:23:49.2063652Z GoRouter: INFO: going to /settings 
2026-10-02T12:23:49.2064400Z [INFO] GoRouter: Using WidgetsApp configuration
2026-10-02T12:23:49.2065075Z GoRouter: INFO: Using WidgetsApp configuration 
2026-10-02T12:23:49.2065855Z [INFO] GoRouter: going to /tools/data-bucket/e2e-deep-link-probe-id
2026-10-02T12:23:49.2066735Z GoRouter: INFO: going to /tools/data-bucket/e2e-deep-link-probe-id 
2026-10-02T12:23:49.2067469Z [INFO] GoRouter: going to /notifications
2026-10-02T12:23:49.2068033Z GoRouter: INFO: going to /notifications 
2026-10-02T12:23:49.2068589Z [INFO] GoRouter: going to /reports/config
2026-10-02T12:23:49.2069148Z GoRouter: INFO: going to /reports/config 
2026-10-02T12:23:49.2069807Z [FINER] supabase.auth: Access token expires in 358 ticks
2026-10-02T12:23:49.2070593Z [INFO] supabase.auth: Signing out user with scope: local
2026-10-02T12:23:49.2071372Z supabase.auth: INFO: Signing out user with scope: local 
2026-10-02T12:23:49.2072043Z [FINE] supabase.auth: Removing session
2026-10-02T12:23:49.2073478Z [FINEST] supabase.auth: onAuthStateChange: AuthState(event: signedOut, session: null, fromBroadcast: false, signOutReason: userInitiated)
2026-10-02T12:23:49.2075543Z [INFO] GoRouter: redirecting to RouteMatchList#f3e98(uri: /login, matches: [RouteMatch#4e62b(route: GoRoute#7af86(name: "login", path: "/login"))])
2026-10-02T12:23:49.2077288Z GoRouter: INFO: redirecting to RouteMatchList#f3e98(uri: /login, matches: [RouteMatch#4e62b(route: GoRoute#7af86(name: "login", path: "/login"))]) 
2026-10-02T12:23:49.2080797Z ##[group]✅ /home/runner/work/mine-flow-app/mine-flow-app/integration_test/journeys/deep_link_journey_test.dart: Deep Link Journey (STEP-45.13 / RISK-0006) authenticated deep links resolve by URI, keep the shell, bind :id, and redirect again after sign-out
2026-10-02T12:23:49.2082908Z [INFO] supabase.supabase_flutter: Supabase is already initialized. Skipping reinitialization.
2026-10-02T12:23:49.2084234Z [INFO] SyncQueueManager: Registered sync handler for entity type: data_bucket_metadata_sync
2026-10-02T12:23:49.2085308Z [INFO] DataBucketSyncRegistrar: Registered sync handler for data_bucket_metadata_sync
2026-10-02T12:23:49.2086321Z [INFO] SyncQueueManager: Registered sync handler for entity type: cut_fill_records
2026-10-02T12:23:49.2087256Z [INFO] TrackingSyncRegistrar: Registered sync handler for cut_fill_records
2026-10-02T12:23:49.2088227Z [INFO] SyncQueueManager: Registered sync handler for entity type: land_clearing_records
2026-10-02T12:23:49.2089221Z [INFO] TrackingSyncRegistrar: Registered sync handler for land_clearing_records
2026-10-02T12:23:49.2090177Z [INFO] SyncQueueManager: Registered sync handler for entity type: inventory_items
2026-10-02T12:23:49.2091095Z [INFO] TrackingSyncRegistrar: Registered sync handler for inventory_items
2026-10-02T12:23:49.2092050Z [INFO] SyncQueueManager: Registered sync handler for entity type: inventory_transactions
2026-10-02T12:23:49.2123643Z [INFO] TrackingSyncRegistrar: Registered sync handler for inventory_transactions
2026-10-02T12:23:49.2124751Z [INFO] SyncQueueManager: Registered sync handler for entity type: attendance_records
2026-10-02T12:23:49.2125782Z [INFO] AttendanceSyncRegistrar: Registered sync handler for attendance_records
2026-10-02T12:23:49.2126765Z [INFO] SyncQueueManager: Registered sync handler for entity type: daily_logs
2026-10-02T12:23:49.2127661Z [INFO] DailyLogSyncRegistrar: Registered sync handler for daily_logs
2026-10-02T12:23:49.2128876Z [INFO] SyncQueueManager: Registered sync handler for entity type: equipment_checks
2026-10-02T12:23:49.2130069Z [INFO] EquipmentCheckSyncRegistrar: Registered sync handler for equipment_checks
2026-10-02T12:23:49.2131331Z [INFO] SyncQueueManager: Registered sync handler for entity type: benchmarks
2026-10-02T12:23:49.2132686Z [INFO] BenchmarkSyncRegistrar: Registered sync handler for benchmarks
2026-10-02T12:23:49.2133745Z [INFO] GoRouter: Using WidgetsApp configuration
2026-10-02T12:23:49.2134374Z [FINE] supabase.auth: Saving session
2026-10-02T12:23:49.2142728Z [FINEST] supabase.auth: Saving session: Session(providerToken: <redacted>, providerRefreshToken: <redacted>, expiresIn: 3600, tokenType: bearer, user: User(id: cb041494-fccd-493b-b73b-50e952366ea8, appMetadata: {provider: email, providers: [email]}, userMetadata: {email_verified: true}, aud: authenticated, confirmationSentAt: null, recoverySentAt: null, emailChangeSentAt: null, newEmail: null, invitedAt: null, actionLink: null, email: ***, phone: , createdAt: 2026-08-29T08:04:41.039217Z, confirmedAt: 2026-08-29T08:04:41.068013Z, emailConfirmedAt: 2026-08-29T08:04:41.068013Z, phoneConfirmedAt: null, lastSignInAt: 2026-10-02T12:08:33.327617404Z, role: authenticated, updatedAt: 2026-10-02T12:08:33.350552Z, identities: [UserIdentity(id: cb041494-fccd-493b-b73b-50e952366ea8, userId: cb041494-fccd-493b-b73b-50e952366ea8, identityData: {email: ***, email_verified: false, phone_verified: false, sub: cb041494-fccd-493b-b73b-50e952366ea8}, identityId: 8d3c9ac0-0cb4-431a-ba43-538637ad8247, provider: email, createdAt: 2026-08-29T08:04:41.062276Z, lastSignInAt: 2026-08-29T08:04:41.062165Z, updatedAt: 2026-08-29T08:04:41.062276Z)], factors: null, isAnonymous: false), accessToken: <redacted>, refreshToken: <redacted>
2026-10-02T12:23:49.2218787Z [FINEST] supabase.auth: onAuthStateChange: AuthState(event: signedIn, session: Session(providerToken: <redacted>, providerRefreshToken: <redacted>, expiresIn: 3600, tokenType: bearer, user: User(id: cb041494-fccd-493b-b73b-50e952366ea8, appMetadata: {provider: email, providers: [email]}, userMetadata: {email_verified: true}, aud: authenticated, confirmationSentAt: null, recoverySentAt: null, emailChangeSentAt: null, newEmail: null, invitedAt: null, actionLink: null, email: ***, phone: , createdAt: 2026-08-29T08:04:41.039217Z, confirmedAt: 2026-08-29T08:04:41.068013Z, emailConfirmedAt: 2026-08-29T08:04:41.068013Z, phoneConfirmedAt: null, lastSignInAt: 2026-10-02T12:08:33.327617404Z, role: authenticated, updatedAt: 2026-10-02T12:08:33.350552Z, identities: [UserIdentity(id: cb041494-fccd-493b-b73b-50e952366ea8, userId: cb041494-fccd-493b-b73b-50e952366ea8, identityData: {email: ***, email_verified: false, phone_verified: false, sub: cb041494-fccd-493b-b73b-50e952366ea8}, identityId: 8d3c9ac0-0cb4-431a-ba43-538637ad8247, provider: email, createdAt: 2026-08-29T08:04:41.062276Z, lastSignInAt: 2026-08-29T08:04:41.062165Z, updatedAt: 2026-08-29T08:04:41.062276Z)], factors: null, isAnonymous: false), accessToken: <redacted>, refreshToken: <redacted>, fromBroadcast: false, signOutReason: null)
2026-10-02T12:23:49.2228870Z [FINEST] supabase.postgrest: Request: GET ***/rest/v1/users?select=%2A&id=eq.cb041494-fccd-493b-b73b-50e952366ea8
2026-10-02T12:23:49.2230686Z [INFO] GoRouter: redirecting to RouteMatchList#3b5a0(uri: /privacy-gate, matches: [RouteMatch#02b55(route: GoRoute#c439b(name: "privacy-gate", path: "/privacy-gate"))])
2026-10-02T12:23:49.2232090Z [INFO] GoRouter: going to /
2026-10-02T12:23:49.2233180Z [INFO] GoRouter: Using WidgetsApp configuration
2026-10-02T12:23:49.2234824Z [FINEST] supabase.postgrest: Request: GET ***/rest/v1/attendance_records?select=%2A%2Cusers%21attendance_records_user_id_fkey%28name%29&deleted_at=is.null
2026-10-02T12:23:49.2236646Z [FINEST] supabase.postgrest: Request: GET ***/rest/v1/equipment_checks?select=%2A&deleted_at=is.null
2026-10-02T12:23:49.2237592Z [FINE] SyncQueueManager: No pending sync items to process.
2026-10-02T12:23:49.2238796Z [FINEST] supabase.postgrest: Request: GET ***/rest/v1/cut_fill_records?select=%2A&deleted_at=is.null
2026-10-02T12:23:49.2239925Z [INFO] supabase.supabase_flutter: Supabase is already initialized. Skipping reinitialization.
2026-10-02T12:23:49.2241031Z [INFO] supabase.supabase_flutter: Supabase is already initialized. Skipping reinitialization.
2026-10-02T12:23:49.2242128Z [INFO] SyncQueueManager: Registered sync handler for entity type: data_bucket_metadata_sync
2026-10-02T12:23:49.2304816Z [INFO] SyncQueueManager: Registered sync handler for entity type: data_bucket_metadata_sync
2026-10-02T12:23:49.2306003Z [INFO] DataBucketSyncRegistrar: Registered sync handler for data_bucket_metadata_sync
2026-10-02T12:23:49.2307171Z [INFO] DataBucketSyncRegistrar: Registered sync handler for data_bucket_metadata_sync
2026-10-02T12:23:49.2308305Z [INFO] SyncQueueManager: Registered sync handler for entity type: cut_fill_records
2026-10-02T12:23:49.2309338Z [INFO] SyncQueueManager: Registered sync handler for entity type: cut_fill_records
2026-10-02T12:23:49.2310256Z [INFO] TrackingSyncRegistrar: Registered sync handler for cut_fill_records
2026-10-02T12:23:49.2311147Z [INFO] TrackingSyncRegistrar: Registered sync handler for cut_fill_records
2026-10-02T12:23:49.2312098Z [INFO] SyncQueueManager: Registered sync handler for entity type: land_clearing_records
2026-10-02T12:23:49.2313374Z [INFO] SyncQueueManager: Registered sync handler for entity type: land_clearing_records
2026-10-02T12:23:49.2314398Z [INFO] TrackingSyncRegistrar: Registered sync handler for land_clearing_records
2026-10-02T12:23:49.2315401Z [INFO] TrackingSyncRegistrar: Registered sync handler for land_clearing_records
2026-10-02T12:23:49.2316751Z [INFO] SyncQueueManager: Registered sync handler for entity type: inventory_items
2026-10-02T12:23:49.2317707Z [INFO] SyncQueueManager: Registered sync handler for entity type: inventory_items
2026-10-02T12:23:49.2318659Z [INFO] TrackingSyncRegistrar: Registered sync handler for inventory_items
2026-10-02T12:23:49.2319531Z [INFO] TrackingSyncRegistrar: Registered sync handler for inventory_items
2026-10-02T12:23:49.2320481Z [INFO] SyncQueueManager: Registered sync handler for entity type: inventory_transactions
2026-10-02T12:23:49.2321615Z [INFO] SyncQueueManager: Registered sync handler for entity type: inventory_transactions
2026-10-02T12:23:49.2322747Z [INFO] TrackingSyncRegistrar: Registered sync handler for inventory_transactions
2026-10-02T12:23:49.2324331Z [INFO] TrackingSyncRegistrar: Registered sync handler for inventory_transactions
2026-10-02T12:23:49.2325497Z [INFO] SyncQueueManager: Registered sync handler for entity type: attendance_records
2026-10-02T12:23:49.2326965Z [INFO] SyncQueueManager: Registered sync handler for entity type: attendance_records
2026-10-02T12:23:49.2328253Z [INFO] AttendanceSyncRegistrar: Registered sync handler for attendance_records
2026-10-02T12:23:49.2329530Z [INFO] AttendanceSyncRegistrar: Registered sync handler for attendance_records
2026-10-02T12:23:49.2330597Z [INFO] SyncQueueManager: Registered sync handler for entity type: daily_logs
2026-10-02T12:23:49.2331477Z [INFO] SyncQueueManager: Registered sync handler for entity type: daily_logs
2026-10-02T12:23:49.2332542Z [INFO] DailyLogSyncRegistrar: Registered sync handler for daily_logs
2026-10-02T12:23:49.2343992Z [INFO] DailyLogSyncRegistrar: Registered sync handler for daily_logs
2026-10-02T12:23:49.2344943Z [INFO] SyncQueueManager: Registered sync handler for entity type: equipment_checks
2026-10-02T12:23:49.2346275Z [INFO] SyncQueueManager: Registered sync handler for entity type: equipment_checks
2026-10-02T12:23:49.2347361Z [INFO] EquipmentCheckSyncRegistrar: Registered sync handler for equipment_checks
2026-10-02T12:23:49.2348417Z [INFO] EquipmentCheckSyncRegistrar: Registered sync handler for equipment_checks
2026-10-02T12:23:49.2349438Z [INFO] SyncQueueManager: Registered sync handler for entity type: benchmarks
2026-10-02T12:23:49.2350410Z [INFO] SyncQueueManager: Registered sync handler for entity type: benchmarks
2026-10-02T12:23:49.2351363Z [INFO] BenchmarkSyncRegistrar: Registered sync handler for benchmarks
2026-10-02T12:23:49.2352292Z [INFO] BenchmarkSyncRegistrar: Registered sync handler for benchmarks
2026-10-02T12:23:49.2354588Z [FINEST] supabase.postgrest: Request: GET ***/rest/v1/users?select=%2A&id=eq.cb041494-fccd-493b-b73b-50e952366ea8
2026-10-02T12:23:49.2356736Z [FINEST] supabase.postgrest: Request: GET ***/rest/v1/users?select=%2A&id=eq.cb041494-fccd-493b-b73b-50e952366ea8
2026-10-02T12:23:49.2358454Z [FINEST] supabase.postgrest: Request: GET ***/rest/v1/land_clearing_records?select=%2A&deleted_at=is.null
2026-10-02T12:23:49.2360028Z [FINEST] supabase.postgrest: Request: GET ***/rest/v1/land_clearing_records?select=%2A&deleted_at=is.null
2026-10-02T12:23:49.2393313Z [FINEST] supabase.postgrest: Request: GET ***/rest/v1/inventory_items?select=%2A&deleted_at=is.null
2026-10-02T12:23:49.2394904Z [FINEST] supabase.postgrest: Request: GET ***/rest/v1/inventory_items?select=%2A&deleted_at=is.null
2026-10-02T12:23:49.2395791Z [INFO] GoRouter: going to /
2026-10-02T12:23:49.2396352Z [INFO] GoRouter: going to /
2026-10-02T12:23:49.2398438Z [INFO] GoRouter: going to /tools
2026-10-02T12:23:49.2398945Z [INFO] GoRouter: going to /tools
2026-10-02T12:23:49.2399467Z [INFO] GoRouter: Using WidgetsApp configuration
2026-10-02T12:23:49.2400066Z [INFO] GoRouter: Using WidgetsApp configuration
2026-10-02T12:23:49.2406475Z [INFO] GoRouter: going to /tools/data-bucket
2026-10-02T12:23:49.2407174Z [INFO] GoRouter: going to /tools/data-bucket
2026-10-02T12:23:49.2408759Z [FINEST] supabase.postgrest: Request: GET ***/rest/v1/geospatial_files?select=%2A&deleted_at=is.null&order=created_at.desc.nullslast
2026-10-02T12:23:49.2411305Z [FINEST] supabase.postgrest: Request: GET ***/rest/v1/geospatial_files?select=%2A&deleted_at=is.null&order=created_at.desc.nullslast
2026-10-02T12:23:49.2412464Z [FINER] supabase.auth: Access token expires in 359 ticks
2026-10-02T12:23:49.2413445Z [FINER] supabase.auth: Access token expires in 359 ticks
2026-10-02T12:23:49.2414127Z [INFO] GoRouter: going to /tools/data-bucket/upload
2026-10-02T12:23:49.2414726Z [INFO] GoRouter: going to /tools/data-bucket/upload
2026-10-02T12:23:49.2415285Z [INFO] GoRouter: going to /operations
2026-10-02T12:23:49.2415825Z [INFO] GoRouter: going to /operations
2026-10-02T12:23:49.2416381Z [INFO] GoRouter: Using WidgetsApp configuration
2026-10-02T12:23:49.2417014Z [INFO] GoRouter: Using WidgetsApp configuration
2026-10-02T12:23:49.2418029Z [INFO] GoRouter: going to /operations/cut-fill
2026-10-02T12:23:49.2418687Z [INFO] GoRouter: going to /operations/cut-fill
2026-10-02T12:23:49.2419331Z [FINE] SyncQueueManager: No pending sync items to process.
2026-10-02T12:23:49.2420039Z [FINE] SyncQueueManager: No pending sync items to process.
2026-10-02T12:23:49.2421283Z [FINEST] supabase.postgrest: Request: GET ***/rest/v1/cut_fill_records?select=%2A&deleted_at=is.null
2026-10-02T12:23:49.2422819Z [FINEST] supabase.postgrest: Request: GET ***/rest/v1/cut_fill_records?select=%2A&deleted_at=is.null
2026-10-02T12:23:49.2424483Z [INFO] GoRouter: going to /operations/land-clearing
2026-10-02T12:23:49.2425172Z [INFO] GoRouter: going to /operations/land-clearing
2026-10-02T12:23:49.2425888Z [FINE] SyncQueueManager: No pending sync items to process.
2026-10-02T12:23:49.2426641Z [FINE] SyncQueueManager: No pending sync items to process.
2026-10-02T12:23:49.2427909Z [FINEST] supabase.postgrest: Request: GET ***/rest/v1/cut_fill_records?select=%2A&deleted_at=is.null
2026-10-02T12:23:49.2430940Z [FINEST] supabase.postgrest: Request: GET ***/rest/v1/cut_fill_records?select=%2A&deleted_at=is.null
2026-10-02T12:23:49.2432726Z [FINEST] supabase.postgrest: Request: GET ***/rest/v1/land_clearing_records?select=%2A&deleted_at=is.null
2026-10-02T12:23:49.2434678Z [FINEST] supabase.postgrest: Request: GET ***/rest/v1/land_clearing_records?select=%2A&deleted_at=is.null
2026-10-02T12:23:49.2436293Z [FINEST] supabase.postgrest: Request: GET ***/rest/v1/land_clearing_records?select=%2A&deleted_at=is.null
2026-10-02T12:23:49.2437951Z [FINEST] supabase.postgrest: Request: GET ***/rest/v1/land_clearing_records?select=%2A&deleted_at=is.null
2026-10-02T12:23:49.2439618Z [FINEST] supabase.postgrest: Request: GET ***/rest/v1/inventory_items?select=%2A&deleted_at=is.null
2026-10-02T12:23:49.2441218Z [FINEST] supabase.postgrest: Request: GET ***/rest/v1/inventory_items?select=%2A&deleted_at=is.null
2026-10-02T12:23:49.2442218Z [INFO] GoRouter: going to /operations/benchmark-db
2026-10-02T12:23:49.2442910Z [INFO] GoRouter: going to /operations/benchmark-db
2026-10-02T12:23:49.2444508Z [FINEST] supabase.postgrest: Request: GET ***/rest/v1/inventory_items?select=%2A&deleted_at=is.null
2026-10-02T12:23:49.2446124Z [FINEST] supabase.postgrest: Request: GET ***/rest/v1/inventory_items?select=%2A&deleted_at=is.null
2026-10-02T12:23:49.2447150Z [INFO] GoRouter: going to /operations/benchmark-db/form
2026-10-02T12:23:49.2447877Z [INFO] GoRouter: going to /operations/benchmark-db/form
2026-10-02T12:23:49.2448586Z [INFO] GoRouter: going to /teams
2026-10-02T12:23:49.2449112Z [INFO] GoRouter: going to /teams
2026-10-02T12:23:49.2449660Z [INFO] GoRouter: Using WidgetsApp configuration
2026-10-02T12:23:49.2450303Z [INFO] GoRouter: Using WidgetsApp configuration
2026-10-02T12:23:49.2450883Z [INFO] GoRouter: going to /teams/attendance
2026-10-02T12:23:49.2451412Z [INFO] GoRouter: going to /teams/attendance
2026-10-02T12:23:49.2453290Z [FINEST] supabase.postgrest: Request: GET ***/rest/v1/attendance_records?select=%2A%2Cusers%21attendance_records_user_id_fkey%28name%29&deleted_at=is.null
2026-10-02T12:23:49.2455606Z [FINEST] supabase.postgrest: Request: GET ***/rest/v1/attendance_records?select=%2A%2Cusers%21attendance_records_user_id_fkey%28name%29&deleted_at=is.null
2026-10-02T12:23:49.2457255Z [INFO] GoRouter: going to /teams/attendance/form
2026-10-02T12:23:49.2457908Z [INFO] GoRouter: going to /teams/attendance/form
2026-10-02T12:23:49.2459744Z [FINEST] supabase.postgrest: Request: GET ***/rest/v1/users?select=%2A&deleted_at=is.null&is_active=eq.true&site_id=eq.f47ac10b-58cc-4372-a567-0e02b2c3d479&order=name.asc.nullslast
2026-10-02T12:23:49.2462325Z [FINEST] supabase.postgrest: Request: GET ***/rest/v1/users?select=%2A&deleted_at=is.null&is_active=eq.true&site_id=eq.f47ac10b-58cc-4372-a567-0e02b2c3d479&order=name.asc.nullslast
2026-10-02T12:23:49.2467458Z [FINEST] supabase.postgrest: Request: GET ***/rest/v1/attendance_records?select=%2A%2Cusers%21attendance_records_user_id_fkey%28name%29&deleted_at=is.null
2026-10-02T12:23:49.2470278Z [FINEST] supabase.postgrest: Request: GET ***/rest/v1/attendance_records?select=%2A%2Cusers%21attendance_records_user_id_fkey%28name%29&deleted_at=is.null
2026-10-02T12:23:49.2471521Z [INFO] GoRouter: going to /teams/daily-log
2026-10-02T12:23:49.2472059Z [INFO] GoRouter: going to /teams/daily-log
2026-10-02T12:23:49.2473870Z [FINEST] supabase.postgrest: Request: GET ***/rest/v1/users?select=%2A&deleted_at=is.null&is_active=eq.true&site_id=eq.f47ac10b-58cc-4372-a567-0e02b2c3d479&order=name.asc.nullslast
2026-10-02T12:23:49.2476225Z [FINEST] supabase.postgrest: Request: GET ***/rest/v1/users?select=%2A&deleted_at=is.null&is_active=eq.true&site_id=eq.f47ac10b-58cc-4372-a567-0e02b2c3d479&order=name.asc.nullslast
2026-10-02T12:23:49.2478071Z [FINEST] supabase.postgrest: Request: GET ***/rest/v1/daily_logs?select=%2A&deleted_at=is.null
2026-10-02T12:23:49.2479447Z [FINEST] supabase.postgrest: Request: GET ***/rest/v1/daily_logs?select=%2A&deleted_at=is.null
2026-10-02T12:23:49.2480257Z [INFO] GoRouter: going to /teams/inventory
2026-10-02T12:23:49.2481131Z [INFO] GoRouter: going to /teams/inventory
2026-10-02T12:23:49.2481860Z [FINE] SyncQueueManager: No pending sync items to process.
2026-10-02T12:23:49.2482635Z [FINE] SyncQueueManager: No pending sync items to process.
2026-10-02T12:23:49.2484229Z [FINEST] supabase.postgrest: Request: GET ***/rest/v1/cut_fill_records?select=%2A&deleted_at=is.null
2026-10-02T12:23:49.2485865Z [FINEST] supabase.postgrest: Request: GET ***/rest/v1/cut_fill_records?select=%2A&deleted_at=is.null
2026-10-02T12:23:49.2487514Z [FINEST] supabase.postgrest: Request: GET ***/rest/v1/land_clearing_records?select=%2A&deleted_at=is.null
2026-10-02T12:23:49.2489235Z [FINEST] supabase.postgrest: Request: GET ***/rest/v1/land_clearing_records?select=%2A&deleted_at=is.null
2026-10-02T12:23:49.2490859Z [FINEST] supabase.postgrest: Request: GET ***/rest/v1/inventory_items?select=%2A&deleted_at=is.null
2026-10-02T12:23:49.2492448Z [FINEST] supabase.postgrest: Request: GET ***/rest/v1/inventory_items?select=%2A&deleted_at=is.null
2026-10-02T12:23:49.2493744Z [INFO] GoRouter: going to /teams/equipment-check
2026-10-02T12:23:49.2494395Z [INFO] GoRouter: going to /teams/equipment-check
2026-10-02T12:23:49.2497042Z [FINEST] supabase.postgrest: Request: GET ***/rest/v1/equipment_checks?select=%2A&deleted_at=is.null
2026-10-02T12:23:49.2498494Z [FINEST] supabase.postgrest: Request: GET ***/rest/v1/equipment_checks?select=%2A&deleted_at=is.null
2026-10-02T12:23:49.2499446Z [INFO] GoRouter: going to /teams/equipment-check/form
2026-10-02T12:23:49.2500678Z [INFO] GoRouter: going to /teams/equipment-check/form
2026-10-02T12:23:49.2501242Z [INFO] GoRouter: going to /teams/timeline
2026-10-02T12:23:49.2501723Z [INFO] GoRouter: going to /teams/timeline
2026-10-02T12:23:49.2503529Z [FINEST] supabase.postgrest: Request: GET ***/rest/v1/timeline_milestones?select=%2A&site_id=eq.f47ac10b-58cc-4372-a567-0e02b2c3d479&deleted_at=is.null&order=target_date.asc.nullslast
2026-10-02T12:23:49.2506001Z [FINEST] supabase.postgrest: Request: GET ***/rest/v1/timeline_milestones?select=%2A&site_id=eq.f47ac10b-58cc-4372-a567-0e02b2c3d479&deleted_at=is.null&order=target_date.asc.nullslast
2026-10-02T12:23:49.2509134Z [FINEST] supabase.postgrest: Request: GET ***/rest/v1/cut_fill_records?select=%2A&site_id=eq.f47ac10b-58cc-4372-a567-0e02b2c3d479&deleted_at=is.null&measured_at=gte.2026-09-02T12%3A08%3A45.783070&measured_at=lte.2026-10-02T12%3A08%3A45.783100
2026-10-02T12:23:49.2516857Z [FINEST] supabase.postgrest: Request: GET ***/rest/v1/cut_fill_records?select=%2A&site_id=eq.f47ac10b-58cc-4372-a567-0e02b2c3d479&deleted_at=is.null&measured_at=gte.2026-09-02T12%3A08%3A45.783070&measured_at=lte.2026-10-02T12%3A08%3A45.783100
2026-10-02T12:23:49.2531335Z [FINEST] supabase.postgrest: Request: GET ***/rest/v1/land_clearing_records?select=%2A&site_id=eq.f47ac10b-58cc-4372-a567-0e02b2c3d479&deleted_at=is.null&cleared_at=gte.2026-09-02T12%3A08%3A45.783070&cleared_at=lte.2026-10-02T12%3A08%3A45.783100
2026-10-02T12:23:49.2537864Z [FINEST] supabase.postgrest: Request: GET ***/rest/v1/land_clearing_records?select=%2A&site_id=eq.f47ac10b-58cc-4372-a567-0e02b2c3d479&deleted_at=is.null&cleared_at=gte.2026-09-02T12%3A08%3A45.783070&cleared_at=lte.2026-10-02T12%3A08%3A45.783100
2026-10-02T12:23:49.2542014Z [INFO] GoRouter: going to /settings
2026-10-02T12:23:49.2542584Z [INFO] GoRouter: going to /settings
2026-10-02T12:23:49.2543340Z [INFO] GoRouter: Using WidgetsApp configuration
2026-10-02T12:23:49.2543930Z [INFO] GoRouter: Using WidgetsApp configuration
2026-10-02T12:23:49.2544608Z [INFO] GoRouter: going to /tools/data-bucket/e2e-deep-link-probe-id
2026-10-02T12:23:49.2545412Z [INFO] GoRouter: going to /tools/data-bucket/e2e-deep-link-probe-id
2026-10-02T12:23:49.2546074Z [INFO] GoRouter: going to /notifications
2026-10-02T12:23:49.2546582Z [INFO] GoRouter: going to /notifications
2026-10-02T12:23:49.2547088Z [INFO] GoRouter: going to /reports/config
2026-10-02T12:23:49.2547609Z [INFO] GoRouter: going to /reports/config
2026-10-02T12:23:49.2548463Z [FINER] supabase.auth: Access token expires in 358 ticks
2026-10-02T12:23:49.2549134Z [FINER] supabase.auth: Access token expires in 358 ticks
2026-10-02T12:23:49.2549796Z [INFO] supabase.auth: Signing out user with scope: local
2026-10-02T12:23:49.2555306Z [INFO] supabase.auth: Signing out user with scope: local
2026-10-02T12:23:49.2555947Z [FINE] supabase.auth: Removing session
2026-10-02T12:23:49.2556844Z [FINE] supabase.auth: Removing session
2026-10-02T12:23:49.2557921Z [FINEST] supabase.auth: onAuthStateChange: AuthState(event: signedOut, session: null, fromBroadcast: false, signOutReason: userInitiated)
2026-10-02T12:23:49.2559586Z [FINEST] supabase.auth: onAuthStateChange: AuthState(event: signedOut, session: null, fromBroadcast: false, signOutReason: userInitiated)
2026-10-02T12:23:49.2561278Z [INFO] GoRouter: redirecting to RouteMatchList#f3e98(uri: /login, matches: [RouteMatch#4e62b(route: GoRoute#7af86(name: "login", path: "/login"))])
2026-10-02T12:23:49.2563207Z [INFO] GoRouter: redirecting to RouteMatchList#f3e98(uri: /login, matches: [RouteMatch#4e62b(route: GoRoute#7af86(name: "login", path: "/login"))])
2026-10-02T12:23:49.2564659Z ##[endgroup]
2026-10-02T12:23:49.2565207Z Running Gradle task 'assembleDebug'...                             42.4s
2026-10-02T12:23:49.2566239Z ✓ Built build/app/outputs/flutter-apk/app-debug.apk
2026-10-02T12:23:49.2567018Z Installing build/app/outputs/flutter-apk/app-debug.apk...        1,125ms
2026-10-02T12:23:49.2570029Z ##[group]✅ /home/runner/work/mine-flow-app/mine-flow-app/integration_test/journeys/timeline_journey_test.dart: Timeline Journey (STEP-45.10) login, navigate to timeline, verify progress chart, date range selector, and milestone status badges (CF-067)
2026-10-02T12:23:49.2572502Z [CONFIG] supabase.supabase_flutter: Initialize Supabase v2.17.2
2026-10-02T12:23:49.2574490Z [CONFIG] supabase.auth: Initialize GoTrueClient v2.27.2 with url: ***/auth/v1, autoRefreshToken: <redacted>, flowType: pkce, tickDuration: 0:00:10.000000, tickThreshold: 3
2026-10-02T12:23:49.2577631Z [FINEST] supabase.auth: Initialize with headers: {X-Client-Info: supabase-flutter/2.17.2; platform=Android; platform-version=sdk_gphone64_x86_64-userdebug 13 TE1A.240213.009 12342917 dev-keys; runtime=dart; runtime-version=3.13.1, apikey: <redacted>, Authorization: ***
2026-10-02T12:23:49.2579798Z [FINE] supabase.auth: Stopping auto refresh
2026-10-02T12:23:49.2580346Z [FINE] supabase.auth: Starting auto refresh
2026-10-02T12:23:49.2581462Z [CONFIG] supabase.postgrest: Initialize PostgrestClient with url: ***/rest/v1, schema: public
2026-10-02T12:23:49.2583661Z [FINEST] supabase.postgrest: Initialize with headers: {X-Client-Info: supabase-flutter/2.17.2; platform=Android; platform-version=sdk_gphone64_x86_64-userdebug 13 TE1A.240213.009 12342917 dev-keys; runtime=dart; runtime-version=3.13.1}
2026-10-02T12:23:49.2586060Z [CONFIG] supabase.functions: Initialize FunctionsClient v2.7.1 with url '***/functions/v1' and region 'null'
2026-10-02T12:23:49.2588240Z [FINEST] supabase.functions: Initialize with headers: {X-Client-Info: supabase-flutter/2.17.2; platform=Android; platform-version=sdk_gphone64_x86_64-userdebug 13 TE1A.240213.009 12342917 dev-keys; runtime=dart; runtime-version=3.13.1}
2026-10-02T12:23:49.2591415Z [CONFIG] supabase.storage: Initialize SupabaseStorageClient v2.8.0 with url: ***/storage/v1, retryAttempts: 0
2026-10-02T12:23:49.2593781Z [FINEST] supabase.storage: Initialize with headers: {X-Client-Info: supabase-flutter/2.17.2; platform=Android; platform-version=sdk_gphone64_x86_64-userdebug 13 TE1A.240213.009 12342917 dev-keys; runtime=dart; runtime-version=3.13.1}
2026-10-02T12:23:49.2596981Z [CONFIG] supabase.realtime: Initialize RealtimeClient with endpoint: wss://rpdnonpivoyhghzolyzv.supabase.co/realtime/v1, timeout: 0:00:10.000000, heartbeatIntervalMs: 25000, logLevel: null
2026-10-02T12:23:49.2600075Z [FINEST] supabase.realtime: Initialize with headers: {apikey: <redacted>, X-Client-Info: supabase-flutter/2.17.2; platform=Android; platform-version=sdk_gphone64_x86_64-userdebug 13 TE1A.240213.009 12342917 dev-keys; runtime=dart; runtime-version=3.13.1}, params: {apikey: <redacted>}
2026-10-02T12:23:49.2602312Z [CONFIG] supabase.supabase: Initialize SupabaseClient v2.16.1 with no custom access token
2026-10-02T12:23:49.2603841Z [FINEST] supabase.auth: onAuthStateChange: AuthState(event: initialSession, session: null, fromBroadcast: false, signOutReason: null)
2026-10-02T12:23:49.2605150Z [FINE] supabase.supabase_flutter: Starting deeplink observer
2026-10-02T12:23:49.2605997Z [INFO] supabase.supabase_flutter: ***** Supabase init completed *****
2026-10-02T12:23:49.2606941Z supabase.supabase_flutter: INFO: ***** Supabase init completed ***** 
2026-10-02T12:23:49.2608005Z [INFO] ConnectivityService: Connectivity changed → online
2026-10-02T12:23:49.2608960Z ConnectivityService: INFO: Connectivity changed → online 
2026-10-02T12:23:49.2609848Z [INFO] SyncQueueManager: Network connectivity restored. Triggering queue sync.
2026-10-02T12:23:49.2610892Z SyncQueueManager: INFO: Network connectivity restored. Triggering queue sync. 
2026-10-02T12:23:49.2612160Z [FINE] SyncQueueManager: No pending sync items to process.
2026-10-02T12:23:49.2613847Z [INFO] SyncQueueManager: Registered sync handler for entity type: data_bucket_metadata_sync
2026-10-02T12:23:49.2614954Z SyncQueueManager: INFO: Registered sync handler for entity type: data_bucket_metadata_sync 
2026-10-02T12:23:49.2616017Z [INFO] DataBucketSyncRegistrar: Registered sync handler for data_bucket_metadata_sync
2026-10-02T12:23:49.2617057Z DataBucketSyncRegistrar: INFO: Registered sync handler for data_bucket_metadata_sync 
2026-10-02T12:23:49.2618068Z [INFO] SyncQueueManager: Registered sync handler for entity type: cut_fill_records
2026-10-02T12:23:49.2619053Z SyncQueueManager: INFO: Registered sync handler for entity type: cut_fill_records 
2026-10-02T12:23:49.2619990Z [INFO] TrackingSyncRegistrar: Registered sync handler for cut_fill_records
2026-10-02T12:23:49.2620895Z TrackingSyncRegistrar: INFO: Registered sync handler for cut_fill_records 
2026-10-02T12:23:49.2621876Z [INFO] SyncQueueManager: Registered sync handler for entity type: land_clearing_records
2026-10-02T12:23:49.2622913Z SyncQueueManager: INFO: Registered sync handler for entity type: land_clearing_records 
2026-10-02T12:23:49.2624407Z [INFO] TrackingSyncRegistrar: Registered sync handler for land_clearing_records
2026-10-02T12:23:49.2625371Z TrackingSyncRegistrar: INFO: Registered sync handler for land_clearing_records 
2026-10-02T12:23:49.2626336Z [INFO] SyncQueueManager: Registered sync handler for entity type: inventory_items
2026-10-02T12:23:49.2627348Z SyncQueueManager: INFO: Registered sync handler for entity type: inventory_items 
2026-10-02T12:23:49.2629377Z [INFO] TrackingSyncRegistrar: Registered sync handler for inventory_items
2026-10-02T12:23:49.2630355Z TrackingSyncRegistrar: INFO: Registered sync handler for inventory_items 
2026-10-02T12:23:49.2631373Z [INFO] SyncQueueManager: Registered sync handler for entity type: inventory_transactions
2026-10-02T12:23:49.2632452Z SyncQueueManager: INFO: Registered sync handler for entity type: inventory_transactions 
2026-10-02T12:23:49.2633726Z [INFO] TrackingSyncRegistrar: Registered sync handler for inventory_transactions
2026-10-02T12:23:49.2634706Z TrackingSyncRegistrar: INFO: Registered sync handler for inventory_transactions 
2026-10-02T12:23:49.2635700Z [INFO] SyncQueueManager: Registered sync handler for entity type: attendance_records
2026-10-02T12:23:49.2636716Z SyncQueueManager: INFO: Registered sync handler for entity type: attendance_records 
2026-10-02T12:23:49.2637699Z [INFO] AttendanceSyncRegistrar: Registered sync handler for attendance_records
2026-10-02T12:23:49.2638654Z AttendanceSyncRegistrar: INFO: Registered sync handler for attendance_records 
2026-10-02T12:23:49.2640207Z [INFO] SyncQueueManager: Registered sync handler for entity type: daily_logs
2026-10-02T12:23:49.2641334Z SyncQueueManager: INFO: Registered sync handler for entity type: daily_logs 
2026-10-02T12:23:49.2642571Z [INFO] DailyLogSyncRegistrar: Registered sync handler for daily_logs
2026-10-02T12:23:49.2643774Z DailyLogSyncRegistrar: INFO: Registered sync handler for daily_logs 
2026-10-02T12:23:49.2644738Z [INFO] SyncQueueManager: Registered sync handler for entity type: equipment_checks
2026-10-02T12:23:49.2645817Z SyncQueueManager: INFO: Registered sync handler for entity type: equipment_checks 
2026-10-02T12:23:49.2646956Z [INFO] EquipmentCheckSyncRegistrar: Registered sync handler for equipment_checks
2026-10-02T12:23:49.2648112Z EquipmentCheckSyncRegistrar: INFO: Registered sync handler for equipment_checks 
2026-10-02T12:23:49.2649195Z [INFO] SyncQueueManager: Registered sync handler for entity type: benchmarks
2026-10-02T12:23:49.2650973Z SyncQueueManager: INFO: Registered sync handler for entity type: benchmarks 
2026-10-02T12:23:49.2652573Z [INFO] BenchmarkSyncRegistrar: Registered sync handler for benchmarks
2026-10-02T12:23:49.2653705Z BenchmarkSyncRegistrar: INFO: Registered sync handler for benchmarks 
2026-10-02T12:23:49.2654413Z [INFO] GoRouter: Full paths for routes:
2026-10-02T12:23:49.2655073Z ├─/login (LoginPage)
2026-10-02T12:23:49.2655610Z ├─/privacy-gate (PrivacyAckPage)
2026-10-02T12:23:49.2656287Z ├─/__interaction-fixture (AppInteractionFixturePage)
2026-10-02T12:23:49.2657155Z │ └─/__interaction-fixture/form (AppInteractionFixturePage)
2026-10-02T12:23:49.2657860Z ├─ (ShellRoute)
2026-10-02T12:23:49.2658335Z │ ├─/ (BlocProvider<DashboardCubit>)
2026-10-02T12:23:49.2658932Z │ ├─/tools (GroupLandingPage)
2026-10-02T12:23:49.2681082Z │ │ └─/tools/data-bucket (DataBucketListPage)
2026-10-02T12:23:49.2681783Z │ │   ├─/tools/data-bucket/upload 
2026-10-02T12:23:49.2682361Z │ │   └─/tools/data-bucket/:id 
2026-10-02T12:23:49.2682891Z │ ├─/operations (GroupLandingPage)
2026-10-02T12:23:49.2683844Z │ │ ├─/operations/cut-fill (CutFillListScreen)
2026-10-02T12:23:49.2684532Z │ │ │ ├─/operations/cut-fill/form 
2026-10-02T12:23:49.2685164Z │ │ │ └─/operations/cut-fill/:id/form 
2026-10-02T12:23:49.2687202Z │ │ ├─/operations/land-clearing (LandClearingSummaryScreen)
2026-10-02T12:23:49.2688480Z │ │ │ ├─/operations/land-clearing/form 
2026-10-02T12:23:49.2689388Z │ │ │ ├─/operations/land-clearing/:id 
2026-10-02T12:23:49.2690277Z │ │ │ └─/operations/land-clearing/:id/form 
2026-10-02T12:23:49.2690959Z │ │ └─/operations/benchmark-db (BenchmarkListScreen)
2026-10-02T12:23:49.2691737Z │ │   ├─/operations/benchmark-db/form (BenchmarkFormScreen)
2026-10-02T12:23:49.2692421Z │ │   ├─/operations/benchmark-db/:id 
2026-10-02T12:23:49.2693286Z │ │   └─/operations/benchmark-db/:id/form 
2026-10-02T12:23:49.2693875Z │ ├─/teams (GroupLandingPage)
2026-10-02T12:23:49.2694418Z │ │ ├─/teams/attendance (AttendanceScreen)
2026-10-02T12:23:49.2694978Z │ │ │ └─/teams/attendance/form 
2026-10-02T12:23:49.2695520Z │ │ ├─/teams/daily-log (DailyLogListScreen)
2026-10-02T12:23:49.2696077Z │ │ │ ├─/teams/daily-log/form 
2026-10-02T12:23:49.2697306Z │ │ │ └─/teams/daily-log/:id/form 
2026-10-02T12:23:49.2697949Z │ │ ├─/teams/inventory (InventoryDashboardScreen)
2026-10-02T12:23:49.2699516Z │ │ │ ├─/teams/inventory/form 
2026-10-02T12:23:49.2700513Z │ │ │ ├─/teams/inventory/:id 
2026-10-02T12:23:49.2701070Z │ │ │ └─/teams/inventory/:id/form 
2026-10-02T12:23:49.2701746Z │ │ ├─/teams/equipment-check (EquipmentHistoryScreen)
2026-10-02T12:23:49.2702401Z │ │ │ ├─/teams/equipment-check/form 
2026-10-02T12:23:49.2703170Z │ │ │ └─/teams/equipment-check/:id 
2026-10-02T12:23:49.2703742Z │ │ └─/teams/timeline (TimelinePage)
2026-10-02T12:23:49.2704334Z │ └─/settings (SettingsPage)
2026-10-02T12:23:49.2705938Z │   └─/settings/profile/form (ProfileEditPage)
2026-10-02T12:23:49.2706647Z ├─/reports/config (Widget)
2026-10-02T12:23:49.2707875Z └─/notifications (BlocProvider<NotificationCubit>)
2026-10-02T12:23:49.2708571Z known full paths for route names:
2026-10-02T12:23:49.2709083Z   login => /login
2026-10-02T12:23:49.2709527Z   privacy-gate => /privacy-gate
2026-10-02T12:23:49.2710892Z   interaction-fixture => /__interaction-fixture
2026-10-02T12:23:49.2712869Z   interaction-fixture-form => /__interaction-fixture/form
2026-10-02T12:23:49.2714000Z   dashboard => /
2026-10-02T12:23:49.2714408Z   tools => /tools
2026-10-02T12:23:49.2714859Z   data-bucket => /tools/data-bucket
2026-10-02T12:23:49.2715451Z   data-bucket-upload => /tools/data-bucket/upload
2026-10-02T12:23:49.2716114Z   data-bucket-detail => /tools/data-bucket/:id
2026-10-02T12:23:49.2716703Z   operations => /operations
2026-10-02T12:23:49.2717587Z   cut-fill => /operations/cut-fill
2026-10-02T12:23:49.2718174Z   cut-fill-create => /operations/cut-fill/form
2026-10-02T12:23:49.2718847Z   cut-fill-edit => /operations/cut-fill/:id/form
2026-10-02T12:23:49.2719514Z   land-clearing => /operations/land-clearing
2026-10-02T12:23:49.2720188Z   land-clearing-create => /operations/land-clearing/form
2026-10-02T12:23:49.2720948Z   land-clearing-detail => /operations/land-clearing/:id
2026-10-02T12:23:49.2721698Z   land-clearing-edit => /operations/land-clearing/:id/form
2026-10-02T12:23:49.2722378Z   benchmark-db => /operations/benchmark-db
2026-10-02T12:23:49.2723247Z   benchmark-form => /operations/benchmark-db/form
2026-10-02T12:23:49.2723961Z   benchmark-detail => /operations/benchmark-db/:id
2026-10-02T12:23:49.2724625Z   benchmark-edit => /operations/benchmark-db/:id/form
2026-10-02T12:23:49.2725377Z   teams => /teams
2026-10-02T12:23:49.2725993Z   attendance => /teams/attendance
2026-10-02T12:23:49.2726623Z   attendance-form => /teams/attendance/form
2026-10-02T12:23:49.2727265Z   daily-log => /teams/daily-log
2026-10-02T12:23:49.2729206Z   daily-log-form => /teams/daily-log/form
2026-10-02T12:23:49.2729852Z   daily-log-record-form => /teams/daily-log/:id/form
2026-10-02T12:23:49.2730832Z   inventory => /teams/inventory
2026-10-02T12:23:49.2731373Z   inventory-form => /teams/inventory/form
2026-10-02T12:23:49.2731893Z   inventory-detail => /teams/inventory/:id
2026-10-02T12:23:49.2732480Z   inventory-edit => /teams/inventory/:id/form
2026-10-02T12:23:49.2733319Z   equipment-check => /teams/equipment-check
2026-10-02T12:23:49.2733998Z   equipment-check-form => /teams/equipment-check/form
2026-10-02T12:23:49.2734767Z   equipment-check-detail => /teams/equipment-check/:id
2026-10-02T12:23:49.2735744Z   timeline => /teams/timeline
2026-10-02T12:23:49.2736170Z   settings => /settings
2026-10-02T12:23:49.2736653Z   settings-profile => /settings/profile/form
2026-10-02T12:23:49.2737259Z   report-config => /reports/config
2026-10-02T12:23:49.2737719Z   notifications => /notifications
2026-10-02T12:23:49.2737999Z 
2026-10-02T12:23:49.2738159Z GoRouter: INFO: Full paths for routes:
2026-10-02T12:23:49.2738693Z ├─/login (LoginPage)
2026-10-02T12:23:49.2739152Z ├─/privacy-gate (PrivacyAckPage)
2026-10-02T12:23:49.2739872Z ├─/__interaction-fixture (AppInteractionFixturePage)
2026-10-02T12:23:49.2740716Z │ └─/__interaction-fixture/form (AppInteractionFixturePage)
2026-10-02T12:23:49.2741428Z ├─ (ShellRoute)
2026-10-02T12:23:49.2741945Z │ ├─/ (BlocProvider<DashboardCubit>)
2026-10-02T12:23:49.2742560Z │ ├─/tools (GroupLandingPage)
2026-10-02T12:23:49.2743487Z │ │ └─/tools/data-bucket (DataBucketListPage)
2026-10-02T12:23:49.2744114Z │ │   ├─/tools/data-bucket/upload 
2026-10-02T12:23:49.2744661Z │ │   └─/tools/data-bucket/:id 
2026-10-02T12:23:49.2745225Z │ ├─/operations (GroupLandingPage)
2026-10-02T12:23:49.2745760Z │ │ ├─/operations/cut-fill (CutFillListScreen)
2026-10-02T12:23:49.2746315Z │ │ │ ├─/operations/cut-fill/form 
2026-10-02T12:23:49.2747251Z │ │ │ └─/operations/cut-fill/:id/form 
2026-10-02T12:23:49.2747911Z │ │ ├─/operations/land-clearing (LandClearingSummaryScreen)
2026-10-02T12:23:49.2748556Z │ │ │ ├─/operations/land-clearing/form 
2026-10-02T12:23:49.2749085Z │ │ │ ├─/operations/land-clearing/:id 
2026-10-02T12:23:49.2749629Z │ │ │ └─/operations/land-clearing/:id/form 
2026-10-02T12:23:49.2750223Z │ │ └─/operations/benchmark-db (BenchmarkListScreen)
2026-10-02T12:23:49.2750909Z │ │   ├─/operations/benchmark-db/form (BenchmarkFormScreen)
2026-10-02T12:23:49.2751518Z │ │   ├─/operations/benchmark-db/:id 
2026-10-02T12:23:49.2752313Z │ │   └─/operations/benchmark-db/:id/form 
2026-10-02T12:23:49.2753124Z │ ├─/teams (GroupLandingPage)
2026-10-02T12:23:49.2753632Z │ │ ├─/teams/attendance (AttendanceScreen)
2026-10-02T12:23:49.2754167Z │ │ │ └─/teams/attendance/form 
2026-10-02T12:23:49.2754688Z │ │ ├─/teams/daily-log (DailyLogListScreen)
2026-10-02T12:23:49.2755255Z │ │ │ ├─/teams/daily-log/form 
2026-10-02T12:23:49.2755746Z │ │ │ └─/teams/daily-log/:id/form 
2026-10-02T12:23:49.2756358Z │ │ ├─/teams/inventory (InventoryDashboardScreen)
2026-10-02T12:23:49.2756991Z │ │ │ ├─/teams/inventory/form 
2026-10-02T12:23:49.2757519Z │ │ │ ├─/teams/inventory/:id 
2026-10-02T12:23:49.2758057Z │ │ │ └─/teams/inventory/:id/form 
2026-10-02T12:23:49.2758777Z │ │ ├─/teams/equipment-check (EquipmentHistoryScreen)
2026-10-02T12:23:49.2759504Z │ │ │ ├─/teams/equipment-check/form 
2026-10-02T12:23:49.2760090Z │ │ │ └─/teams/equipment-check/:id 
2026-10-02T12:23:49.2760685Z │ │ └─/teams/timeline (TimelinePage)
2026-10-02T12:23:49.2761279Z │ └─/settings (SettingsPage)
2026-10-02T12:23:49.2761897Z │   └─/settings/profile/form (ProfileEditPage)
2026-10-02T12:23:49.2762531Z ├─/reports/config (Widget)
2026-10-02T12:23:49.2763394Z └─/notifications (BlocProvider<NotificationCubit>)
2026-10-02T12:23:49.2764018Z known full paths for route names:
2026-10-02T12:23:49.2764786Z   login => /login
2026-10-02T12:23:49.2765219Z   privacy-gate => /privacy-gate
2026-10-02T12:23:49.2765749Z   interaction-fixture => /__interaction-fixture
2026-10-02T12:23:49.2766408Z   interaction-fixture-form => /__interaction-fixture/form
2026-10-02T12:23:49.2767025Z   dashboard => /
2026-10-02T12:23:49.2767420Z   tools => /tools
2026-10-02T12:23:49.2767841Z   data-bucket => /tools/data-bucket
2026-10-02T12:23:49.2768366Z   data-bucket-upload => /tools/data-bucket/upload
2026-10-02T12:23:49.2768926Z   data-bucket-detail => /tools/data-bucket/:id
2026-10-02T12:23:49.2769477Z   operations => /operations
2026-10-02T12:23:49.2769935Z   cut-fill => /operations/cut-fill
2026-10-02T12:23:49.2770460Z   cut-fill-create => /operations/cut-fill/form
2026-10-02T12:23:49.2771028Z   cut-fill-edit => /operations/cut-fill/:id/form
2026-10-02T12:23:49.2771617Z   land-clearing => /operations/land-clearing
2026-10-02T12:23:49.2772534Z   land-clearing-create => /operations/land-clearing/form
2026-10-02T12:23:49.2773553Z   land-clearing-detail => /operations/land-clearing/:id
2026-10-02T12:23:49.2774263Z   land-clearing-edit => /operations/land-clearing/:id/form
2026-10-02T12:23:49.2774898Z   benchmark-db => /operations/benchmark-db
2026-10-02T12:23:49.2775481Z   benchmark-form => /operations/benchmark-db/form
2026-10-02T12:23:49.2776125Z   benchmark-detail => /operations/benchmark-db/:id
2026-10-02T12:23:49.2776779Z   benchmark-edit => /operations/benchmark-db/:id/form
2026-10-02T12:23:49.2777358Z   teams => /teams
2026-10-02T12:23:49.2777776Z   attendance => /teams/attendance
2026-10-02T12:23:49.2778286Z   attendance-form => /teams/attendance/form
2026-10-02T12:23:49.2778842Z   daily-log => /teams/daily-log
2026-10-02T12:23:49.2779334Z   daily-log-form => /teams/daily-log/form
2026-10-02T12:23:49.2779931Z   daily-log-record-form => /teams/daily-log/:id/form
2026-10-02T12:23:49.2780508Z   inventory => /teams/inventory
2026-10-02T12:23:49.2780998Z   inventory-form => /teams/inventory/form
2026-10-02T12:23:49.2781541Z   inventory-detail => /teams/inventory/:id
2026-10-02T12:23:49.2782097Z   inventory-edit => /teams/inventory/:id/form
2026-10-02T12:23:49.2782658Z   equipment-check => /teams/equipment-check
2026-10-02T12:23:49.2783529Z   equipment-check-form => /teams/equipment-check/form
2026-10-02T12:23:49.2784224Z   equipment-check-detail => /teams/equipment-check/:id
2026-10-02T12:23:49.2784817Z   timeline => /teams/timeline
2026-10-02T12:23:49.2785255Z   settings => /settings
2026-10-02T12:23:49.2785722Z   settings-profile => /settings/profile/form
2026-10-02T12:23:49.2786269Z   report-config => /reports/config
2026-10-02T12:23:49.2786762Z   notifications => /notifications
2026-10-02T12:23:49.2787207Z  
2026-10-02T12:23:49.2787845Z [INFO] GoRouter: setting initial location /login
2026-10-02T12:23:49.2788483Z GoRouter: INFO: setting initial location /login 
2026-10-02T12:23:49.2789101Z [INFO] GoRouter: Using WidgetsApp configuration
2026-10-02T12:23:49.2789711Z GoRouter: INFO: Using WidgetsApp configuration 
2026-10-02T12:23:49.2790287Z [FINE] supabase.auth: Saving session
2026-10-02T12:23:49.2800815Z [FINEST] supabase.auth: Saving session: Session(providerToken: <redacted>, providerRefreshToken: <redacted>, expiresIn: 3600, tokenType: bearer, user: User(id: cb041494-fccd-493b-b73b-50e952366ea8, appMetadata: {provider: email, providers: [email]}, userMetadata: {email_verified: true}, aud: authenticated, confirmationSentAt: null, recoverySentAt: null, emailChangeSentAt: null, newEmail: null, invitedAt: null, actionLink: null, email: ***, phone: , createdAt: 2026-08-29T08:04:41.039217Z, confirmedAt: 2026-08-29T08:04:41.068013Z, emailConfirmedAt: 2026-08-29T08:04:41.068013Z, phoneConfirmedAt: null, lastSignInAt: 2026-10-02T12:09:44.478174315Z, role: authenticated, updatedAt: 2026-10-02T12:09:44.483174Z, identities: [UserIdentity(id: cb041494-fccd-493b-b73b-50e952366ea8, userId: cb041494-fccd-493b-b73b-50e952366ea8, identityData: {email: ***, email_verified: false, phone_verified: false, sub: cb041494-fccd-493b-b73b-50e952366ea8}, identityId: 8d3c9ac0-0cb4-431a-ba43-538637ad8247, provider: email, createdAt: 2026-08-29T08:04:41.062276Z, lastSignInAt: 2026-08-29T08:04:41.062165Z, updatedAt: 2026-08-29T08:04:41.062276Z)], factors: null, isAnonymous: false), accessToken: <redacted>, refreshToken: <redacted>
2026-10-02T12:23:49.2818289Z [FINEST] supabase.auth: onAuthStateChange: AuthState(event: signedIn, session: Session(providerToken: <redacted>, providerRefreshToken: <redacted>, expiresIn: 3600, tokenType: bearer, user: User(id: cb041494-fccd-493b-b73b-50e952366ea8, appMetadata: {provider: email, providers: [email]}, userMetadata: {email_verified: true}, aud: authenticated, confirmationSentAt: null, recoverySentAt: null, emailChangeSentAt: null, newEmail: null, invitedAt: null, actionLink: null, email: ***, phone: , createdAt: 2026-08-29T08:04:41.039217Z, confirmedAt: 2026-08-29T08:04:41.068013Z, emailConfirmedAt: 2026-08-29T08:04:41.068013Z, phoneConfirmedAt: null, lastSignInAt: 2026-10-02T12:09:44.478174315Z, role: authenticated, updatedAt: 2026-10-02T12:09:44.483174Z, identities: [UserIdentity(id: cb041494-fccd-493b-b73b-50e952366ea8, userId: cb041494-fccd-493b-b73b-50e952366ea8, identityData: {email: ***, email_verified: false, phone_verified: false, sub: cb041494-fccd-493b-b73b-50e952366ea8}, identityId: 8d3c9ac0-0cb4-431a-ba43-538637ad8247, provider: email, createdAt: 2026-08-29T08:04:41.062276Z, lastSignInAt: 2026-08-29T08:04:41.062165Z, updatedAt: 2026-08-29T08:04:41.062276Z)], factors: null, isAnonymous: false), accessToken: <redacted>, refreshToken: <redacted>, fromBroadcast: false, signOutReason: null)
2026-10-02T12:23:49.2828877Z [FINEST] supabase.postgrest: Request: GET ***/rest/v1/users?select=%2A&id=eq.cb041494-fccd-493b-b73b-50e952366ea8
2026-10-02T12:23:49.2830624Z [INFO] GoRouter: redirecting to RouteMatchList#891f2(uri: /privacy-gate, matches: [RouteMatch#83f96(route: GoRoute#212fe(name: "privacy-gate", path: "/privacy-gate"))])
2026-10-02T12:23:49.2832690Z GoRouter: INFO: redirecting to RouteMatchList#891f2(uri: /privacy-gate, matches: [RouteMatch#83f96(route: GoRoute#212fe(name: "privacy-gate", path: "/privacy-gate"))]) 
2026-10-02T12:23:49.2834216Z [INFO] GoRouter: going to /
2026-10-02T12:23:49.2834688Z GoRouter: INFO: going to / 
2026-10-02T12:23:49.2835208Z [INFO] GoRouter: Using WidgetsApp configuration
2026-10-02T12:23:49.2835838Z GoRouter: INFO: Using WidgetsApp configuration 
2026-10-02T12:23:49.2837414Z [FINEST] supabase.postgrest: Request: GET ***/rest/v1/attendance_records?select=%2A%2Cusers%21attendance_records_user_id_fkey%28name%29&deleted_at=is.null
2026-10-02T12:23:49.2839611Z [FINEST] supabase.postgrest: Request: GET ***/rest/v1/equipment_checks?select=%2A&deleted_at=is.null
2026-10-02T12:23:49.2840859Z [FINE] SyncQueueManager: No pending sync items to process.
2026-10-02T12:23:49.2842148Z [FINEST] supabase.postgrest: Request: GET ***/rest/v1/cut_fill_records?select=%2A&deleted_at=is.null
2026-10-02T12:23:49.2843281Z [INFO] GoRouter: going to /teams/timeline
2026-10-02T12:23:49.2843845Z GoRouter: INFO: going to /teams/timeline 
2026-10-02T12:23:49.2844438Z [INFO] GoRouter: Using WidgetsApp configuration
2026-10-02T12:23:49.2845068Z GoRouter: INFO: Using WidgetsApp configuration 
2026-10-02T12:23:49.2846820Z [FINEST] supabase.postgrest: Request: GET ***/rest/v1/timeline_milestones?select=%2A&site_id=eq.f47ac10b-58cc-4372-a567-0e02b2c3d479&deleted_at=is.null&order=target_date.asc.nullslast
2026-10-02T12:23:49.2849959Z [FINEST] supabase.postgrest: Request: GET ***/rest/v1/cut_fill_records?select=%2A&site_id=eq.f47ac10b-58cc-4372-a567-0e02b2c3d479&deleted_at=is.null&measured_at=gte.2026-09-02T12%3A09%3A46.459795&measured_at=lte.2026-10-02T12%3A09%3A46.459934
2026-10-02T12:23:49.2853534Z [FINEST] supabase.postgrest: Request: GET ***/rest/v1/land_clearing_records?select=%2A&deleted_at=is.null
2026-10-02T12:23:49.2856282Z [FINEST] supabase.postgrest: Request: GET ***/rest/v1/land_clearing_records?select=%2A&site_id=eq.f47ac10b-58cc-4372-a567-0e02b2c3d479&deleted_at=is.null&cleared_at=gte.2026-09-02T12%3A09%3A46.459795&cleared_at=lte.2026-10-02T12%3A09%3A46.459934
2026-10-02T12:23:49.2858606Z [FINEST] supabase.postgrest: Request: GET ***/rest/v1/inventory_items?select=%2A&deleted_at=is.null
2026-10-02T12:23:49.2859788Z ##[endgroup]
2026-10-02T12:23:49.2860338Z Running Gradle task 'assembleDebug'...                             42.3s
2026-10-02T12:23:49.2861386Z ✓ Built build/app/outputs/flutter-apk/app-debug.apk
2026-10-02T12:23:49.2862208Z Installing build/app/outputs/flutter-apk/app-debug.apk...        1,084ms
2026-10-02T12:23:49.2866022Z ##[group]✅ /home/runner/work/mine-flow-app/mine-flow-app/integration_test/journeys/equipment_check_journey_test.dart: Equipment Check Journey (STEP-45.6) login, open SOP inspection, submit with genuine non-default checklist state (CF-017) and required serial (CF-039), and reflect in history E2E
2026-10-02T12:23:49.2868785Z [CONFIG] supabase.supabase_flutter: Initialize Supabase v2.17.2
2026-10-02T12:23:49.2870886Z [CONFIG] supabase.auth: Initialize GoTrueClient v2.27.2 with url: ***/auth/v1, autoRefreshToken: <redacted>, flowType: pkce, tickDuration: 0:00:10.000000, tickThreshold: 3
2026-10-02T12:23:49.2874245Z [FINEST] supabase.auth: Initialize with headers: {X-Client-Info: supabase-flutter/2.17.2; platform=Android; platform-version=sdk_gphone64_x86_64-userdebug 13 TE1A.240213.009 12342917 dev-keys; runtime=dart; runtime-version=3.13.1, apikey: <redacted>, Authorization: ***
2026-10-02T12:23:49.2876177Z [FINE] supabase.auth: Stopping auto refresh
2026-10-02T12:23:49.2876728Z [FINE] supabase.auth: Starting auto refresh
2026-10-02T12:23:49.2878079Z [CONFIG] supabase.postgrest: Initialize PostgrestClient with url: ***/rest/v1, schema: public
2026-10-02T12:23:49.2880926Z [FINEST] supabase.postgrest: Initialize with headers: {X-Client-Info: supabase-flutter/2.17.2; platform=Android; platform-version=sdk_gphone64_x86_64-userdebug 13 TE1A.240213.009 12342917 dev-keys; runtime=dart; runtime-version=3.13.1}
2026-10-02T12:23:49.2883821Z [CONFIG] supabase.functions: Initialize FunctionsClient v2.7.1 with url '***/functions/v1' and region 'null'
2026-10-02T12:23:49.2885913Z [FINEST] supabase.functions: Initialize with headers: {X-Client-Info: supabase-flutter/2.17.2; platform=Android; platform-version=sdk_gphone64_x86_64-userdebug 13 TE1A.240213.009 12342917 dev-keys; runtime=dart; runtime-version=3.13.1}
2026-10-02T12:23:49.2888901Z [CONFIG] supabase.storage: Initialize SupabaseStorageClient v2.8.0 with url: ***/storage/v1, retryAttempts: 0
2026-10-02T12:23:49.2891021Z [FINEST] supabase.storage: Initialize with headers: {X-Client-Info: supabase-flutter/2.17.2; platform=Android; platform-version=sdk_gphone64_x86_64-userdebug 13 TE1A.240213.009 12342917 dev-keys; runtime=dart; runtime-version=3.13.1}
2026-10-02T12:23:49.2894081Z [CONFIG] supabase.realtime: Initialize RealtimeClient with endpoint: wss://rpdnonpivoyhghzolyzv.supabase.co/realtime/v1, timeout: 0:00:10.000000, heartbeatIntervalMs: 25000, logLevel: null
2026-10-02T12:23:49.2896993Z [FINEST] supabase.realtime: Initialize with headers: {apikey: <redacted>, X-Client-Info: supabase-flutter/2.17.2; platform=Android; platform-version=sdk_gphone64_x86_64-userdebug 13 TE1A.240213.009 12342917 dev-keys; runtime=dart; runtime-version=3.13.1}, params: {apikey: <redacted>}
2026-10-02T12:23:49.2899671Z [CONFIG] supabase.supabase: Initialize SupabaseClient v2.16.1 with no custom access token
2026-10-02T12:23:49.2901338Z [FINEST] supabase.auth: onAuthStateChange: AuthState(event: initialSession, session: null, fromBroadcast: false, signOutReason: null)
2026-10-02T12:23:49.2902554Z [FINE] supabase.supabase_flutter: Starting deeplink observer
2026-10-02T12:23:49.2903531Z [INFO] supabase.supabase_flutter: ***** Supabase init completed *****
2026-10-02T12:23:49.2904425Z supabase.supabase_flutter: INFO: ***** Supabase init completed ***** 
2026-10-02T12:23:49.2905370Z [INFO] ConnectivityService: Connectivity changed → online
2026-10-02T12:23:49.2906206Z ConnectivityService: INFO: Connectivity changed → online 
2026-10-02T12:23:49.2907066Z [INFO] SyncQueueManager: Network connectivity restored. Triggering queue sync.
2026-10-02T12:23:49.2908075Z SyncQueueManager: INFO: Network connectivity restored. Triggering queue sync. 
2026-10-02T12:23:49.2908941Z [FINE] SyncQueueManager: No pending sync items to process.
2026-10-02T12:23:49.2909867Z [INFO] SyncQueueManager: Registered sync handler for entity type: data_bucket_metadata_sync
2026-10-02T12:23:49.2911002Z SyncQueueManager: INFO: Registered sync handler for entity type: data_bucket_metadata_sync 
2026-10-02T12:23:49.2912441Z [INFO] DataBucketSyncRegistrar: Registered sync handler for data_bucket_metadata_sync
2026-10-02T12:23:49.2913733Z DataBucketSyncRegistrar: INFO: Registered sync handler for data_bucket_metadata_sync 
2026-10-02T12:23:49.2914812Z [INFO] SyncQueueManager: Registered sync handler for entity type: cut_fill_records
2026-10-02T12:23:49.2915834Z SyncQueueManager: INFO: Registered sync handler for entity type: cut_fill_records 
2026-10-02T12:23:49.2917163Z [INFO] TrackingSyncRegistrar: Registered sync handler for cut_fill_records
2026-10-02T12:23:49.2918121Z TrackingSyncRegistrar: INFO: Registered sync handler for cut_fill_records 
2026-10-02T12:23:49.2919138Z [INFO] SyncQueueManager: Registered sync handler for entity type: land_clearing_records
2026-10-02T12:23:49.2920227Z SyncQueueManager: INFO: Registered sync handler for entity type: land_clearing_records 
2026-10-02T12:23:49.2921281Z [INFO] TrackingSyncRegistrar: Registered sync handler for land_clearing_records
2026-10-02T12:23:49.2922278Z TrackingSyncRegistrar: INFO: Registered sync handler for land_clearing_records 
2026-10-02T12:23:49.2923456Z [INFO] SyncQueueManager: Registered sync handler for entity type: inventory_items
2026-10-02T12:23:49.2924486Z SyncQueueManager: INFO: Registered sync handler for entity type: inventory_items 
2026-10-02T12:23:49.2926164Z [INFO] TrackingSyncRegistrar: Registered sync handler for inventory_items
2026-10-02T12:23:49.2927121Z TrackingSyncRegistrar: INFO: Registered sync handler for inventory_items 
2026-10-02T12:23:49.2928360Z [INFO] SyncQueueManager: Registered sync handler for entity type: inventory_transactions
2026-10-02T12:23:49.2929472Z SyncQueueManager: INFO: Registered sync handler for entity type: inventory_transactions 
2026-10-02T12:23:49.2930551Z [INFO] TrackingSyncRegistrar: Registered sync handler for inventory_transactions
2026-10-02T12:23:49.2931763Z TrackingSyncRegistrar: INFO: Registered sync handler for inventory_transactions 
2026-10-02T12:23:49.2932802Z [INFO] SyncQueueManager: Registered sync handler for entity type: attendance_records
2026-10-02T12:23:49.2934298Z SyncQueueManager: INFO: Registered sync handler for entity type: attendance_records 
2026-10-02T12:23:49.2935582Z [INFO] AttendanceSyncRegistrar: Registered sync handler for attendance_records
2026-10-02T12:23:49.2936608Z AttendanceSyncRegistrar: INFO: Registered sync handler for attendance_records 
2026-10-02T12:23:49.2937603Z [INFO] SyncQueueManager: Registered sync handler for entity type: daily_logs
2026-10-02T12:23:49.2938563Z SyncQueueManager: INFO: Registered sync handler for entity type: daily_logs 
2026-10-02T12:23:49.2939683Z [INFO] DailyLogSyncRegistrar: Registered sync handler for daily_logs
2026-10-02T12:23:49.2940572Z DailyLogSyncRegistrar: INFO: Registered sync handler for daily_logs 
2026-10-02T12:23:49.2941525Z [INFO] SyncQueueManager: Registered sync handler for entity type: equipment_checks
2026-10-02T12:23:49.2942554Z SyncQueueManager: INFO: Registered sync handler for entity type: equipment_checks 
2026-10-02T12:23:49.2943768Z [INFO] EquipmentCheckSyncRegistrar: Registered sync handler for equipment_checks
2026-10-02T12:23:49.2944837Z EquipmentCheckSyncRegistrar: INFO: Registered sync handler for equipment_checks 
2026-10-02T12:23:49.2945851Z [INFO] SyncQueueManager: Registered sync handler for entity type: benchmarks
2026-10-02T12:23:49.2946802Z SyncQueueManager: INFO: Registered sync handler for entity type: benchmarks 
2026-10-02T12:23:49.2947737Z [INFO] BenchmarkSyncRegistrar: Registered sync handler for benchmarks
2026-10-02T12:23:49.2948559Z BenchmarkSyncRegistrar: INFO: Registered sync handler for benchmarks 
2026-10-02T12:23:49.2949210Z [INFO] GoRouter: Full paths for routes:
2026-10-02T12:23:49.2949784Z ├─/login (LoginPage)
2026-10-02T12:23:49.2950300Z ├─/privacy-gate (PrivacyAckPage)
2026-10-02T12:23:49.2950983Z ├─/__interaction-fixture (AppInteractionFixturePage)
2026-10-02T12:23:49.2951819Z │ └─/__interaction-fixture/form (AppInteractionFixturePage)
2026-10-02T12:23:49.2952488Z ├─ (ShellRoute)
2026-10-02T12:23:49.2953152Z │ ├─/ (BlocProvider<DashboardCubit>)
2026-10-02T12:23:49.2953730Z │ ├─/tools (GroupLandingPage)
2026-10-02T12:23:49.2954287Z │ │ └─/tools/data-bucket (DataBucketListPage)
2026-10-02T12:23:49.2954905Z │ │   ├─/tools/data-bucket/upload 
2026-10-02T12:23:49.2955442Z │ │   └─/tools/data-bucket/:id 
2026-10-02T12:23:49.2955964Z │ ├─/operations (GroupLandingPage)
2026-10-02T12:23:49.2956776Z │ │ ├─/operations/cut-fill (CutFillListScreen)
2026-10-02T12:23:49.2957385Z │ │ │ ├─/operations/cut-fill/form 
2026-10-02T12:23:49.2957934Z │ │ │ └─/operations/cut-fill/:id/form 
2026-10-02T12:23:49.2958653Z │ │ ├─/operations/land-clearing (LandClearingSummaryScreen)
2026-10-02T12:23:49.2959345Z │ │ │ ├─/operations/land-clearing/form 
2026-10-02T12:23:49.2959893Z │ │ │ ├─/operations/land-clearing/:id 
2026-10-02T12:23:49.2960472Z │ │ │ └─/operations/land-clearing/:id/form 
2026-10-02T12:23:49.2961300Z │ │ └─/operations/benchmark-db (BenchmarkListScreen)
2026-10-02T12:23:49.2962367Z │ │   ├─/operations/benchmark-db/form (BenchmarkFormScreen)
2026-10-02T12:23:49.2963512Z │ │   ├─/operations/benchmark-db/:id 
2026-10-02T12:23:49.2965025Z │ │   └─/operations/benchmark-db/:id/form 
2026-10-02T12:23:49.2965756Z │ ├─/teams (GroupLandingPage)
2026-10-02T12:23:49.2966737Z │ │ ├─/teams/attendance (AttendanceScreen)
2026-10-02T12:23:49.2967415Z │ │ │ └─/teams/attendance/form 
2026-10-02T12:23:49.2967992Z │ │ ├─/teams/daily-log (DailyLogListScreen)
2026-10-02T12:23:49.2968586Z │ │ │ ├─/teams/daily-log/form 
2026-10-02T12:23:49.2969109Z │ │ │ └─/teams/daily-log/:id/form 
2026-10-02T12:23:49.2969700Z │ │ ├─/teams/inventory (InventoryDashboardScreen)
2026-10-02T12:23:49.2970328Z │ │ │ ├─/teams/inventory/form 
2026-10-02T12:23:49.2970844Z │ │ │ ├─/teams/inventory/:id 
2026-10-02T12:23:49.2971394Z │ │ │ └─/teams/inventory/:id/form 
2026-10-02T12:23:49.2971988Z │ │ ├─/teams/equipment-check (EquipmentHistoryScreen)
2026-10-02T12:23:49.2972411Z │ │ │ ├─/teams/equipment-check/form 
2026-10-02T12:23:49.2972750Z │ │ │ └─/teams/equipment-check/:id 
2026-10-02T12:23:49.2973627Z │ │ └─/teams/timeline (TimelinePage)
2026-10-02T12:23:49.2974182Z │ └─/settings (SettingsPage)
2026-10-02T12:23:49.2974561Z │   └─/settings/profile/form (ProfileEditPage)
2026-10-02T12:23:49.2974961Z ├─/reports/config (Widget)
2026-10-02T12:23:49.2975329Z └─/notifications (BlocProvider<NotificationCubit>)
2026-10-02T12:23:49.2975687Z known full paths for route names:
2026-10-02T12:23:49.2975972Z   login => /login
2026-10-02T12:23:49.2976217Z   privacy-gate => /privacy-gate
2026-10-02T12:23:49.2976530Z   interaction-fixture => /__interaction-fixture
2026-10-02T12:23:49.2976928Z   interaction-fixture-form => /__interaction-fixture/form
2026-10-02T12:23:49.2977278Z   dashboard => /
2026-10-02T12:23:49.2977508Z   tools => /tools
2026-10-02T12:23:49.2977746Z   data-bucket => /tools/data-bucket
2026-10-02T12:23:49.2978069Z   data-bucket-upload => /tools/data-bucket/upload
2026-10-02T12:23:49.2978428Z   data-bucket-detail => /tools/data-bucket/:id
2026-10-02T12:23:49.2978758Z   operations => /operations
2026-10-02T12:23:49.2979031Z   cut-fill => /operations/cut-fill
2026-10-02T12:23:49.2979344Z   cut-fill-create => /operations/cut-fill/form
2026-10-02T12:23:49.2979698Z   cut-fill-edit => /operations/cut-fill/:id/form
2026-10-02T12:23:49.2980042Z   land-clearing => /operations/land-clearing
2026-10-02T12:23:49.2980406Z   land-clearing-create => /operations/land-clearing/form
2026-10-02T12:23:49.2981277Z   land-clearing-detail => /operations/land-clearing/:id
2026-10-02T12:23:49.2981693Z   land-clearing-edit => /operations/land-clearing/:id/form
2026-10-02T12:23:49.2982064Z   benchmark-db => /operations/benchmark-db
2026-10-02T12:23:49.2982406Z   benchmark-form => /operations/benchmark-db/form
2026-10-02T12:23:49.2982778Z   benchmark-detail => /operations/benchmark-db/:id
2026-10-02T12:23:49.2983516Z   benchmark-edit => /operations/benchmark-db/:id/form
2026-10-02T12:23:49.2983879Z   teams => /teams
2026-10-02T12:23:49.2984120Z   attendance => /teams/attendance
2026-10-02T12:23:49.2984425Z   attendance-form => /teams/attendance/form
2026-10-02T12:23:49.2984747Z   daily-log => /teams/daily-log
2026-10-02T12:23:49.2985042Z   daily-log-form => /teams/daily-log/form
2026-10-02T12:23:49.2985396Z   daily-log-record-form => /teams/daily-log/:id/form
2026-10-02T12:23:49.2985747Z   inventory => /teams/inventory
2026-10-02T12:23:49.2986038Z   inventory-form => /teams/inventory/form
2026-10-02T12:23:49.2986354Z   inventory-detail => /teams/inventory/:id
2026-10-02T12:23:49.2986677Z   inventory-edit => /teams/inventory/:id/form
2026-10-02T12:23:49.2987320Z   equipment-check => /teams/equipment-check
2026-10-02T12:23:49.2987690Z   equipment-check-form => /teams/equipment-check/form
2026-10-02T12:23:49.2988078Z   equipment-check-detail => /teams/equipment-check/:id
2026-10-02T12:23:49.2989332Z   timeline => /teams/timeline
2026-10-02T12:23:49.2989660Z   settings => /settings
2026-10-02T12:23:49.2989959Z   settings-profile => /settings/profile/form
2026-10-02T12:23:49.2990298Z   report-config => /reports/config
2026-10-02T12:23:49.2990603Z   notifications => /notifications
2026-10-02T12:23:49.2990792Z 
2026-10-02T12:23:49.2990911Z GoRouter: INFO: Full paths for routes:
2026-10-02T12:23:49.2991331Z ├─/login (LoginPage)
2026-10-02T12:23:49.2991802Z ├─/privacy-gate (PrivacyAckPage)
2026-10-02T12:23:49.2992219Z ├─/__interaction-fixture (AppInteractionFixturePage)
2026-10-02T12:23:49.2992723Z │ └─/__interaction-fixture/form (AppInteractionFixturePage)
2026-10-02T12:23:49.2993399Z ├─ (ShellRoute)
2026-10-02T12:23:49.2993698Z │ ├─/ (BlocProvider<DashboardCubit>)
2026-10-02T12:23:49.2994042Z │ ├─/tools (GroupLandingPage)
2026-10-02T12:23:49.2994805Z │ │ └─/tools/data-bucket (DataBucketListPage)
2026-10-02T12:23:49.2995180Z │ │   ├─/tools/data-bucket/upload 
2026-10-02T12:23:49.2995501Z │ │   └─/tools/data-bucket/:id 
2026-10-02T12:23:49.2995825Z │ ├─/operations (GroupLandingPage)
2026-10-02T12:23:49.2996194Z │ │ ├─/operations/cut-fill (CutFillListScreen)
2026-10-02T12:23:49.2996562Z │ │ │ ├─/operations/cut-fill/form 
2026-10-02T12:23:49.2996890Z │ │ │ └─/operations/cut-fill/:id/form 
2026-10-02T12:23:49.2997346Z │ │ ├─/operations/land-clearing (LandClearingSummaryScreen)
2026-10-02T12:23:49.2997789Z │ │ │ ├─/operations/land-clearing/form 
2026-10-02T12:23:49.2998163Z │ │ │ ├─/operations/land-clearing/:id 
2026-10-02T12:23:49.2998518Z │ │ │ └─/operations/land-clearing/:id/form 
2026-10-02T12:23:49.2998944Z │ │ └─/operations/benchmark-db (BenchmarkListScreen)
2026-10-02T12:23:49.2999412Z │ │   ├─/operations/benchmark-db/form (BenchmarkFormScreen)
2026-10-02T12:23:49.2999833Z │ │   ├─/operations/benchmark-db/:id 
2026-10-02T12:23:49.3000182Z │ │   └─/operations/benchmark-db/:id/form 
2026-10-02T12:23:49.3000531Z │ ├─/teams (GroupLandingPage)
2026-10-02T12:23:49.3000870Z │ │ ├─/teams/attendance (AttendanceScreen)
2026-10-02T12:23:49.3001211Z │ │ │ └─/teams/attendance/form 
2026-10-02T12:23:49.3001539Z │ │ ├─/teams/daily-log (DailyLogListScreen)
2026-10-02T12:23:49.3001884Z │ │ │ ├─/teams/daily-log/form 
2026-10-02T12:23:49.3002191Z │ │ │ └─/teams/daily-log/:id/form 
2026-10-02T12:23:49.3002553Z │ │ ├─/teams/inventory (InventoryDashboardScreen)
2026-10-02T12:23:49.3003245Z │ │ │ ├─/teams/inventory/form 
2026-10-02T12:23:49.3003797Z │ │ │ ├─/teams/inventory/:id 
2026-10-02T12:23:49.3004316Z │ │ │ └─/teams/inventory/:id/form 
2026-10-02T12:23:49.3004727Z │ │ ├─/teams/equipment-check (EquipmentHistoryScreen)
2026-10-02T12:23:49.3005323Z │ │ │ ├─/teams/equipment-check/form 
2026-10-02T12:23:49.3005665Z │ │ │ └─/teams/equipment-check/:id 
2026-10-02T12:23:49.3006003Z │ │ └─/teams/timeline (TimelinePage)
2026-10-02T12:23:49.3006324Z │ └─/settings (SettingsPage)
2026-10-02T12:23:49.3006669Z │   └─/settings/profile/form (ProfileEditPage)
2026-10-02T12:23:49.3007026Z ├─/reports/config (Widget)
2026-10-02T12:23:49.3007629Z └─/notifications (BlocProvider<NotificationCubit>)
2026-10-02T12:23:49.3007978Z known full paths for route names:
2026-10-02T12:23:49.3008258Z   login => /login
2026-10-02T12:23:49.3008506Z   privacy-gate => /privacy-gate
2026-10-02T12:23:49.3008825Z   interaction-fixture => /__interaction-fixture
2026-10-02T12:23:49.3009216Z   interaction-fixture-form => /__interaction-fixture/form
2026-10-02T12:23:49.3009568Z   dashboard => /
2026-10-02T12:23:49.3009801Z   tools => /tools
2026-10-02T12:23:49.3010037Z   data-bucket => /tools/data-bucket
2026-10-02T12:23:49.3010364Z   data-bucket-upload => /tools/data-bucket/upload
2026-10-02T12:23:49.3010746Z   data-bucket-detail => /tools/data-bucket/:id
2026-10-02T12:23:49.3011065Z   operations => /operations
2026-10-02T12:23:49.3011332Z   cut-fill => /operations/cut-fill
2026-10-02T12:23:49.3011647Z   cut-fill-create => /operations/cut-fill/form
2026-10-02T12:23:49.3011990Z   cut-fill-edit => /operations/cut-fill/:id/form
2026-10-02T12:23:49.3012333Z   land-clearing => /operations/land-clearing
2026-10-02T12:23:49.3012694Z   land-clearing-create => /operations/land-clearing/form
2026-10-02T12:23:49.3013459Z   land-clearing-detail => /operations/land-clearing/:id
2026-10-02T12:23:49.3013883Z   land-clearing-edit => /operations/land-clearing/:id/form
2026-10-02T12:23:49.3014255Z   benchmark-db => /operations/benchmark-db
2026-10-02T12:23:49.3014589Z   benchmark-form => /operations/benchmark-db/form
2026-10-02T12:23:49.3015159Z   benchmark-detail => /operations/benchmark-db/:id
2026-10-02T12:23:49.3015544Z   benchmark-edit => /operations/benchmark-db/:id/form
2026-10-02T12:23:49.3015877Z   teams => /teams
2026-10-02T12:23:49.3016112Z   attendance => /teams/attendance
2026-10-02T12:23:49.3016409Z   attendance-form => /teams/attendance/form
2026-10-02T12:23:49.3016722Z   daily-log => /teams/daily-log
2026-10-02T12:23:49.3017009Z   daily-log-form => /teams/daily-log/form
2026-10-02T12:23:49.3017347Z   daily-log-record-form => /teams/daily-log/:id/form
2026-10-02T12:23:49.3017688Z   inventory => /teams/inventory
2026-10-02T12:23:49.3017967Z   inventory-form => /teams/inventory/form
2026-10-02T12:23:49.3018276Z   inventory-detail => /teams/inventory/:id
2026-10-02T12:23:49.3018911Z   inventory-edit => /teams/inventory/:id/form
2026-10-02T12:23:49.3019266Z   equipment-check => /teams/equipment-check
2026-10-02T12:23:49.3019626Z   equipment-check-form => /teams/equipment-check/form
2026-10-02T12:23:49.3020020Z   equipment-check-detail => /teams/equipment-check/:id
2026-10-02T12:23:49.3020358Z   timeline => /teams/timeline
2026-10-02T12:23:49.3020620Z   settings => /settings
2026-10-02T12:23:49.3020893Z   settings-profile => /settings/profile/form
2026-10-02T12:23:49.3021209Z   report-config => /reports/config
2026-10-02T12:23:49.3021495Z   notifications => /notifications
2026-10-02T12:23:49.3021757Z  
2026-10-02T12:23:49.3021996Z [INFO] GoRouter: setting initial location /login
2026-10-02T12:23:49.3022347Z GoRouter: INFO: setting initial location /login 
2026-10-02T12:23:49.3022696Z [INFO] GoRouter: Using WidgetsApp configuration
2026-10-02T12:23:49.3023376Z GoRouter: INFO: Using WidgetsApp configuration 
2026-10-02T12:23:49.3023979Z [FINE] supabase.auth: Saving session
2026-10-02T12:23:49.3032742Z [FINEST] supabase.auth: Saving session: Session(providerToken: <redacted>, providerRefreshToken: <redacted>, expiresIn: 3600, tokenType: bearer, user: User(id: cb041494-fccd-493b-b73b-50e952366ea8, appMetadata: {provider: email, providers: [email]}, userMetadata: {email_verified: true}, aud: authenticated, confirmationSentAt: null, recoverySentAt: null, emailChangeSentAt: null, newEmail: null, invitedAt: null, actionLink: null, email: ***, phone: , createdAt: 2026-08-29T08:04:41.039217Z, confirmedAt: 2026-08-29T08:04:41.068013Z, emailConfirmedAt: 2026-08-29T08:04:41.068013Z, phoneConfirmedAt: null, lastSignInAt: 2026-10-02T12:10:44.765607455Z, role: authenticated, updatedAt: 2026-10-02T12:10:44.76837Z, identities: [UserIdentity(id: cb041494-fccd-493b-b73b-50e952366ea8, userId: cb041494-fccd-493b-b73b-50e952366ea8, identityData: {email: ***, email_verified: false, phone_verified: false, sub: cb041494-fccd-493b-b73b-50e952366ea8}, identityId: 8d3c9ac0-0cb4-431a-ba43-538637ad8247, provider: email, createdAt: 2026-08-29T08:04:41.062276Z, lastSignInAt: 2026-08-29T08:04:41.062165Z, updatedAt: 2026-08-29T08:04:41.062276Z)], factors: null, isAnonymous: false), accessToken: <redacted>, refreshToken: <redacted>
2026-10-02T12:23:49.3042926Z [FINEST] supabase.auth: onAuthStateChange: AuthState(event: signedIn, session: Session(providerToken: <redacted>, providerRefreshToken: <redacted>, expiresIn: 3600, tokenType: bearer, user: User(id: cb041494-fccd-493b-b73b-50e952366ea8, appMetadata: {provider: email, providers: [email]}, userMetadata: {email_verified: true}, aud: authenticated, confirmationSentAt: null, recoverySentAt: null, emailChangeSentAt: null, newEmail: null, invitedAt: null, actionLink: null, email: ***, phone: , createdAt: 2026-08-29T08:04:41.039217Z, confirmedAt: 2026-08-29T08:04:41.068013Z, emailConfirmedAt: 2026-08-29T08:04:41.068013Z, phoneConfirmedAt: null, lastSignInAt: 2026-10-02T12:10:44.765607455Z, role: authenticated, updatedAt: 2026-10-02T12:10:44.76837Z, identities: [UserIdentity(id: cb041494-fccd-493b-b73b-50e952366ea8, userId: cb041494-fccd-493b-b73b-50e952366ea8, identityData: {email: ***, email_verified: false, phone_verified: false, sub: cb041494-fccd-493b-b73b-50e952366ea8}, identityId: 8d3c9ac0-0cb4-431a-ba43-538637ad8247, provider: email, createdAt: 2026-08-29T08:04:41.062276Z, lastSignInAt: 2026-08-29T08:04:41.062165Z, updatedAt: 2026-08-29T08:04:41.062276Z)], factors: null, isAnonymous: false), accessToken: <redacted>, refreshToken: <redacted>, fromBroadcast: false, signOutReason: null)
2026-10-02T12:23:49.3051167Z [FINEST] supabase.postgrest: Request: GET ***/rest/v1/users?select=%2A&id=eq.cb041494-fccd-493b-b73b-50e952366ea8
2026-10-02T12:23:49.3053266Z [INFO] GoRouter: redirecting to RouteMatchList#0fedc(uri: /privacy-gate, matches: [RouteMatch#a63b9(route: GoRoute#741d5(name: "privacy-gate", path: "/privacy-gate"))])
2026-10-02T12:23:49.3055439Z GoRouter: INFO: redirecting to RouteMatchList#0fedc(uri: /privacy-gate, matches: [RouteMatch#a63b9(route: GoRoute#741d5(name: "privacy-gate", path: "/privacy-gate"))]) 
2026-10-02T12:23:49.3056763Z [INFO] GoRouter: going to /
2026-10-02T12:23:49.3057238Z GoRouter: INFO: going to / 
2026-10-02T12:23:49.3057748Z [INFO] GoRouter: Using WidgetsApp configuration
2026-10-02T12:23:49.3058364Z GoRouter: INFO: Using WidgetsApp configuration 
2026-10-02T12:23:49.3059848Z [FINEST] supabase.postgrest: Request: GET ***/rest/v1/attendance_records?select=%2A%2Cusers%21attendance_records_user_id_fkey%28name%29&deleted_at=is.null
2026-10-02T12:23:49.3061461Z [FINEST] supabase.postgrest: Request: GET ***/rest/v1/equipment_checks?select=%2A&deleted_at=is.null
2026-10-02T12:23:49.3062290Z [FINE] SyncQueueManager: No pending sync items to process.
2026-10-02T12:23:49.3063664Z [FINEST] supabase.postgrest: Request: GET ***/rest/v1/cut_fill_records?select=%2A&deleted_at=is.null
2026-10-02T12:23:49.3064508Z [INFO] GoRouter: going to /teams/equipment-check
2026-10-02T12:23:49.3065081Z GoRouter: INFO: going to /teams/equipment-check 
2026-10-02T12:23:49.3065762Z [INFO] GoRouter: Using WidgetsApp configuration
2026-10-02T12:23:49.3066638Z GoRouter: INFO: Using WidgetsApp configuration 
2026-10-02T12:23:49.3067892Z [FINEST] supabase.postgrest: Request: GET ***/rest/v1/equipment_checks?select=%2A&deleted_at=is.null
2026-10-02T12:23:49.3068751Z [INFO] GoRouter: getting location for name: "equipment-check-form", queryParameters: {siteId: f47ac10b-58cc-4372-a567-0e02b2c3d479}
2026-10-02T12:23:49.3069901Z GoRouter: INFO: getting location for name: "equipment-check-form", queryParameters: {siteId: f47ac10b-58cc-4372-a567-0e02b2c3d479} 
2026-10-02T12:23:49.3070703Z [INFO] GoRouter: pushing /teams/equipment-check/form?siteId=f47ac10b-58cc-4372-a567-0e02b2c3d479
2026-10-02T12:23:49.3071370Z GoRouter: INFO: pushing /teams/equipment-check/form?siteId=f47ac10b-58cc-4372-a567-0e02b2c3d479 
2026-10-02T12:23:49.3072247Z [FINEST] supabase.postgrest: Request: GET ***/rest/v1/land_clearing_records?select=%2A&deleted_at=is.null
2026-10-02T12:23:49.3074074Z [FINEST] supabase.postgrest: Request: GET ***/rest/v1/inventory_items?select=%2A&deleted_at=is.null
2026-10-02T12:23:49.3074665Z [FINER] supabase.auth: Access token expires in 359 ticks
2026-10-02T12:23:49.3075471Z [INFO] SyncQueueManager: Enqueuing offline item [equipment_checks_update_2d32db91-0472-4adb-a3a5-6f6bd51cab36_1790943051333245] for entity "equipment_checks" (update)
2026-10-02T12:23:49.3077184Z SyncQueueManager: INFO: Enqueuing offline item [equipment_checks_update_2d32db91-0472-4adb-a3a5-6f6bd51cab36_1790943051333245] for entity "equipment_checks" (update) 
2026-10-02T12:23:49.3078011Z [INFO] SyncQueueManager: Processing 1 pending sync queue items.
2026-10-02T12:23:49.3078489Z SyncQueueManager: INFO: Processing 1 pending sync queue items. 
2026-10-02T12:23:49.3079572Z [FINEST] supabase.postgrest: Request: GET ***/rest/v1/equipment_checks?select=%2A&deleted_at=is.null
2026-10-02T12:23:49.3080552Z [INFO] SyncQueueManager: Syncing queue item [equipment_checks_update_2d32db91-0472-4adb-a3a5-6f6bd51cab36_1790943051333245] (equipment_checks:update)
2026-10-02T12:23:49.3082218Z SyncQueueManager: INFO: Syncing queue item [equipment_checks_update_2d32db91-0472-4adb-a3a5-6f6bd51cab36_1790943051333245] (equipment_checks:update) 
2026-10-02T12:23:49.3084510Z [INFO] EquipmentCheckSyncRegistrar: Processing equipment check sync item [equipment_checks_update_2d32db91-0472-4adb-a3a5-6f6bd51cab36_1790943051333245]: update
2026-10-02T12:23:49.3086475Z EquipmentCheckSyncRegistrar: INFO: Processing equipment check sync item [equipment_checks_update_2d32db91-0472-4adb-a3a5-6f6bd51cab36_1790943051333245]: update 
2026-10-02T12:23:49.3089005Z [FINEST] supabase.postgrest: Request: GET ***/rest/v1/equipment_checks?select=%2A&id=eq.2d32db91-0472-4adb-a3a5-6f6bd51cab36
2026-10-02T12:23:49.3093148Z [FINEST] supabase.postgrest: Request: POST ***/rest/v1/equipment_checks
2026-10-02T12:23:49.3094523Z [INFO] SyncQueueManager: Successfully synced queue item [equipment_checks_update_2d32db91-0472-4adb-a3a5-6f6bd51cab36_1790943051333245].
2026-10-02T12:23:49.3096181Z SyncQueueManager: INFO: Successfully synced queue item [equipment_checks_update_2d32db91-0472-4adb-a3a5-6f6bd51cab36_1790943051333245]. 
2026-10-02T12:23:49.3097905Z [FINEST] supabase.postgrest: Request: GET ***/rest/v1/equipment_checks?select=%2A&deleted_at=is.null
2026-10-02T12:23:49.3099400Z [FINEST] supabase.postgrest: Request: GET ***/rest/v1/equipment_checks?select=%2A&deleted_at=is.null
2026-10-02T12:23:49.3100900Z [FINEST] supabase.postgrest: Request: GET ***/rest/v1/equipment_checks?select=%2A&deleted_at=is.null
2026-10-02T12:23:49.3102089Z ##[endgroup]
2026-10-02T12:23:49.3102443Z Running Gradle task 'assembleDebug'...                             42.1s
2026-10-02T12:23:49.3105405Z ✓ Built build/app/outputs/flutter-apk/app-debug.apk
2026-10-02T12:23:49.3106148Z Installing build/app/outputs/flutter-apk/app-debug.apk...        1,066ms
2026-10-02T12:23:49.3107720Z ##[group]✅ /home/runner/work/mine-flow-app/mine-flow-app/integration_test/journeys/rls_authorization_journey_test.dart: RLS Authorization Journey — Part A: per-role matrix (STEP-45.12) supervisor and foreman policies behave as documented
2026-10-02T12:23:49.3109274Z [CONFIG] supabase.supabase_flutter: Initialize Supabase v2.17.2
2026-10-02T12:23:49.3111595Z [CONFIG] supabase.auth: Initialize GoTrueClient v2.27.2 with url: ***/auth/v1, autoRefreshToken: <redacted>, flowType: pkce, tickDuration: 0:00:10.000000, tickThreshold: 3
2026-10-02T12:23:49.3114405Z [FINEST] supabase.auth: Initialize with headers: {X-Client-Info: supabase-flutter/2.17.2; platform=Android; platform-version=sdk_gphone64_x86_64-userdebug 13 TE1A.240213.009 12342917 dev-keys; runtime=dart; runtime-version=3.13.1, apikey: <redacted>, Authorization: ***
2026-10-02T12:23:49.3115556Z [FINE] supabase.auth: Stopping auto refresh
2026-10-02T12:23:49.3115901Z [FINE] supabase.auth: Starting auto refresh
2026-10-02T12:23:49.3116569Z [CONFIG] supabase.postgrest: Initialize PostgrestClient with url: ***/rest/v1, schema: public
2026-10-02T12:23:49.3117723Z [FINEST] supabase.postgrest: Initialize with headers: {X-Client-Info: supabase-flutter/2.17.2; platform=Android; platform-version=sdk_gphone64_x86_64-userdebug 13 TE1A.240213.009 12342917 dev-keys; runtime=dart; runtime-version=3.13.1}
2026-10-02T12:23:49.3119075Z [CONFIG] supabase.functions: Initialize FunctionsClient v2.7.1 with url '***/functions/v1' and region 'null'
2026-10-02T12:23:49.3120252Z [FINEST] supabase.functions: Initialize with headers: {X-Client-Info: supabase-flutter/2.17.2; platform=Android; platform-version=sdk_gphone64_x86_64-userdebug 13 TE1A.240213.009 12342917 dev-keys; runtime=dart; runtime-version=3.13.1}
2026-10-02T12:23:49.3121583Z [CONFIG] supabase.storage: Initialize SupabaseStorageClient v2.8.0 with url: ***/storage/v1, retryAttempts: 0
2026-10-02T12:23:49.3122753Z [FINEST] supabase.storage: Initialize with headers: {X-Client-Info: supabase-flutter/2.17.2; platform=Android; platform-version=sdk_gphone64_x86_64-userdebug 13 TE1A.240213.009 12342917 dev-keys; runtime=dart; runtime-version=3.13.1}
2026-10-02T12:23:49.3125419Z [CONFIG] supabase.realtime: Initialize RealtimeClient with endpoint: wss://rpdnonpivoyhghzolyzv.supabase.co/realtime/v1, timeout: 0:00:10.000000, heartbeatIntervalMs: 25000, logLevel: null
2026-10-02T12:23:49.3127354Z [FINEST] supabase.realtime: Initialize with headers: {apikey: <redacted>, X-Client-Info: supabase-flutter/2.17.2; platform=Android; platform-version=sdk_gphone64_x86_64-userdebug 13 TE1A.240213.009 12342917 dev-keys; runtime=dart; runtime-version=3.13.1}, params: {apikey: <redacted>}
2026-10-02T12:23:49.3129055Z [CONFIG] supabase.supabase: Initialize SupabaseClient v2.16.1 with no custom access token
2026-10-02T12:23:49.3129871Z [FINEST] supabase.auth: onAuthStateChange: AuthState(event: initialSession, session: null, fromBroadcast: false, signOutReason: null)
2026-10-02T12:23:49.3130567Z [FINE] supabase.supabase_flutter: Starting deeplink observer
2026-10-02T12:23:49.3131035Z [INFO] supabase.supabase_flutter: ***** Supabase init completed *****
2026-10-02T12:23:49.3131904Z supabase.supabase_flutter: INFO: ***** Supabase init completed ***** 
2026-10-02T12:23:49.3132846Z [INFO] ConnectivityService: Connectivity changed → online
2026-10-02T12:23:49.3133901Z ConnectivityService: INFO: Connectivity changed → online 
2026-10-02T12:23:49.3134768Z [INFO] SyncQueueManager: Network connectivity restored. Triggering queue sync.
2026-10-02T12:23:49.3135760Z SyncQueueManager: INFO: Network connectivity restored. Triggering queue sync. 
2026-10-02T12:23:49.3136637Z [FINE] SyncQueueManager: No pending sync items to process.
2026-10-02T12:23:49.3137553Z [INFO] SyncQueueManager: Registered sync handler for entity type: data_bucket_metadata_sync
2026-10-02T12:23:49.3138690Z SyncQueueManager: INFO: Registered sync handler for entity type: data_bucket_metadata_sync 
2026-10-02T12:23:49.3139791Z [INFO] DataBucketSyncRegistrar: Registered sync handler for data_bucket_metadata_sync
2026-10-02T12:23:49.3140868Z DataBucketSyncRegistrar: INFO: Registered sync handler for data_bucket_metadata_sync 
2026-10-02T12:23:49.3141922Z [INFO] SyncQueueManager: Registered sync handler for entity type: cut_fill_records
2026-10-02T12:23:49.3143143Z SyncQueueManager: INFO: Registered sync handler for entity type: cut_fill_records 
2026-10-02T12:23:49.3144164Z [INFO] TrackingSyncRegistrar: Registered sync handler for cut_fill_records
2026-10-02T12:23:49.3145132Z TrackingSyncRegistrar: INFO: Registered sync handler for cut_fill_records 
2026-10-02T12:23:49.3146088Z [INFO] SyncQueueManager: Registered sync handler for entity type: land_clearing_records
2026-10-02T12:23:49.3146696Z SyncQueueManager: INFO: Registered sync handler for entity type: land_clearing_records 
2026-10-02T12:23:49.3147800Z [INFO] TrackingSyncRegistrar: Registered sync handler for land_clearing_records
2026-10-02T12:23:49.3148846Z TrackingSyncRegistrar: INFO: Registered sync handler for land_clearing_records 
2026-10-02T12:23:49.3149865Z [INFO] SyncQueueManager: Registered sync handler for entity type: inventory_items
2026-10-02T12:23:49.3150886Z SyncQueueManager: INFO: Registered sync handler for entity type: inventory_items 
2026-10-02T12:23:49.3151849Z [INFO] TrackingSyncRegistrar: Registered sync handler for inventory_items
2026-10-02T12:23:49.3152806Z TrackingSyncRegistrar: INFO: Registered sync handler for inventory_items 
2026-10-02T12:23:49.3154097Z [INFO] SyncQueueManager: Registered sync handler for entity type: inventory_transactions
2026-10-02T12:23:49.3155246Z SyncQueueManager: INFO: Registered sync handler for entity type: inventory_transactions 
2026-10-02T12:23:49.3156318Z [INFO] TrackingSyncRegistrar: Registered sync handler for inventory_transactions
2026-10-02T12:23:49.3157349Z TrackingSyncRegistrar: INFO: Registered sync handler for inventory_transactions 
2026-10-02T12:23:49.3158382Z [INFO] SyncQueueManager: Registered sync handler for entity type: attendance_records
2026-10-02T12:23:49.3159427Z SyncQueueManager: INFO: Registered sync handler for entity type: attendance_records 
2026-10-02T12:23:49.3160464Z [INFO] AttendanceSyncRegistrar: Registered sync handler for attendance_records
2026-10-02T12:23:49.3161468Z AttendanceSyncRegistrar: INFO: Registered sync handler for attendance_records 
2026-10-02T12:23:49.3162438Z [INFO] SyncQueueManager: Registered sync handler for entity type: daily_logs
2026-10-02T12:23:49.3168956Z SyncQueueManager: INFO: Registered sync handler for entity type: daily_logs 
2026-10-02T12:23:49.3175177Z [INFO] DailyLogSyncRegistrar: Registered sync handler for daily_logs
2026-10-02T12:23:49.3178819Z DailyLogSyncRegistrar: INFO: Registered sync handler for daily_logs 
2026-10-02T12:23:49.3182187Z [INFO] SyncQueueManager: Registered sync handler for entity type: equipment_checks
2026-10-02T12:23:49.3185610Z SyncQueueManager: INFO: Registered sync handler for entity type: equipment_checks 
2026-10-02T12:23:49.3188383Z [INFO] EquipmentCheckSyncRegistrar: Registered sync handler for equipment_checks
2026-10-02T12:23:49.3189650Z EquipmentCheckSyncRegistrar: INFO: Registered sync handler for equipment_checks 
2026-10-02T12:23:49.3193417Z [INFO] SyncQueueManager: Registered sync handler for entity type: benchmarks
2026-10-02T12:23:49.3198197Z SyncQueueManager: INFO: Registered sync handler for entity type: benchmarks 
2026-10-02T12:23:49.3199342Z [INFO] BenchmarkSyncRegistrar: Registered sync handler for benchmarks
2026-10-02T12:23:49.3200370Z BenchmarkSyncRegistrar: INFO: Registered sync handler for benchmarks 
2026-10-02T12:23:49.3201991Z [INFO] GoRouter: Full paths for routes:
2026-10-02T12:23:49.3203074Z ├─/login (LoginPage)
2026-10-02T12:23:49.3203989Z ├─/privacy-gate (PrivacyAckPage)
2026-10-02T12:23:49.3204861Z ├─/__interaction-fixture (AppInteractionFixturePage)
2026-10-02T12:23:49.3205953Z │ └─/__interaction-fixture/form (AppInteractionFixturePage)
2026-10-02T12:23:49.3206977Z ├─ (ShellRoute)
2026-10-02T12:23:49.3207658Z │ ├─/ (BlocProvider<DashboardCubit>)
2026-10-02T12:23:49.3208474Z │ ├─/tools (GroupLandingPage)
2026-10-02T12:23:49.3209340Z │ │ └─/tools/data-bucket (DataBucketListPage)
2026-10-02T12:23:49.3210164Z │ │   ├─/tools/data-bucket/upload 
2026-10-02T12:23:49.3210941Z │ │   └─/tools/data-bucket/:id 
2026-10-02T12:23:49.3213654Z │ ├─/operations (GroupLandingPage)
2026-10-02T12:23:49.3214567Z │ │ ├─/operations/cut-fill (CutFillListScreen)
2026-10-02T12:23:49.3215469Z │ │ │ ├─/operations/cut-fill/form 
2026-10-02T12:23:49.3216194Z │ │ │ └─/operations/cut-fill/:id/form 
2026-10-02T12:23:49.3232185Z │ │ ├─/operations/land-clearing (LandClearingSummaryScreen)
2026-10-02T12:23:49.3233355Z │ │ │ ├─/operations/land-clearing/form 
2026-10-02T12:23:49.3233984Z │ │ │ ├─/operations/land-clearing/:id 
2026-10-02T12:23:49.3234372Z │ │ │ └─/operations/land-clearing/:id/form 
2026-10-02T12:23:49.3234813Z │ │ └─/operations/benchmark-db (BenchmarkListScreen)
2026-10-02T12:23:49.3235290Z │ │   ├─/operations/benchmark-db/form (BenchmarkFormScreen)
2026-10-02T12:23:49.3235793Z │ │   ├─/operations/benchmark-db/:id 
2026-10-02T12:23:49.3236661Z │ │   └─/operations/benchmark-db/:id/form 
2026-10-02T12:23:49.3237052Z │ ├─/teams (GroupLandingPage)
2026-10-02T12:23:49.3237381Z │ │ ├─/teams/attendance (AttendanceScreen)
2026-10-02T12:23:49.3237729Z │ │ │ └─/teams/attendance/form 
2026-10-02T12:23:49.3238073Z │ │ ├─/teams/daily-log (DailyLogListScreen)
2026-10-02T12:23:49.3238610Z │ │ │ ├─/teams/daily-log/form 
2026-10-02T12:23:49.3239385Z │ │ │ └─/teams/daily-log/:id/form 
2026-10-02T12:23:49.3239611Z │ │ ├─/teams/inventory (InventoryDashboardScreen)
2026-10-02T12:23:49.3239767Z │ │ │ ├─/teams/inventory/form 
2026-10-02T12:23:49.3239903Z │ │ │ ├─/teams/inventory/:id 
2026-10-02T12:23:49.3240041Z │ │ │ └─/teams/inventory/:id/form 
2026-10-02T12:23:49.3240255Z │ │ ├─/teams/equipment-check (EquipmentHistoryScreen)
2026-10-02T12:23:49.3240405Z │ │ │ ├─/teams/equipment-check/form 
2026-10-02T12:23:49.3240551Z │ │ │ └─/teams/equipment-check/:id 
2026-10-02T12:23:49.3241038Z │ │ └─/teams/timeline (TimelinePage)
2026-10-02T12:23:49.3241192Z │ └─/settings (SettingsPage)
2026-10-02T12:23:49.3241379Z │   └─/settings/profile/form (ProfileEditPage)
2026-10-02T12:23:49.3241619Z ├─/reports/config (Widget)
2026-10-02T12:23:49.3241986Z └─/notifications (BlocProvider<NotificationCubit>)
2026-10-02T12:23:49.3242194Z known full paths for route names:
2026-10-02T12:23:49.3242366Z   login => /login
2026-10-02T12:23:49.3242689Z   privacy-gate => /privacy-gate
2026-10-02T12:23:49.3242855Z   interaction-fixture => /__interaction-fixture
2026-10-02T12:23:49.3243351Z   interaction-fixture-form => /__interaction-fixture/form
2026-10-02T12:23:49.3243482Z   dashboard => /
2026-10-02T12:23:49.3243580Z   tools => /tools
2026-10-02T12:23:49.3243693Z   data-bucket => /tools/data-bucket
2026-10-02T12:23:49.3243838Z   data-bucket-upload => /tools/data-bucket/upload
2026-10-02T12:23:49.3243969Z   data-bucket-detail => /tools/data-bucket/:id
2026-10-02T12:23:49.3244074Z   operations => /operations
2026-10-02T12:23:49.3244188Z   cut-fill => /operations/cut-fill
2026-10-02T12:23:49.3244318Z   cut-fill-create => /operations/cut-fill/form
2026-10-02T12:23:49.3244565Z   cut-fill-edit => /operations/cut-fill/:id/form
2026-10-02T12:23:49.3244801Z   land-clearing => /operations/land-clearing
2026-10-02T12:23:49.3245094Z   land-clearing-create => /operations/land-clearing/form
2026-10-02T12:23:49.3245361Z   land-clearing-detail => /operations/land-clearing/:id
2026-10-02T12:23:49.3245536Z   land-clearing-edit => /operations/land-clearing/:id/form
2026-10-02T12:23:49.3245658Z   benchmark-db => /operations/benchmark-db
2026-10-02T12:23:49.3245800Z   benchmark-form => /operations/benchmark-db/form
2026-10-02T12:23:49.3245939Z   benchmark-detail => /operations/benchmark-db/:id
2026-10-02T12:23:49.3246086Z   benchmark-edit => /operations/benchmark-db/:id/form
2026-10-02T12:23:49.3246176Z   teams => /teams
2026-10-02T12:23:49.3246279Z   attendance => /teams/attendance
2026-10-02T12:23:49.3246401Z   attendance-form => /teams/attendance/form
2026-10-02T12:23:49.3246507Z   daily-log => /teams/daily-log
2026-10-02T12:23:49.3246623Z   daily-log-form => /teams/daily-log/form
2026-10-02T12:23:49.3246774Z   daily-log-record-form => /teams/daily-log/:id/form
2026-10-02T12:23:49.3246879Z   inventory => /teams/inventory
2026-10-02T12:23:49.3247091Z   inventory-form => /teams/inventory/form
2026-10-02T12:23:49.3247306Z   inventory-detail => /teams/inventory/:id
2026-10-02T12:23:49.3247527Z   inventory-edit => /teams/inventory/:id/form
2026-10-02T12:23:49.3247738Z   equipment-check => /teams/equipment-check
2026-10-02T12:23:49.3248062Z   equipment-check-form => /teams/equipment-check/form
2026-10-02T12:23:49.3248231Z   equipment-check-detail => /teams/equipment-check/:id
2026-10-02T12:23:49.3248337Z   timeline => /teams/timeline
2026-10-02T12:23:49.3248435Z   settings => /settings
2026-10-02T12:23:49.3248564Z   settings-profile => /settings/profile/form
2026-10-02T12:23:49.3248674Z   report-config => /reports/config
2026-10-02T12:23:49.3248780Z   notifications => /notifications
2026-10-02T12:23:49.3248787Z 
2026-10-02T12:23:49.3248904Z GoRouter: INFO: Full paths for routes:
2026-10-02T12:23:49.3249056Z ├─/login (LoginPage)
2026-10-02T12:23:49.3249206Z ├─/privacy-gate (PrivacyAckPage)
2026-10-02T12:23:49.3249533Z ├─/__interaction-fixture (AppInteractionFixturePage)
2026-10-02T12:23:49.3249954Z │ └─/__interaction-fixture/form (AppInteractionFixturePage)
2026-10-02T12:23:49.3250142Z ├─ (ShellRoute)
2026-10-02T12:23:49.3250305Z │ ├─/ (BlocProvider<DashboardCubit>)
2026-10-02T12:23:49.3250448Z │ ├─/tools (GroupLandingPage)
2026-10-02T12:23:49.3250632Z │ │ └─/tools/data-bucket (DataBucketListPage)
2026-10-02T12:23:49.3250775Z │ │   ├─/tools/data-bucket/upload 
2026-10-02T12:23:49.3250910Z │ │   └─/tools/data-bucket/:id 
2026-10-02T12:23:49.3251055Z │ ├─/operations (GroupLandingPage)
2026-10-02T12:23:49.3251234Z │ │ ├─/operations/cut-fill (CutFillListScreen)
2026-10-02T12:23:49.3251507Z │ │ │ ├─/operations/cut-fill/form 
2026-10-02T12:23:49.3251785Z │ │ │ └─/operations/cut-fill/:id/form 
2026-10-02T12:23:49.3252060Z │ │ ├─/operations/land-clearing (LandClearingSummaryScreen)
2026-10-02T12:23:49.3252218Z │ │ │ ├─/operations/land-clearing/form 
2026-10-02T12:23:49.3252367Z │ │ │ ├─/operations/land-clearing/:id 
2026-10-02T12:23:49.3252523Z │ │ │ └─/operations/land-clearing/:id/form 
2026-10-02T12:23:49.3252713Z │ │ └─/operations/benchmark-db (BenchmarkListScreen)
2026-10-02T12:23:49.3253225Z │ │   ├─/operations/benchmark-db/form (BenchmarkFormScreen)
2026-10-02T12:23:49.3253561Z │ │   ├─/operations/benchmark-db/:id 
2026-10-02T12:23:49.3253872Z │ │   └─/operations/benchmark-db/:id/form 
2026-10-02T12:23:49.3254104Z │ ├─/teams (GroupLandingPage)
2026-10-02T12:23:49.3254273Z │ │ ├─/teams/attendance (AttendanceScreen)
2026-10-02T12:23:49.3254420Z │ │ │ └─/teams/attendance/form 
2026-10-02T12:23:49.3254579Z │ │ ├─/teams/daily-log (DailyLogListScreen)
2026-10-02T12:23:49.3254718Z │ │ │ ├─/teams/daily-log/form 
2026-10-02T12:23:49.3254852Z │ │ │ └─/teams/daily-log/:id/form 
2026-10-02T12:23:49.3255041Z │ │ ├─/teams/inventory (InventoryDashboardScreen)
2026-10-02T12:23:49.3255172Z │ │ │ ├─/teams/inventory/form 
2026-10-02T12:23:49.3255396Z │ │ │ ├─/teams/inventory/:id 
2026-10-02T12:23:49.3255656Z │ │ │ └─/teams/inventory/:id/form 
2026-10-02T12:23:49.3256019Z │ │ ├─/teams/equipment-check (EquipmentHistoryScreen)
2026-10-02T12:23:49.3256184Z │ │ │ ├─/teams/equipment-check/form 
2026-10-02T12:23:49.3256345Z │ │ │ └─/teams/equipment-check/:id 
2026-10-02T12:23:49.3256481Z │ │ └─/teams/timeline (TimelinePage)
2026-10-02T12:23:49.3256620Z │ └─/settings (SettingsPage)
2026-10-02T12:23:49.3256992Z │   └─/settings/profile/form (ProfileEditPage)
2026-10-02T12:23:49.3257126Z ├─/reports/config (Widget)
2026-10-02T12:23:49.3257316Z └─/notifications (BlocProvider<NotificationCubit>)
2026-10-02T12:23:49.3257427Z known full paths for route names:
2026-10-02T12:23:49.3257520Z   login => /login
2026-10-02T12:23:49.3257628Z   privacy-gate => /privacy-gate
2026-10-02T12:23:49.3257766Z   interaction-fixture => /__interaction-fixture
2026-10-02T12:23:49.3257934Z   interaction-fixture-form => /__interaction-fixture/form
2026-10-02T12:23:49.3258027Z   dashboard => /
2026-10-02T12:23:49.3258197Z   tools => /tools
2026-10-02T12:23:49.3258395Z   data-bucket => /tools/data-bucket
2026-10-02T12:23:49.3258614Z   data-bucket-upload => /tools/data-bucket/upload
2026-10-02T12:23:49.3258815Z   data-bucket-detail => /tools/data-bucket/:id
2026-10-02T12:23:49.3259003Z   operations => /operations
2026-10-02T12:23:49.3259195Z   cut-fill => /operations/cut-fill
2026-10-02T12:23:49.3259431Z   cut-fill-create => /operations/cut-fill/form
2026-10-02T12:23:49.3259658Z   cut-fill-edit => /operations/cut-fill/:id/form
2026-10-02T12:23:49.3259882Z   land-clearing => /operations/land-clearing
2026-10-02T12:23:49.3260162Z   land-clearing-create => /operations/land-clearing/form
2026-10-02T12:23:49.3260434Z   land-clearing-detail => /operations/land-clearing/:id
2026-10-02T12:23:49.3260717Z   land-clearing-edit => /operations/land-clearing/:id/form
2026-10-02T12:23:49.3260931Z   benchmark-db => /operations/benchmark-db
2026-10-02T12:23:49.3261162Z   benchmark-form => /operations/benchmark-db/form
2026-10-02T12:23:49.3261404Z   benchmark-detail => /operations/benchmark-db/:id
2026-10-02T12:23:49.3261656Z   benchmark-edit => /operations/benchmark-db/:id/form
2026-10-02T12:23:49.3261796Z   teams => /teams
2026-10-02T12:23:49.3262086Z   attendance => /teams/attendance
2026-10-02T12:23:49.3262290Z   attendance-form => /teams/attendance/form
2026-10-02T12:23:49.3262461Z   daily-log => /teams/daily-log
2026-10-02T12:23:49.3262659Z   daily-log-form => /teams/daily-log/form
2026-10-02T12:23:49.3263098Z   daily-log-record-form => /teams/daily-log/:id/form
2026-10-02T12:23:49.3263286Z   inventory => /teams/inventory
2026-10-02T12:23:49.3263489Z   inventory-form => /teams/inventory/form
2026-10-02T12:23:49.3263682Z   inventory-detail => /teams/inventory/:id
2026-10-02T12:23:49.3263875Z   inventory-edit => /teams/inventory/:id/form
2026-10-02T12:23:49.3264078Z   equipment-check => /teams/equipment-check
2026-10-02T12:23:49.3264325Z   equipment-check-form => /teams/equipment-check/form
2026-10-02T12:23:49.3264583Z   equipment-check-detail => /teams/equipment-check/:id
2026-10-02T12:23:49.3264756Z   timeline => /teams/timeline
2026-10-02T12:23:49.3264912Z   settings => /settings
2026-10-02T12:23:49.3265119Z   settings-profile => /settings/profile/form
2026-10-02T12:23:49.3265303Z   report-config => /reports/config
2026-10-02T12:23:49.3265473Z   notifications => /notifications
2026-10-02T12:23:49.3265605Z  
2026-10-02T12:23:49.3265829Z [INFO] GoRouter: setting initial location /login
2026-10-02T12:23:49.3266047Z GoRouter: INFO: setting initial location /login 
2026-10-02T12:23:49.3266276Z [INFO] GoRouter: Using WidgetsApp configuration
2026-10-02T12:23:49.3266501Z GoRouter: INFO: Using WidgetsApp configuration 
2026-10-02T12:23:49.3266874Z [INFO] supabase.auth: Signing out user with scope: local
2026-10-02T12:23:49.3267206Z supabase.auth: INFO: Signing out user with scope: local 
2026-10-02T12:23:49.3267483Z [FINE] supabase.auth: Removing session
2026-10-02T12:23:49.3268340Z [FINEST] supabase.auth: onAuthStateChange: AuthState(event: signedOut, session: null, fromBroadcast: false, signOutReason: userInitiated)
2026-10-02T12:23:49.3268616Z [FINE] supabase.auth: Saving session
2026-10-02T12:23:49.3276168Z [FINEST] supabase.auth: Saving session: Session(providerToken: <redacted>, providerRefreshToken: <redacted>, expiresIn: 3600, tokenType: bearer, user: User(id: cb041494-fccd-493b-b73b-50e952366ea8, appMetadata: {provider: email, providers: [email]}, userMetadata: {email_verified: true}, aud: authenticated, confirmationSentAt: null, recoverySentAt: null, emailChangeSentAt: null, newEmail: null, invitedAt: null, actionLink: null, email: ***, phone: , createdAt: 2026-08-29T08:04:41.039217Z, confirmedAt: 2026-08-29T08:04:41.068013Z, emailConfirmedAt: 2026-08-29T08:04:41.068013Z, phoneConfirmedAt: null, lastSignInAt: 2026-10-02T12:11:51.699654911Z, role: authenticated, updatedAt: 2026-10-02T12:11:51.709525Z, identities: [UserIdentity(id: cb041494-fccd-493b-b73b-50e952366ea8, userId: cb041494-fccd-493b-b73b-50e952366ea8, identityData: {email: ***, email_verified: false, phone_verified: false, sub: cb041494-fccd-493b-b73b-50e952366ea8}, identityId: 8d3c9ac0-0cb4-431a-ba43-538637ad8247, provider: email, createdAt: 2026-08-29T08:04:41.062276Z, lastSignInAt: 2026-08-29T08:04:41.062165Z, updatedAt: 2026-08-29T08:04:41.062276Z)], factors: null, isAnonymous: false), accessToken: <redacted>, refreshToken: <redacted>
2026-10-02T12:23:49.3282420Z [FINEST] supabase.auth: onAuthStateChange: AuthState(event: signedIn, session: Session(providerToken: <redacted>, providerRefreshToken: <redacted>, expiresIn: 3600, tokenType: bearer, user: User(id: cb041494-fccd-493b-b73b-50e952366ea8, appMetadata: {provider: email, providers: [email]}, userMetadata: {email_verified: true}, aud: authenticated, confirmationSentAt: null, recoverySentAt: null, emailChangeSentAt: null, newEmail: null, invitedAt: null, actionLink: null, email: ***, phone: , createdAt: 2026-08-29T08:04:41.039217Z, confirmedAt: 2026-08-29T08:04:41.068013Z, emailConfirmedAt: 2026-08-29T08:04:41.068013Z, phoneConfirmedAt: null, lastSignInAt: 2026-10-02T12:11:51.699654911Z, role: authenticated, updatedAt: 2026-10-02T12:11:51.709525Z, identities: [UserIdentity(id: cb041494-fccd-493b-b73b-50e952366ea8, userId: cb041494-fccd-493b-b73b-50e952366ea8, identityData: {email: ***, email_verified: false, phone_verified: false, sub: cb041494-fccd-493b-b73b-50e952366ea8}, identityId: 8d3c9ac0-0cb4-431a-ba43-538637ad8247, provider: email, createdAt: 2026-08-29T08:04:41.062276Z, lastSignInAt: 2026-08-29T08:04:41.062165Z, updatedAt: 2026-08-29T08:04:41.062276Z)], factors: null, isAnonymous: false), accessToken: <redacted>, refreshToken: <redacted>, fromBroadcast: false, signOutReason: null)
2026-10-02T12:23:49.3283537Z [FINEST] supabase.postgrest: Request: GET ***/rest/v1/users?select=role&id=eq.cb041494-fccd-493b-b73b-50e952366ea8
2026-10-02T12:23:49.3283969Z [FINEST] supabase.postgrest: Request: GET ***/rest/v1/zones?select=%2A&limit=1
2026-10-02T12:23:49.3284530Z [FINEST] supabase.postgrest: Request: GET ***/rest/v1/equipment_checks?select=%2A&limit=1
2026-10-02T12:23:49.3284963Z [FINEST] supabase.postgrest: Request: GET ***/rest/v1/cut_fill_records?select=%2A&limit=1
2026-10-02T12:23:49.3286051Z [FINEST] supabase.postgrest: Request: GET ***/rest/v1/land_clearing_records?select=%2A&limit=1
2026-10-02T12:23:49.3286595Z [FINEST] supabase.postgrest: Request: GET ***/rest/v1/inventory_items?select=%2A&limit=1
2026-10-02T12:23:49.3287020Z [FINEST] supabase.postgrest: Request: GET ***/rest/v1/geospatial_files?select=%2A&limit=1
2026-10-02T12:23:49.3287446Z [FINEST] supabase.postgrest: Request: GET ***/rest/v1/attendance_records?select=%2A&limit=1
2026-10-02T12:23:49.3287839Z [FINEST] supabase.postgrest: Request: GET ***/rest/v1/daily_logs?select=%2A&limit=1
2026-10-02T12:23:49.3288290Z [FINEST] supabase.postgrest: Request: GET ***/rest/v1/users?select=%2A&limit=1
2026-10-02T12:23:49.3288585Z [INFO] supabase.auth: Signing out user with scope: local
2026-10-02T12:23:49.3288882Z supabase.auth: INFO: Signing out user with scope: local 
2026-10-02T12:23:49.3289073Z [FINE] supabase.auth: Removing session
2026-10-02T12:23:49.3289518Z [FINEST] supabase.auth: onAuthStateChange: AuthState(event: signedOut, session: null, fromBroadcast: false, signOutReason: userInitiated)
2026-10-02T12:23:49.3289650Z [FINE] supabase.auth: Saving session
2026-10-02T12:23:49.3295349Z [FINEST] supabase.auth: Saving session: Session(providerToken: <redacted>, providerRefreshToken: <redacted>, expiresIn: 3600, tokenType: bearer, user: User(id: 355abeff-c33f-44cb-9cec-9138928d157f, appMetadata: {provider: email, providers: [email]}, userMetadata: {email_verified: true}, aud: authenticated, confirmationSentAt: null, recoverySentAt: null, emailChangeSentAt: null, newEmail: null, invitedAt: null, actionLink: null, email: ***, phone: , createdAt: 2026-08-29T08:04:53.727793Z, confirmedAt: 2026-08-29T08:04:53.733335Z, emailConfirmedAt: 2026-08-29T08:04:53.733335Z, phoneConfirmedAt: null, lastSignInAt: 2026-10-02T12:11:54.597935137Z, role: authenticated, updatedAt: 2026-10-02T12:11:54.604234Z, identities: [UserIdentity(id: 355abeff-c33f-44cb-9cec-9138928d157f, userId: 355abeff-c33f-44cb-9cec-9138928d157f, identityData: {email: ***, email_verified: false, phone_verified: false, sub: 355abeff-c33f-44cb-9cec-9138928d157f}, identityId: cb0a6e29-2325-4f5e-b562-b93c8d871dbe, provider: email, createdAt: 2026-08-29T08:04:53.731068Z, lastSignInAt: 2026-08-29T08:04:53.730992Z, updatedAt: 2026-08-29T08:04:53.731068Z)], factors: null, isAnonymous: false), accessToken: <redacted>, refreshToken: <redacted>
2026-10-02T12:23:49.3301257Z [FINEST] supabase.auth: onAuthStateChange: AuthState(event: signedIn, session: Session(providerToken: <redacted>, providerRefreshToken: <redacted>, expiresIn: 3600, tokenType: bearer, user: User(id: 355abeff-c33f-44cb-9cec-9138928d157f, appMetadata: {provider: email, providers: [email]}, userMetadata: {email_verified: true}, aud: authenticated, confirmationSentAt: null, recoverySentAt: null, emailChangeSentAt: null, newEmail: null, invitedAt: null, actionLink: null, email: ***, phone: , createdAt: 2026-08-29T08:04:53.727793Z, confirmedAt: 2026-08-29T08:04:53.733335Z, emailConfirmedAt: 2026-08-29T08:04:53.733335Z, phoneConfirmedAt: null, lastSignInAt: 2026-10-02T12:11:54.597935137Z, role: authenticated, updatedAt: 2026-10-02T12:11:54.604234Z, identities: [UserIdentity(id: 355abeff-c33f-44cb-9cec-9138928d157f, userId: 355abeff-c33f-44cb-9cec-9138928d157f, identityData: {email: ***, email_verified: false, phone_verified: false, sub: 355abeff-c33f-44cb-9cec-9138928d157f}, identityId: cb0a6e29-2325-4f5e-b562-b93c8d871dbe, provider: email, createdAt: 2026-08-29T08:04:53.731068Z, lastSignInAt: 2026-08-29T08:04:53.730992Z, updatedAt: 2026-08-29T08:04:53.731068Z)], factors: null, isAnonymous: false), accessToken: <redacted>, refreshToken: <redacted>, fromBroadcast: false, signOutReason: null)
2026-10-02T12:23:49.3302003Z [FINEST] supabase.postgrest: Request: GET ***/rest/v1/users?select=role&id=eq.355abeff-c33f-44cb-9cec-9138928d157f
2026-10-02T12:23:49.3302413Z [FINEST] supabase.postgrest: Request: GET ***/rest/v1/zones?select=%2A&limit=1
2026-10-02T12:23:49.3304606Z [FINEST] supabase.postgrest: Request: GET ***/rest/v1/equipment_checks?select=%2A&limit=1
2026-10-02T12:23:49.3305105Z [FINEST] supabase.postgrest: Request: GET ***/rest/v1/cut_fill_records?select=%2A&limit=1
2026-10-02T12:23:49.3305576Z [FINEST] supabase.postgrest: Request: GET ***/rest/v1/land_clearing_records?select=%2A&limit=1
2026-10-02T12:23:49.3306012Z [FINEST] supabase.postgrest: Request: GET ***/rest/v1/inventory_items?select=%2A&limit=1
2026-10-02T12:23:49.3306433Z [FINEST] supabase.postgrest: Request: GET ***/rest/v1/geospatial_files?select=%2A&limit=1
2026-10-02T12:23:49.3306759Z [FINEST] supabase.postgrest: Request: POST ***/rest/v1/zones
2026-10-02T12:23:49.3307543Z [FINEST] supabase.postgrest: PostgrestException(message: new row violates row-level security policy for table "zones", code: 42501, details: Forbidden, hint: null) from request: ***/rest/v1/zones
2026-10-02T12:23:49.3308253Z [FINE] supabase.postgrest: PostgrestException(message: new row violates row-level security policy for table "zones", code: 42501, details: Forbidden, hint: null) from request
2026-10-02T12:23:49.3308553Z [INFO] supabase.auth: Signing out user with scope: local
2026-10-02T12:23:49.3308844Z supabase.auth: INFO: Signing out user with scope: local 
2026-10-02T12:23:49.3308973Z [FINE] supabase.auth: Removing session
2026-10-02T12:23:49.3309580Z [FINEST] supabase.auth: onAuthStateChange: AuthState(event: signedOut, session: null, fromBroadcast: false, signOutReason: userInitiated)
2026-10-02T12:23:49.3309939Z ##[endgroup]
2026-10-02T12:23:49.3310371Z ##[group]⏭️ Skipped tests
2026-10-02T12:23:49.3311288Z ⏭️ /home/runner/work/mine-flow-app/mine-flow-app/integration_test/journeys/rls_authorization_journey_test.dart: RLS Authorization Journey — Part A: per-role matrix (STEP-45.12) crew policies behave as documented (skipped)
2026-10-02T12:23:49.3313551Z Unverified: crew staging credentials absent — STEP-48.0 created the crew@mineflow.dev account in staging but published no TEST_CREW_* repository secrets, so the crew leg of the RLS matrix cannot run. Supply TEST_CREW_EMAIL / TEST_CREW_PASSWORD via --dart-define to verify. No other role is substituted, because a supervisor or foreman session would silently invalidate every crew assertion.
2026-10-02T12:23:49.3313831Z ##[endgroup]
2026-10-02T12:23:49.3314136Z [INFO] supabase.supabase_flutter: Supabase is already initialized. Skipping reinitialization.
2026-10-02T12:23:49.3314436Z supabase.supabase_flutter: INFO: Supabase is already initialized. Skipping reinitialization. 
2026-10-02T12:23:49.3314816Z [INFO] SyncQueueManager: Registered sync handler for entity type: data_bucket_metadata_sync
2026-10-02T12:23:49.3315290Z SyncQueueManager: INFO: Registered sync handler for entity type: data_bucket_metadata_sync 
2026-10-02T12:23:49.3315724Z [INFO] DataBucketSyncRegistrar: Registered sync handler for data_bucket_metadata_sync
2026-10-02T12:23:49.3316186Z DataBucketSyncRegistrar: INFO: Registered sync handler for data_bucket_metadata_sync 
2026-10-02T12:23:49.3316651Z [INFO] SyncQueueManager: Registered sync handler for entity type: cut_fill_records
2026-10-02T12:23:49.3317101Z SyncQueueManager: INFO: Registered sync handler for entity type: cut_fill_records 
2026-10-02T12:23:49.3317341Z [INFO] TrackingSyncRegistrar: Registered sync handler for cut_fill_records
2026-10-02T12:23:49.3317566Z TrackingSyncRegistrar: INFO: Registered sync handler for cut_fill_records 
2026-10-02T12:23:49.3317836Z [INFO] SyncQueueManager: Registered sync handler for entity type: land_clearing_records
2026-10-02T12:23:49.3318212Z SyncQueueManager: INFO: Registered sync handler for entity type: land_clearing_records 
2026-10-02T12:23:49.3318644Z [INFO] TrackingSyncRegistrar: Registered sync handler for land_clearing_records
2026-10-02T12:23:49.3319080Z TrackingSyncRegistrar: INFO: Registered sync handler for land_clearing_records 
2026-10-02T12:23:49.3319813Z [INFO] SyncQueueManager: Registered sync handler for entity type: inventory_items
2026-10-02T12:23:49.3320234Z SyncQueueManager: INFO: Registered sync handler for entity type: inventory_items 
2026-10-02T12:23:49.3320462Z [INFO] TrackingSyncRegistrar: Registered sync handler for inventory_items
2026-10-02T12:23:49.3320692Z TrackingSyncRegistrar: INFO: Registered sync handler for inventory_items 
2026-10-02T12:23:49.3321084Z [INFO] SyncQueueManager: Registered sync handler for entity type: inventory_transactions
2026-10-02T12:23:49.3321485Z SyncQueueManager: INFO: Registered sync handler for entity type: inventory_transactions 
2026-10-02T12:23:49.3321728Z [INFO] TrackingSyncRegistrar: Registered sync handler for inventory_transactions
2026-10-02T12:23:49.3321967Z TrackingSyncRegistrar: INFO: Registered sync handler for inventory_transactions 
2026-10-02T12:23:49.3322210Z [INFO] SyncQueueManager: Registered sync handler for entity type: attendance_records
2026-10-02T12:23:49.3322451Z SyncQueueManager: INFO: Registered sync handler for entity type: attendance_records 
2026-10-02T12:23:49.3322875Z [INFO] AttendanceSyncRegistrar: Registered sync handler for attendance_records
2026-10-02T12:23:49.3323456Z AttendanceSyncRegistrar: INFO: Registered sync handler for attendance_records 
2026-10-02T12:23:49.3323694Z [INFO] SyncQueueManager: Registered sync handler for entity type: daily_logs
2026-10-02T12:23:49.3323916Z SyncQueueManager: INFO: Registered sync handler for entity type: daily_logs 
2026-10-02T12:23:49.3324518Z [INFO] DailyLogSyncRegistrar: Registered sync handler for daily_logs
2026-10-02T12:23:49.3324879Z DailyLogSyncRegistrar: INFO: Registered sync handler for daily_logs 
2026-10-02T12:23:49.3325329Z [INFO] SyncQueueManager: Registered sync handler for entity type: equipment_checks
2026-10-02T12:23:49.3325693Z SyncQueueManager: INFO: Registered sync handler for entity type: equipment_checks 
2026-10-02T12:23:49.3325942Z [INFO] EquipmentCheckSyncRegistrar: Registered sync handler for equipment_checks
2026-10-02T12:23:49.3326181Z EquipmentCheckSyncRegistrar: INFO: Registered sync handler for equipment_checks 
2026-10-02T12:23:49.3326709Z [INFO] SyncQueueManager: Registered sync handler for entity type: benchmarks
2026-10-02T12:23:49.3326932Z SyncQueueManager: INFO: Registered sync handler for entity type: benchmarks 
2026-10-02T12:23:49.3327148Z [INFO] BenchmarkSyncRegistrar: Registered sync handler for benchmarks
2026-10-02T12:23:49.3327667Z BenchmarkSyncRegistrar: INFO: Registered sync handler for benchmarks 
2026-10-02T12:23:49.3327872Z [INFO] GoRouter: Using WidgetsApp configuration
2026-10-02T12:23:49.3328022Z GoRouter: INFO: Using WidgetsApp configuration 
2026-10-02T12:23:49.3328196Z [INFO] supabase.auth: Signing out user with scope: local
2026-10-02T12:23:49.3328365Z supabase.auth: INFO: Signing out user with scope: local 
2026-10-02T12:23:49.3328486Z [FINE] supabase.auth: Removing session
2026-10-02T12:23:49.3328967Z [FINEST] supabase.auth: onAuthStateChange: AuthState(event: signedOut, session: null, fromBroadcast: false, signOutReason: userInitiated)
2026-10-02T12:23:49.3329174Z [FINE] supabase.auth: Saving session
2026-10-02T12:23:49.3334408Z [FINEST] supabase.auth: Saving session: Session(providerToken: <redacted>, providerRefreshToken: <redacted>, expiresIn: 3600, tokenType: bearer, user: User(id: cb041494-fccd-493b-b73b-50e952366ea8, appMetadata: {provider: email, providers: [email]}, userMetadata: {email_verified: true}, aud: authenticated, confirmationSentAt: null, recoverySentAt: null, emailChangeSentAt: null, newEmail: null, invitedAt: null, actionLink: null, email: ***, phone: , createdAt: 2026-08-29T08:04:41.039217Z, confirmedAt: 2026-08-29T08:04:41.068013Z, emailConfirmedAt: 2026-08-29T08:04:41.068013Z, phoneConfirmedAt: null, lastSignInAt: 2026-10-02T12:11:57.42981502Z, role: authenticated, updatedAt: 2026-10-02T12:11:57.45416Z, identities: [UserIdentity(id: cb041494-fccd-493b-b73b-50e952366ea8, userId: cb041494-fccd-493b-b73b-50e952366ea8, identityData: {email: ***, email_verified: false, phone_verified: false, sub: cb041494-fccd-493b-b73b-50e952366ea8}, identityId: 8d3c9ac0-0cb4-431a-ba43-538637ad8247, provider: email, createdAt: 2026-08-29T08:04:41.062276Z, lastSignInAt: 2026-08-29T08:04:41.062165Z, updatedAt: 2026-08-29T08:04:41.062276Z)], factors: null, isAnonymous: false), accessToken: <redacted>, refreshToken: <redacted>
2026-10-02T12:23:49.3339821Z [FINEST] supabase.auth: onAuthStateChange: AuthState(event: signedIn, session: Session(providerToken: <redacted>, providerRefreshToken: <redacted>, expiresIn: 3600, tokenType: bearer, user: User(id: cb041494-fccd-493b-b73b-50e952366ea8, appMetadata: {provider: email, providers: [email]}, userMetadata: {email_verified: true}, aud: authenticated, confirmationSentAt: null, recoverySentAt: null, emailChangeSentAt: null, newEmail: null, invitedAt: null, actionLink: null, email: ***, phone: , createdAt: 2026-08-29T08:04:41.039217Z, confirmedAt: 2026-08-29T08:04:41.068013Z, emailConfirmedAt: 2026-08-29T08:04:41.068013Z, phoneConfirmedAt: null, lastSignInAt: 2026-10-02T12:11:57.42981502Z, role: authenticated, updatedAt: 2026-10-02T12:11:57.45416Z, identities: [UserIdentity(id: cb041494-fccd-493b-b73b-50e952366ea8, userId: cb041494-fccd-493b-b73b-50e952366ea8, identityData: {email: ***, email_verified: false, phone_verified: false, sub: cb041494-fccd-493b-b73b-50e952366ea8}, identityId: 8d3c9ac0-0cb4-431a-ba43-538637ad8247, provider: email, createdAt: 2026-08-29T08:04:41.062276Z, lastSignInAt: 2026-08-29T08:04:41.062165Z, updatedAt: 2026-08-29T08:04:41.062276Z)], factors: null, isAnonymous: false), accessToken: <redacted>, refreshToken: <redacted>, fromBroadcast: false, signOutReason: null)
2026-10-02T12:23:49.3340581Z [FINEST] supabase.postgrest: Request: GET ***/rest/v1/users?select=role&id=eq.cb041494-fccd-493b-b73b-50e952366ea8
2026-10-02T12:23:49.3341286Z [FINEST] supabase.postgrest: Request: GET ***/rest/v1/zones?select=%2A&limit=1
2026-10-02T12:23:49.3341907Z [FINEST] supabase.postgrest: Request: GET ***/rest/v1/equipment_checks?select=%2A&limit=1
2026-10-02T12:23:49.3342335Z [FINEST] supabase.postgrest: Request: GET ***/rest/v1/cut_fill_records?select=%2A&limit=1
2026-10-02T12:23:49.3342775Z [FINEST] supabase.postgrest: Request: GET ***/rest/v1/land_clearing_records?select=%2A&limit=1
2026-10-02T12:23:49.3343432Z [FINEST] supabase.postgrest: Request: GET ***/rest/v1/inventory_items?select=%2A&limit=1
2026-10-02T12:23:49.3343857Z [FINEST] supabase.postgrest: Request: GET ***/rest/v1/geospatial_files?select=%2A&limit=1
2026-10-02T12:23:49.3344185Z [FINER] supabase.auth: Access token expires in 359 ticks
2026-10-02T12:23:49.3344400Z [INFO] supabase.auth: Signing out user with scope: local
2026-10-02T12:23:49.3344718Z supabase.auth: INFO: Signing out user with scope: local 
2026-10-02T12:23:49.3345516Z [FINE] supabase.auth: Removing session
2026-10-02T12:23:49.3346195Z [FINEST] supabase.auth: onAuthStateChange: AuthState(event: signedOut, session: null, fromBroadcast: false, signOutReason: userInitiated)
2026-10-02T12:23:49.3346549Z [FINEST] supabase.postgrest: Request: POST ***/rest/v1/zones
2026-10-02T12:23:49.3347346Z [FINEST] supabase.postgrest: PostgrestException(message: new row violates row-level security policy for table "zones", code: 42501, details: Unauthorized, hint: null) from request: ***/rest/v1/zones
2026-10-02T12:23:49.3348145Z [FINE] supabase.postgrest: PostgrestException(message: new row violates row-level security policy for table "zones", code: 42501, details: Unauthorized, hint: null) from request
2026-10-02T12:23:49.3348326Z [INFO] supabase.auth: Signing out user with scope: local
2026-10-02T12:23:49.3348486Z supabase.auth: INFO: Signing out user with scope: local 
2026-10-02T12:23:49.3348679Z [FINE] supabase.auth: Removing session
2026-10-02T12:23:49.3349358Z [FINEST] supabase.auth: onAuthStateChange: AuthState(event: signedOut, session: null, fromBroadcast: false, signOutReason: userInitiated)
2026-10-02T12:23:49.3350767Z ##[group]✅ /home/runner/work/mine-flow-app/mine-flow-app/integration_test/journeys/rls_authorization_journey_test.dart: RLS Authorization Journey — Part B: single-user enforcement (STEP-45.12) the session role resolves, permitted reads succeed, and an unpermitted write is positively refused
2026-10-02T12:23:49.3351078Z [INFO] supabase.supabase_flutter: Supabase is already initialized. Skipping reinitialization.
2026-10-02T12:23:49.3351366Z [INFO] SyncQueueManager: Registered sync handler for entity type: data_bucket_metadata_sync
2026-10-02T12:23:49.3351625Z [INFO] DataBucketSyncRegistrar: Registered sync handler for data_bucket_metadata_sync
2026-10-02T12:23:49.3351874Z [INFO] SyncQueueManager: Registered sync handler for entity type: cut_fill_records
2026-10-02T12:23:49.3352096Z [INFO] TrackingSyncRegistrar: Registered sync handler for cut_fill_records
2026-10-02T12:23:49.3352352Z [INFO] SyncQueueManager: Registered sync handler for entity type: land_clearing_records
2026-10-02T12:23:49.3352589Z [INFO] TrackingSyncRegistrar: Registered sync handler for land_clearing_records
2026-10-02T12:23:49.3352825Z [INFO] SyncQueueManager: Registered sync handler for entity type: inventory_items
2026-10-02T12:23:49.3353363Z [INFO] TrackingSyncRegistrar: Registered sync handler for inventory_items
2026-10-02T12:23:49.3353677Z [INFO] SyncQueueManager: Registered sync handler for entity type: inventory_transactions
2026-10-02T12:23:49.3353922Z [INFO] TrackingSyncRegistrar: Registered sync handler for inventory_transactions
2026-10-02T12:23:49.3354169Z [INFO] SyncQueueManager: Registered sync handler for entity type: attendance_records
2026-10-02T12:23:49.3354563Z [INFO] AttendanceSyncRegistrar: Registered sync handler for attendance_records
2026-10-02T12:23:49.3354785Z [INFO] SyncQueueManager: Registered sync handler for entity type: daily_logs
2026-10-02T12:23:49.3354987Z [INFO] DailyLogSyncRegistrar: Registered sync handler for daily_logs
2026-10-02T12:23:49.3355226Z [INFO] SyncQueueManager: Registered sync handler for entity type: equipment_checks
2026-10-02T12:23:49.3355471Z [INFO] EquipmentCheckSyncRegistrar: Registered sync handler for equipment_checks
2026-10-02T12:23:49.3355684Z [INFO] SyncQueueManager: Registered sync handler for entity type: benchmarks
2026-10-02T12:23:49.3355888Z [INFO] BenchmarkSyncRegistrar: Registered sync handler for benchmarks
2026-10-02T12:23:49.3356025Z [INFO] GoRouter: Using WidgetsApp configuration
2026-10-02T12:23:49.3356186Z [INFO] supabase.auth: Signing out user with scope: local
2026-10-02T12:23:49.3356303Z [FINE] supabase.auth: Removing session
2026-10-02T12:23:49.3356737Z [FINEST] supabase.auth: onAuthStateChange: AuthState(event: signedOut, session: null, fromBroadcast: false, signOutReason: userInitiated)
2026-10-02T12:23:49.3356850Z [FINE] supabase.auth: Saving session
2026-10-02T12:23:49.3362206Z [FINEST] supabase.auth: Saving session: Session(providerToken: <redacted>, providerRefreshToken: <redacted>, expiresIn: 3600, tokenType: bearer, user: User(id: cb041494-fccd-493b-b73b-50e952366ea8, appMetadata: {provider: email, providers: [email]}, userMetadata: {email_verified: true}, aud: authenticated, confirmationSentAt: null, recoverySentAt: null, emailChangeSentAt: null, newEmail: null, invitedAt: null, actionLink: null, email: ***, phone: , createdAt: 2026-08-29T08:04:41.039217Z, confirmedAt: 2026-08-29T08:04:41.068013Z, emailConfirmedAt: 2026-08-29T08:04:41.068013Z, phoneConfirmedAt: null, lastSignInAt: 2026-10-02T12:11:57.42981502Z, role: authenticated, updatedAt: 2026-10-02T12:11:57.45416Z, identities: [UserIdentity(id: cb041494-fccd-493b-b73b-50e952366ea8, userId: cb041494-fccd-493b-b73b-50e952366ea8, identityData: {email: ***, email_verified: false, phone_verified: false, sub: cb041494-fccd-493b-b73b-50e952366ea8}, identityId: 8d3c9ac0-0cb4-431a-ba43-538637ad8247, provider: email, createdAt: 2026-08-29T08:04:41.062276Z, lastSignInAt: 2026-08-29T08:04:41.062165Z, updatedAt: 2026-08-29T08:04:41.062276Z)], factors: null, isAnonymous: false), accessToken: <redacted>, refreshToken: <redacted>
2026-10-02T12:23:49.3367668Z [FINEST] supabase.auth: onAuthStateChange: AuthState(event: signedIn, session: Session(providerToken: <redacted>, providerRefreshToken: <redacted>, expiresIn: 3600, tokenType: bearer, user: User(id: cb041494-fccd-493b-b73b-50e952366ea8, appMetadata: {provider: email, providers: [email]}, userMetadata: {email_verified: true}, aud: authenticated, confirmationSentAt: null, recoverySentAt: null, emailChangeSentAt: null, newEmail: null, invitedAt: null, actionLink: null, email: ***, phone: , createdAt: 2026-08-29T08:04:41.039217Z, confirmedAt: 2026-08-29T08:04:41.068013Z, emailConfirmedAt: 2026-08-29T08:04:41.068013Z, phoneConfirmedAt: null, lastSignInAt: 2026-10-02T12:11:57.42981502Z, role: authenticated, updatedAt: 2026-10-02T12:11:57.45416Z, identities: [UserIdentity(id: cb041494-fccd-493b-b73b-50e952366ea8, userId: cb041494-fccd-493b-b73b-50e952366ea8, identityData: {email: ***, email_verified: false, phone_verified: false, sub: cb041494-fccd-493b-b73b-50e952366ea8}, identityId: 8d3c9ac0-0cb4-431a-ba43-538637ad8247, provider: email, createdAt: 2026-08-29T08:04:41.062276Z, lastSignInAt: 2026-08-29T08:04:41.062165Z, updatedAt: 2026-08-29T08:04:41.062276Z)], factors: null, isAnonymous: false), accessToken: <redacted>, refreshToken: <redacted>, fromBroadcast: false, signOutReason: null)
2026-10-02T12:23:49.3368652Z [FINEST] supabase.postgrest: Request: GET ***/rest/v1/users?select=role&id=eq.cb041494-fccd-493b-b73b-50e952366ea8
2026-10-02T12:23:49.3369213Z [FINEST] supabase.postgrest: Request: GET ***/rest/v1/zones?select=%2A&limit=1
2026-10-02T12:23:49.3369818Z [FINEST] supabase.postgrest: Request: GET ***/rest/v1/equipment_checks?select=%2A&limit=1
2026-10-02T12:23:49.3370243Z [FINEST] supabase.postgrest: Request: GET ***/rest/v1/cut_fill_records?select=%2A&limit=1
2026-10-02T12:23:49.3370689Z [FINEST] supabase.postgrest: Request: GET ***/rest/v1/land_clearing_records?select=%2A&limit=1
2026-10-02T12:23:49.3371104Z [FINEST] supabase.postgrest: Request: GET ***/rest/v1/inventory_items?select=%2A&limit=1
2026-10-02T12:23:49.3371513Z [FINEST] supabase.postgrest: Request: GET ***/rest/v1/geospatial_files?select=%2A&limit=1
2026-10-02T12:23:49.3371681Z [FINER] supabase.auth: Access token expires in 359 ticks
2026-10-02T12:23:49.3371837Z [INFO] supabase.auth: Signing out user with scope: local
2026-10-02T12:23:49.3371955Z [FINE] supabase.auth: Removing session
2026-10-02T12:23:49.3372742Z [FINEST] supabase.auth: onAuthStateChange: AuthState(event: signedOut, session: null, fromBroadcast: false, signOutReason: userInitiated)
2026-10-02T12:23:49.3373551Z [FINEST] supabase.postgrest: Request: POST ***/rest/v1/zones
2026-10-02T12:23:49.3374468Z [FINEST] supabase.postgrest: PostgrestException(message: new row violates row-level security policy for table "zones", code: 42501, details: Unauthorized, hint: null) from request: ***/rest/v1/zones
2026-10-02T12:23:49.3375038Z [FINE] supabase.postgrest: PostgrestException(message: new row violates row-level security policy for table "zones", code: 42501, details: Unauthorized, hint: null) from request
2026-10-02T12:23:49.3375296Z [INFO] supabase.auth: Signing out user with scope: local
2026-10-02T12:23:49.3375503Z [FINE] supabase.auth: Removing session
2026-10-02T12:23:49.3376304Z [FINEST] supabase.auth: onAuthStateChange: AuthState(event: signedOut, session: null, fromBroadcast: false, signOutReason: userInitiated)
2026-10-02T12:23:49.3376592Z ##[endgroup]
2026-10-02T12:23:49.3376947Z Running Gradle task 'assembleDebug'...                             40.9s
2026-10-02T12:23:49.3377210Z ✓ Built build/app/outputs/flutter-apk/app-debug.apk
2026-10-02T12:23:49.3377434Z Installing build/app/outputs/flutter-apk/app-debug.apk...        1,082ms
2026-10-02T12:23:49.3378953Z ##[group]✅ /home/runner/work/mine-flow-app/mine-flow-app/integration_test/journeys/notifications_journey_test.dart: Notifications Journey (STEP-45.10) login, trigger rule engine, verify notification banner, list page severity styling (CF-046), read toggle, and dismiss all
2026-10-02T12:23:49.3379162Z [CONFIG] supabase.supabase_flutter: Initialize Supabase v2.17.2
2026-10-02T12:23:49.3380285Z [CONFIG] supabase.auth: Initialize GoTrueClient v2.27.2 with url: ***/auth/v1, autoRefreshToken: <redacted>, flowType: pkce, tickDuration: 0:00:10.000000, tickThreshold: 3
2026-10-02T12:23:49.3381281Z [FINEST] supabase.auth: Initialize with headers: {X-Client-Info: supabase-flutter/2.17.2; platform=Android; platform-version=sdk_gphone64_x86_64-userdebug 13 TE1A.240213.009 12342917 dev-keys; runtime=dart; runtime-version=3.13.1, apikey: <redacted>, Authorization: ***
2026-10-02T12:23:49.3381424Z [FINE] supabase.auth: Stopping auto refresh
2026-10-02T12:23:49.3381547Z [FINE] supabase.auth: Starting auto refresh
2026-10-02T12:23:49.3382092Z [CONFIG] supabase.postgrest: Initialize PostgrestClient with url: ***/rest/v1, schema: public
2026-10-02T12:23:49.3383896Z [FINEST] supabase.postgrest: Initialize with headers: {X-Client-Info: supabase-flutter/2.17.2; platform=Android; platform-version=sdk_gphone64_x86_64-userdebug 13 TE1A.240213.009 12342917 dev-keys; runtime=dart; runtime-version=3.13.1}
2026-10-02T12:23:49.3384530Z [CONFIG] supabase.functions: Initialize FunctionsClient v2.7.1 with url '***/functions/v1' and region 'null'
2026-10-02T12:23:49.3385321Z [FINEST] supabase.functions: Initialize with headers: {X-Client-Info: supabase-flutter/2.17.2; platform=Android; platform-version=sdk_gphone64_x86_64-userdebug 13 TE1A.240213.009 12342917 dev-keys; runtime=dart; runtime-version=3.13.1}
2026-10-02T12:23:49.3385823Z [CONFIG] supabase.storage: Initialize SupabaseStorageClient v2.8.0 with url: ***/storage/v1, retryAttempts: 0
2026-10-02T12:23:49.3386752Z [FINEST] supabase.storage: Initialize with headers: {X-Client-Info: supabase-flutter/2.17.2; platform=Android; platform-version=sdk_gphone64_x86_64-userdebug 13 TE1A.240213.009 12342917 dev-keys; runtime=dart; runtime-version=3.13.1}
2026-10-02T12:23:49.3387689Z [CONFIG] supabase.realtime: Initialize RealtimeClient with endpoint: wss://rpdnonpivoyhghzolyzv.supabase.co/realtime/v1, timeout: 0:00:10.000000, heartbeatIntervalMs: 25000, logLevel: null
2026-10-02T12:23:49.3388880Z [FINEST] supabase.realtime: Initialize with headers: {apikey: <redacted>, X-Client-Info: supabase-flutter/2.17.2; platform=Android; platform-version=sdk_gphone64_x86_64-userdebug 13 TE1A.240213.009 12342917 dev-keys; runtime=dart; runtime-version=3.13.1}, params: {apikey: <redacted>}
2026-10-02T12:23:49.3389174Z [CONFIG] supabase.supabase: Initialize SupabaseClient v2.16.1 with no custom access token
2026-10-02T12:23:49.3389738Z [FINEST] supabase.auth: onAuthStateChange: AuthState(event: initialSession, session: null, fromBroadcast: false, signOutReason: null)
2026-10-02T12:23:49.3390065Z [FINE] supabase.supabase_flutter: Starting deeplink observer
2026-10-02T12:23:49.3390429Z [INFO] supabase.supabase_flutter: ***** Supabase init completed *****
2026-10-02T12:23:49.3390716Z supabase.supabase_flutter: INFO: ***** Supabase init completed ***** 
2026-10-02T12:23:49.3390989Z [INFO] ConnectivityService: Connectivity changed → online
2026-10-02T12:23:49.3391215Z ConnectivityService: INFO: Connectivity changed → online 
2026-10-02T12:23:49.3391455Z [INFO] SyncQueueManager: Network connectivity restored. Triggering queue sync.
2026-10-02T12:23:49.3391836Z SyncQueueManager: INFO: Network connectivity restored. Triggering queue sync. 
2026-10-02T12:23:49.3392013Z [FINE] SyncQueueManager: No pending sync items to process.
2026-10-02T12:23:49.3392625Z [INFO] SyncQueueManager: Registered sync handler for entity type: data_bucket_metadata_sync
2026-10-02T12:23:49.3393392Z SyncQueueManager: INFO: Registered sync handler for entity type: data_bucket_metadata_sync 
2026-10-02T12:23:49.3393837Z [INFO] DataBucketSyncRegistrar: Registered sync handler for data_bucket_metadata_sync
2026-10-02T12:23:49.3394244Z DataBucketSyncRegistrar: INFO: Registered sync handler for data_bucket_metadata_sync 
2026-10-02T12:23:49.3394627Z [INFO] SyncQueueManager: Registered sync handler for entity type: cut_fill_records
2026-10-02T12:23:49.3395275Z SyncQueueManager: INFO: Registered sync handler for entity type: cut_fill_records 
2026-10-02T12:23:49.3395678Z [INFO] TrackingSyncRegistrar: Registered sync handler for cut_fill_records
2026-10-02T12:23:49.3396262Z TrackingSyncRegistrar: INFO: Registered sync handler for cut_fill_records 
2026-10-02T12:23:49.3396737Z [INFO] SyncQueueManager: Registered sync handler for entity type: land_clearing_records
2026-10-02T12:23:49.3397107Z SyncQueueManager: INFO: Registered sync handler for entity type: land_clearing_records 
2026-10-02T12:23:49.3397504Z [INFO] TrackingSyncRegistrar: Registered sync handler for land_clearing_records
2026-10-02T12:23:49.3397946Z TrackingSyncRegistrar: INFO: Registered sync handler for land_clearing_records 
2026-10-02T12:23:49.3398780Z [INFO] SyncQueueManager: Registered sync handler for entity type: inventory_items
2026-10-02T12:23:49.3399261Z SyncQueueManager: INFO: Registered sync handler for entity type: inventory_items 
2026-10-02T12:23:49.3399637Z [INFO] TrackingSyncRegistrar: Registered sync handler for inventory_items
2026-10-02T12:23:49.3400046Z TrackingSyncRegistrar: INFO: Registered sync handler for inventory_items 
2026-10-02T12:23:49.3400526Z [INFO] SyncQueueManager: Registered sync handler for entity type: inventory_transactions
2026-10-02T12:23:49.3401014Z SyncQueueManager: INFO: Registered sync handler for entity type: inventory_transactions 
2026-10-02T12:23:49.3401481Z [INFO] TrackingSyncRegistrar: Registered sync handler for inventory_transactions
2026-10-02T12:23:49.3401932Z TrackingSyncRegistrar: INFO: Registered sync handler for inventory_transactions 
2026-10-02T12:23:49.3403225Z [INFO] SyncQueueManager: Registered sync handler for entity type: attendance_records
2026-10-02T12:23:49.3403701Z SyncQueueManager: INFO: Registered sync handler for entity type: attendance_records 
2026-10-02T12:23:49.3403961Z [INFO] AttendanceSyncRegistrar: Registered sync handler for attendance_records
2026-10-02T12:23:49.3404208Z AttendanceSyncRegistrar: INFO: Registered sync handler for attendance_records 
2026-10-02T12:23:49.3404583Z [INFO] SyncQueueManager: Registered sync handler for entity type: daily_logs
2026-10-02T12:23:49.3404952Z SyncQueueManager: INFO: Registered sync handler for entity type: daily_logs 
2026-10-02T12:23:49.3405172Z [INFO] DailyLogSyncRegistrar: Registered sync handler for daily_logs
2026-10-02T12:23:49.3405378Z DailyLogSyncRegistrar: INFO: Registered sync handler for daily_logs 
2026-10-02T12:23:49.3405636Z [INFO] SyncQueueManager: Registered sync handler for entity type: equipment_checks
2026-10-02T12:23:49.3406048Z SyncQueueManager: INFO: Registered sync handler for entity type: equipment_checks 
2026-10-02T12:23:49.3406543Z [INFO] EquipmentCheckSyncRegistrar: Registered sync handler for equipment_checks
2026-10-02T12:23:49.3406884Z EquipmentCheckSyncRegistrar: INFO: Registered sync handler for equipment_checks 
2026-10-02T12:23:49.3407110Z [INFO] SyncQueueManager: Registered sync handler for entity type: benchmarks
2026-10-02T12:23:49.3407330Z SyncQueueManager: INFO: Registered sync handler for entity type: benchmarks 
2026-10-02T12:23:49.3407535Z [INFO] BenchmarkSyncRegistrar: Registered sync handler for benchmarks
2026-10-02T12:23:49.3407744Z BenchmarkSyncRegistrar: INFO: Registered sync handler for benchmarks 
2026-10-02T12:23:49.3407863Z [INFO] GoRouter: Full paths for routes:
2026-10-02T12:23:49.3408052Z ├─/login (LoginPage)
2026-10-02T12:23:49.3408385Z ├─/privacy-gate (PrivacyAckPage)
2026-10-02T12:23:49.3408621Z ├─/__interaction-fixture (AppInteractionFixturePage)
2026-10-02T12:23:49.3408867Z │ └─/__interaction-fixture/form (AppInteractionFixturePage)
2026-10-02T12:23:49.3408995Z ├─ (ShellRoute)
2026-10-02T12:23:49.3409142Z │ ├─/ (BlocProvider<DashboardCubit>)
2026-10-02T12:23:49.3409287Z │ ├─/tools (GroupLandingPage)
2026-10-02T12:23:49.3409460Z │ │ └─/tools/data-bucket (DataBucketListPage)
2026-10-02T12:23:49.3409603Z │ │   ├─/tools/data-bucket/upload 
2026-10-02T12:23:49.3409740Z │ │   └─/tools/data-bucket/:id 
2026-10-02T12:23:49.3409885Z │ ├─/operations (GroupLandingPage)
2026-10-02T12:23:49.3410061Z │ │ ├─/operations/cut-fill (CutFillListScreen)
2026-10-02T12:23:49.3410200Z │ │ │ ├─/operations/cut-fill/form 
2026-10-02T12:23:49.3410353Z │ │ │ └─/operations/cut-fill/:id/form 
2026-10-02T12:23:49.3410592Z │ │ ├─/operations/land-clearing (LandClearingSummaryScreen)
2026-10-02T12:23:49.3410745Z │ │ │ ├─/operations/land-clearing/form 
2026-10-02T12:23:49.3410912Z │ │ │ ├─/operations/land-clearing/:id 
2026-10-02T12:23:49.3411070Z │ │ │ └─/operations/land-clearing/:id/form 
2026-10-02T12:23:49.3411268Z │ │ └─/operations/benchmark-db (BenchmarkListScreen)
2026-10-02T12:23:49.3411489Z │ │   ├─/operations/benchmark-db/form (BenchmarkFormScreen)
2026-10-02T12:23:49.3411639Z │ │   ├─/operations/benchmark-db/:id 
2026-10-02T12:23:49.3411794Z │ │   └─/operations/benchmark-db/:id/form 
2026-10-02T12:23:49.3411931Z │ ├─/teams (GroupLandingPage)
2026-10-02T12:23:49.3412081Z │ │ ├─/teams/attendance (AttendanceScreen)
2026-10-02T12:23:49.3412217Z │ │ │ └─/teams/attendance/form 
2026-10-02T12:23:49.3412374Z │ │ ├─/teams/daily-log (DailyLogListScreen)
2026-10-02T12:23:49.3412508Z │ │ │ ├─/teams/daily-log/form 
2026-10-02T12:23:49.3412645Z │ │ │ └─/teams/daily-log/:id/form 
2026-10-02T12:23:49.3412831Z │ │ ├─/teams/inventory (InventoryDashboardScreen)
2026-10-02T12:23:49.3413226Z │ │ │ ├─/teams/inventory/form 
2026-10-02T12:23:49.3413495Z │ │ │ ├─/teams/inventory/:id 
2026-10-02T12:23:49.3413782Z │ │ │ └─/teams/inventory/:id/form 
2026-10-02T12:23:49.3414028Z │ │ ├─/teams/equipment-check (EquipmentHistoryScreen)
2026-10-02T12:23:49.3414380Z │ │ │ ├─/teams/equipment-check/form 
2026-10-02T12:23:49.3414529Z │ │ │ └─/teams/equipment-check/:id 
2026-10-02T12:23:49.3414676Z │ │ └─/teams/timeline (TimelinePage)
2026-10-02T12:23:49.3414817Z │ └─/settings (SettingsPage)
2026-10-02T12:23:49.3414994Z │   └─/settings/profile/form (ProfileEditPage)
2026-10-02T12:23:49.3415128Z ├─/reports/config (Widget)
2026-10-02T12:23:49.3415323Z └─/notifications (BlocProvider<NotificationCubit>)
2026-10-02T12:23:49.3415438Z known full paths for route names:
2026-10-02T12:23:49.3415529Z   login => /login
2026-10-02T12:23:49.3415641Z   privacy-gate => /privacy-gate
2026-10-02T12:23:49.3415783Z   interaction-fixture => /__interaction-fixture
2026-10-02T12:23:49.3415960Z   interaction-fixture-form => /__interaction-fixture/form
2026-10-02T12:23:49.3416056Z   dashboard => /
2026-10-02T12:23:49.3416226Z   tools => /tools
2026-10-02T12:23:49.3416432Z   data-bucket => /tools/data-bucket
2026-10-02T12:23:49.3416683Z   data-bucket-upload => /tools/data-bucket/upload
2026-10-02T12:23:49.3416922Z   data-bucket-detail => /tools/data-bucket/:id
2026-10-02T12:23:49.3417107Z   operations => /operations
2026-10-02T12:23:49.3417305Z   cut-fill => /operations/cut-fill
2026-10-02T12:23:49.3417542Z   cut-fill-create => /operations/cut-fill/form
2026-10-02T12:23:49.3417786Z   cut-fill-edit => /operations/cut-fill/:id/form
2026-10-02T12:23:49.3418018Z   land-clearing => /operations/land-clearing
2026-10-02T12:23:49.3418320Z   land-clearing-create => /operations/land-clearing/form
2026-10-02T12:23:49.3418602Z   land-clearing-detail => /operations/land-clearing/:id
2026-10-02T12:23:49.3418837Z   land-clearing-edit => /operations/land-clearing/:id/form
2026-10-02T12:23:49.3418966Z   benchmark-db => /operations/benchmark-db
2026-10-02T12:23:49.3419101Z   benchmark-form => /operations/benchmark-db/form
2026-10-02T12:23:49.3419406Z   benchmark-detail => /operations/benchmark-db/:id
2026-10-02T12:23:49.3419568Z   benchmark-edit => /operations/benchmark-db/:id/form
2026-10-02T12:23:49.3419663Z   teams => /teams
2026-10-02T12:23:49.3419785Z   attendance => /teams/attendance
2026-10-02T12:23:49.3419911Z   attendance-form => /teams/attendance/form
2026-10-02T12:23:49.3420019Z   daily-log => /teams/daily-log
2026-10-02T12:23:49.3420144Z   daily-log-form => /teams/daily-log/form
2026-10-02T12:23:49.3420295Z   daily-log-record-form => /teams/daily-log/:id/form
2026-10-02T12:23:49.3420398Z   inventory => /teams/inventory
2026-10-02T12:23:49.3420516Z   inventory-form => /teams/inventory/form
2026-10-02T12:23:49.3420635Z   inventory-detail => /teams/inventory/:id
2026-10-02T12:23:49.3420758Z   inventory-edit => /teams/inventory/:id/form
2026-10-02T12:23:49.3420883Z   equipment-check => /teams/equipment-check
2026-10-02T12:23:49.3421034Z   equipment-check-form => /teams/equipment-check/form
2026-10-02T12:23:49.3421190Z   equipment-check-detail => /teams/equipment-check/:id
2026-10-02T12:23:49.3421301Z   timeline => /teams/timeline
2026-10-02T12:23:49.3421401Z   settings => /settings
2026-10-02T12:23:49.3421523Z   settings-profile => /settings/profile/form
2026-10-02T12:23:49.3421740Z   report-config => /reports/config
2026-10-02T12:23:49.3421945Z   notifications => /notifications
2026-10-02T12:23:49.3421955Z 
2026-10-02T12:23:49.3422177Z GoRouter: INFO: Full paths for routes:
2026-10-02T12:23:49.3422358Z ├─/login (LoginPage)
2026-10-02T12:23:49.3422516Z ├─/privacy-gate (PrivacyAckPage)
2026-10-02T12:23:49.3422731Z ├─/__interaction-fixture (AppInteractionFixturePage)
2026-10-02T12:23:49.3423201Z │ └─/__interaction-fixture/form (AppInteractionFixturePage)
2026-10-02T12:23:49.3423334Z ├─ (ShellRoute)
2026-10-02T12:23:49.3423489Z │ ├─/ (BlocProvider<DashboardCubit>)
2026-10-02T12:23:49.3423633Z │ ├─/tools (GroupLandingPage)
2026-10-02T12:23:49.3423894Z │ │ └─/tools/data-bucket (DataBucketListPage)
2026-10-02T12:23:49.3424166Z │ │   ├─/tools/data-bucket/upload 
2026-10-02T12:23:49.3424439Z │ │   └─/tools/data-bucket/:id 
2026-10-02T12:23:49.3424714Z │ ├─/operations (GroupLandingPage)
2026-10-02T12:23:49.3424921Z │ │ ├─/operations/cut-fill (CutFillListScreen)
2026-10-02T12:23:49.3425260Z │ │ │ ├─/operations/cut-fill/form 
2026-10-02T12:23:49.3425414Z │ │ │ └─/operations/cut-fill/:id/form 
2026-10-02T12:23:49.3425656Z │ │ ├─/operations/land-clearing (LandClearingSummaryScreen)
2026-10-02T12:23:49.3425814Z │ │ │ ├─/operations/land-clearing/form 
2026-10-02T12:23:49.3425960Z │ │ │ ├─/operations/land-clearing/:id 
2026-10-02T12:23:49.3426119Z │ │ │ └─/operations/land-clearing/:id/form 
2026-10-02T12:23:49.3426319Z │ │ └─/operations/benchmark-db (BenchmarkListScreen)
2026-10-02T12:23:49.3426539Z │ │   ├─/operations/benchmark-db/form (BenchmarkFormScreen)
2026-10-02T12:23:49.3426691Z │ │   ├─/operations/benchmark-db/:id 
2026-10-02T12:23:49.3426845Z │ │   └─/operations/benchmark-db/:id/form 
2026-10-02T12:23:49.3426986Z │ ├─/teams (GroupLandingPage)
2026-10-02T12:23:49.3427158Z │ │ ├─/teams/attendance (AttendanceScreen)
2026-10-02T12:23:49.3427296Z │ │ │ └─/teams/attendance/form 
2026-10-02T12:23:49.3427528Z │ │ ├─/teams/daily-log (DailyLogListScreen)
2026-10-02T12:23:49.3427803Z │ │ │ ├─/teams/daily-log/form 
2026-10-02T12:23:49.3428015Z │ │ │ └─/teams/daily-log/:id/form 
2026-10-02T12:23:49.3428221Z │ │ ├─/teams/inventory (InventoryDashboardScreen)
2026-10-02T12:23:49.3428358Z │ │ │ ├─/teams/inventory/form 
2026-10-02T12:23:49.3428495Z │ │ │ ├─/teams/inventory/:id 
2026-10-02T12:23:49.3428634Z │ │ │ └─/teams/inventory/:id/form 
2026-10-02T12:23:49.3428844Z │ │ ├─/teams/equipment-check (EquipmentHistoryScreen)
2026-10-02T12:23:49.3428989Z │ │ │ ├─/teams/equipment-check/form 
2026-10-02T12:23:49.3429206Z │ │ │ └─/teams/equipment-check/:id 
2026-10-02T12:23:49.3429465Z │ │ └─/teams/timeline (TimelinePage)
2026-10-02T12:23:49.3429703Z │ └─/settings (SettingsPage)
2026-10-02T12:23:49.3430005Z │   └─/settings/profile/form (ProfileEditPage)
2026-10-02T12:23:49.3430232Z ├─/reports/config (Widget)
2026-10-02T12:23:49.3430758Z └─/notifications (BlocProvider<NotificationCubit>)
2026-10-02T12:23:49.3430957Z known full paths for route names:
2026-10-02T12:23:49.3431132Z   login => /login
2026-10-02T12:23:49.3431317Z   privacy-gate => /privacy-gate
2026-10-02T12:23:49.3431551Z   interaction-fixture => /__interaction-fixture
2026-10-02T12:23:49.3431844Z   interaction-fixture-form => /__interaction-fixture/form
2026-10-02T12:23:49.3432001Z   dashboard => /
2026-10-02T12:23:49.3432153Z   tools => /tools
2026-10-02T12:23:49.3432339Z   data-bucket => /tools/data-bucket
2026-10-02T12:23:49.3432573Z   data-bucket-upload => /tools/data-bucket/upload
2026-10-02T12:23:49.3432790Z   data-bucket-detail => /tools/data-bucket/:id
2026-10-02T12:23:49.3433173Z   operations => /operations
2026-10-02T12:23:49.3433362Z   cut-fill => /operations/cut-fill
2026-10-02T12:23:49.3433595Z   cut-fill-create => /operations/cut-fill/form
2026-10-02T12:23:49.3433837Z   cut-fill-edit => /operations/cut-fill/:id/form
2026-10-02T12:23:49.3434017Z   land-clearing => /operations/land-clearing
2026-10-02T12:23:49.3434200Z   land-clearing-create => /operations/land-clearing/form
2026-10-02T12:23:49.3434369Z   land-clearing-detail => /operations/land-clearing/:id
2026-10-02T12:23:49.3434535Z   land-clearing-edit => /operations/land-clearing/:id/form
2026-10-02T12:23:49.3434664Z   benchmark-db => /operations/benchmark-db
2026-10-02T12:23:49.3434805Z   benchmark-form => /operations/benchmark-db/form
2026-10-02T12:23:49.3434946Z   benchmark-detail => /operations/benchmark-db/:id
2026-10-02T12:23:49.3435087Z   benchmark-edit => /operations/benchmark-db/:id/form
2026-10-02T12:23:49.3435180Z   teams => /teams
2026-10-02T12:23:49.3435384Z   attendance => /teams/attendance
2026-10-02T12:23:49.3435603Z   attendance-form => /teams/attendance/form
2026-10-02T12:23:49.3435791Z   daily-log => /teams/daily-log
2026-10-02T12:23:49.3435998Z   daily-log-form => /teams/daily-log/form
2026-10-02T12:23:49.3436254Z   daily-log-record-form => /teams/daily-log/:id/form
2026-10-02T12:23:49.3436439Z   inventory => /teams/inventory
2026-10-02T12:23:49.3436638Z   inventory-form => /teams/inventory/form
2026-10-02T12:23:49.3437050Z   inventory-detail => /teams/inventory/:id
2026-10-02T12:23:49.3437273Z   inventory-edit => /teams/inventory/:id/form
2026-10-02T12:23:49.3437495Z   equipment-check => /teams/equipment-check
2026-10-02T12:23:49.3437760Z   equipment-check-form => /teams/equipment-check/form
2026-10-02T12:23:49.3438033Z   equipment-check-detail => /teams/equipment-check/:id
2026-10-02T12:23:49.3438223Z   timeline => /teams/timeline
2026-10-02T12:23:49.3438394Z   settings => /settings
2026-10-02T12:23:49.3438617Z   settings-profile => /settings/profile/form
2026-10-02T12:23:49.3438804Z   report-config => /reports/config
2026-10-02T12:23:49.3438993Z   notifications => /notifications
2026-10-02T12:23:49.3439140Z  
2026-10-02T12:23:49.3439378Z [INFO] GoRouter: setting initial location /login
2026-10-02T12:23:49.3439613Z GoRouter: INFO: setting initial location /login 
2026-10-02T12:23:49.3439853Z [INFO] GoRouter: Using WidgetsApp configuration
2026-10-02T12:23:49.3440094Z GoRouter: INFO: Using WidgetsApp configuration 
2026-10-02T12:23:49.3440302Z [FINE] supabase.auth: Saving session
2026-10-02T12:23:49.3448410Z [FINEST] supabase.auth: Saving session: Session(providerToken: <redacted>, providerRefreshToken: <redacted>, expiresIn: 3600, tokenType: bearer, user: User(id: cb041494-fccd-493b-b73b-50e952366ea8, appMetadata: {provider: email, providers: [email]}, userMetadata: {email_verified: true}, aud: authenticated, confirmationSentAt: null, recoverySentAt: null, emailChangeSentAt: null, newEmail: null, invitedAt: null, actionLink: null, email: ***, phone: , createdAt: 2026-08-29T08:04:41.039217Z, confirmedAt: 2026-08-29T08:04:41.068013Z, emailConfirmedAt: 2026-08-29T08:04:41.068013Z, phoneConfirmedAt: null, lastSignInAt: 2026-10-02T12:12:52.561675348Z, role: authenticated, updatedAt: 2026-10-02T12:12:52.566536Z, identities: [UserIdentity(id: cb041494-fccd-493b-b73b-50e952366ea8, userId: cb041494-fccd-493b-b73b-50e952366ea8, identityData: {email: ***, email_verified: false, phone_verified: false, sub: cb041494-fccd-493b-b73b-50e952366ea8}, identityId: 8d3c9ac0-0cb4-431a-ba43-538637ad8247, provider: email, createdAt: 2026-08-29T08:04:41.062276Z, lastSignInAt: 2026-08-29T08:04:41.062165Z, updatedAt: 2026-08-29T08:04:41.062276Z)], factors: null, isAnonymous: false), accessToken: <redacted>, refreshToken: <redacted>
2026-10-02T12:23:49.3456896Z [FINEST] supabase.auth: onAuthStateChange: AuthState(event: signedIn, session: Session(providerToken: <redacted>, providerRefreshToken: <redacted>, expiresIn: 3600, tokenType: bearer, user: User(id: cb041494-fccd-493b-b73b-50e952366ea8, appMetadata: {provider: email, providers: [email]}, userMetadata: {email_verified: true}, aud: authenticated, confirmationSentAt: null, recoverySentAt: null, emailChangeSentAt: null, newEmail: null, invitedAt: null, actionLink: null, email: ***, phone: , createdAt: 2026-08-29T08:04:41.039217Z, confirmedAt: 2026-08-29T08:04:41.068013Z, emailConfirmedAt: 2026-08-29T08:04:41.068013Z, phoneConfirmedAt: null, lastSignInAt: 2026-10-02T12:12:52.561675348Z, role: authenticated, updatedAt: 2026-10-02T12:12:52.566536Z, identities: [UserIdentity(id: cb041494-fccd-493b-b73b-50e952366ea8, userId: cb041494-fccd-493b-b73b-50e952366ea8, identityData: {email: ***, email_verified: false, phone_verified: false, sub: cb041494-fccd-493b-b73b-50e952366ea8}, identityId: 8d3c9ac0-0cb4-431a-ba43-538637ad8247, provider: email, createdAt: 2026-08-29T08:04:41.062276Z, lastSignInAt: 2026-08-29T08:04:41.062165Z, updatedAt: 2026-08-29T08:04:41.062276Z)], factors: null, isAnonymous: false), accessToken: <redacted>, refreshToken: <redacted>, fromBroadcast: false, signOutReason: null)
2026-10-02T12:23:49.3457864Z [FINEST] supabase.postgrest: Request: GET ***/rest/v1/users?select=%2A&id=eq.cb041494-fccd-493b-b73b-50e952366ea8
2026-10-02T12:23:49.3458450Z [INFO] GoRouter: redirecting to RouteMatchList#2b046(uri: /privacy-gate, matches: [RouteMatch#0070b(route: GoRoute#ddb88(name: "privacy-gate", path: "/privacy-gate"))])
2026-10-02T12:23:49.3458986Z GoRouter: INFO: redirecting to RouteMatchList#2b046(uri: /privacy-gate, matches: [RouteMatch#0070b(route: GoRoute#ddb88(name: "privacy-gate", path: "/privacy-gate"))]) 
2026-10-02T12:23:49.3459389Z [INFO] GoRouter: going to /
2026-10-02T12:23:49.3459589Z GoRouter: INFO: going to / 
2026-10-02T12:23:49.3459842Z [INFO] GoRouter: Using WidgetsApp configuration
2026-10-02T12:23:49.3460089Z GoRouter: INFO: Using WidgetsApp configuration 
2026-10-02T12:23:49.3460785Z [FINEST] supabase.postgrest: Request: GET ***/rest/v1/attendance_records?select=%2A%2Cusers%21attendance_records_user_id_fkey%28name%29&deleted_at=is.null
2026-10-02T12:23:49.3461260Z [FINEST] supabase.postgrest: Request: GET ***/rest/v1/equipment_checks?select=%2A&deleted_at=is.null
2026-10-02T12:23:49.3461441Z [FINE] SyncQueueManager: No pending sync items to process.
2026-10-02T12:23:49.3461922Z [FINEST] supabase.postgrest: Request: GET ***/rest/v1/cut_fill_records?select=%2A&deleted_at=is.null
2026-10-02T12:23:49.3462774Z [FINEST] supabase.postgrest: Request: GET ***/rest/v1/timeline_milestones?select=%2A&site_id=eq.f47ac10b-58cc-4372-a567-0e02b2c3d479&deleted_at=is.null&order=target_date.asc.nullslast
2026-10-02T12:23:49.3464121Z [FINEST] supabase.postgrest: Request: GET ***/rest/v1/attendance_records?select=%2A%2Cusers%21attendance_records_user_id_fkey%28name%29&deleted_at=is.null
2026-10-02T12:23:49.3464409Z [FINE] SyncQueueManager: No pending sync items to process.
2026-10-02T12:23:49.3465205Z [FINEST] supabase.postgrest: Request: GET ***/rest/v1/cut_fill_records?select=%2A&deleted_at=is.null
2026-10-02T12:23:49.3466030Z [FINEST] supabase.postgrest: Request: GET ***/rest/v1/land_clearing_records?select=%2A&deleted_at=is.null
2026-10-02T12:23:49.3466224Z [INFO] GoRouter: going to /notifications
2026-10-02T12:23:49.3466415Z GoRouter: INFO: going to /notifications 
2026-10-02T12:23:49.3467420Z [FINEST] supabase.postgrest: Request: GET ***/rest/v1/inventory_items?select=%2A&deleted_at=is.null
2026-10-02T12:23:49.3468294Z [FINEST] supabase.postgrest: Request: GET ***/rest/v1/land_clearing_records?select=%2A&deleted_at=is.null
2026-10-02T12:23:49.3468806Z ##[endgroup]
2026-10-02T12:23:49.3469627Z [FINEST] supabase.postgrest: Request: GET ***/rest/v1/inventory_items?select=%2A&deleted_at=is.null
2026-10-02T12:23:49.3469977Z Running Gradle task 'assembleDebug'...                             41.0s
2026-10-02T12:23:49.3470379Z ✓ Built build/app/outputs/flutter-apk/app-debug.apk
2026-10-02T12:23:49.3470765Z Installing build/app/outputs/flutter-apk/app-debug.apk...          982ms
2026-10-02T12:23:49.3472758Z ##[group]✅ /home/runner/work/mine-flow-app/mine-flow-app/integration_test/journeys/attendance_journey_test.dart: Attendance Journey (STEP-45.4 / STEP-55.5) login, batch-record attendance, assert correct author attribution, edit, and reflect in list E2E
2026-10-02T12:23:49.3473334Z [CONFIG] supabase.supabase_flutter: Initialize Supabase v2.17.2
2026-10-02T12:23:49.3474169Z [CONFIG] supabase.auth: Initialize GoTrueClient v2.27.2 with url: ***/auth/v1, autoRefreshToken: <redacted>, flowType: pkce, tickDuration: 0:00:10.000000, tickThreshold: 3
2026-10-02T12:23:49.3475409Z [FINEST] supabase.auth: Initialize with headers: {X-Client-Info: supabase-flutter/2.17.2; platform=Android; platform-version=sdk_gphone64_x86_64-userdebug 13 TE1A.240213.009 12342917 dev-keys; runtime=dart; runtime-version=3.13.1, apikey: <redacted>, Authorization: ***
2026-10-02T12:23:49.3475555Z [FINE] supabase.auth: Stopping auto refresh
2026-10-02T12:23:49.3475680Z [FINE] supabase.auth: Starting auto refresh
2026-10-02T12:23:49.3476141Z [CONFIG] supabase.postgrest: Initialize PostgrestClient with url: ***/rest/v1, schema: public
2026-10-02T12:23:49.3477278Z [FINEST] supabase.postgrest: Initialize with headers: {X-Client-Info: supabase-flutter/2.17.2; platform=Android; platform-version=sdk_gphone64_x86_64-userdebug 13 TE1A.240213.009 12342917 dev-keys; runtime=dart; runtime-version=3.13.1}
2026-10-02T12:23:49.3477802Z [CONFIG] supabase.functions: Initialize FunctionsClient v2.7.1 with url '***/functions/v1' and region 'null'
2026-10-02T12:23:49.3479194Z [FINEST] supabase.functions: Initialize with headers: {X-Client-Info: supabase-flutter/2.17.2; platform=Android; platform-version=sdk_gphone64_x86_64-userdebug 13 TE1A.240213.009 12342917 dev-keys; runtime=dart; runtime-version=3.13.1}
2026-10-02T12:23:49.3479712Z [CONFIG] supabase.storage: Initialize SupabaseStorageClient v2.8.0 with url: ***/storage/v1, retryAttempts: 0
2026-10-02T12:23:49.3480464Z [FINEST] supabase.storage: Initialize with headers: {X-Client-Info: supabase-flutter/2.17.2; platform=Android; platform-version=sdk_gphone64_x86_64-userdebug 13 TE1A.240213.009 12342917 dev-keys; runtime=dart; runtime-version=3.13.1}
2026-10-02T12:23:49.3481124Z [CONFIG] supabase.realtime: Initialize RealtimeClient with endpoint: wss://rpdnonpivoyhghzolyzv.supabase.co/realtime/v1, timeout: 0:00:10.000000, heartbeatIntervalMs: 25000, logLevel: null
2026-10-02T12:23:49.3482569Z [FINEST] supabase.realtime: Initialize with headers: {apikey: <redacted>, X-Client-Info: supabase-flutter/2.17.2; platform=Android; platform-version=sdk_gphone64_x86_64-userdebug 13 TE1A.240213.009 12342917 dev-keys; runtime=dart; runtime-version=3.13.1}, params: {apikey: <redacted>}
2026-10-02T12:23:49.3482869Z [CONFIG] supabase.supabase: Initialize SupabaseClient v2.16.1 with no custom access token
2026-10-02T12:23:49.3483604Z [FINEST] supabase.auth: onAuthStateChange: AuthState(event: initialSession, session: null, fromBroadcast: false, signOutReason: null)
2026-10-02T12:23:49.3483792Z [FINE] supabase.supabase_flutter: Starting deeplink observer
2026-10-02T12:23:49.3483996Z [INFO] supabase.supabase_flutter: ***** Supabase init completed *****
2026-10-02T12:23:49.3484203Z supabase.supabase_flutter: INFO: ***** Supabase init completed ***** 
2026-10-02T12:23:49.3484551Z [INFO] ConnectivityService: Connectivity changed → online
2026-10-02T12:23:49.3485439Z ConnectivityService: INFO: Connectivity changed → online 
2026-10-02T12:23:49.3485968Z [INFO] SyncQueueManager: Network connectivity restored. Triggering queue sync.
2026-10-02T12:23:49.3486423Z SyncQueueManager: INFO: Network connectivity restored. Triggering queue sync. 
2026-10-02T12:23:49.3486617Z [FINE] SyncQueueManager: No pending sync items to process.
2026-10-02T12:23:49.3487411Z [INFO] SyncQueueManager: Registered sync handler for entity type: data_bucket_metadata_sync
2026-10-02T12:23:49.3487910Z SyncQueueManager: INFO: Registered sync handler for entity type: data_bucket_metadata_sync 
2026-10-02T12:23:49.3488192Z [INFO] DataBucketSyncRegistrar: Registered sync handler for data_bucket_metadata_sync
2026-10-02T12:23:49.3488454Z DataBucketSyncRegistrar: INFO: Registered sync handler for data_bucket_metadata_sync 
2026-10-02T12:23:49.3488706Z [INFO] SyncQueueManager: Registered sync handler for entity type: cut_fill_records
2026-10-02T12:23:49.3488955Z SyncQueueManager: INFO: Registered sync handler for entity type: cut_fill_records 
2026-10-02T12:23:49.3489183Z [INFO] TrackingSyncRegistrar: Registered sync handler for cut_fill_records
2026-10-02T12:23:49.3489404Z TrackingSyncRegistrar: INFO: Registered sync handler for cut_fill_records 
2026-10-02T12:23:49.3489663Z [INFO] SyncQueueManager: Registered sync handler for entity type: land_clearing_records
2026-10-02T12:23:49.3489913Z SyncQueueManager: INFO: Registered sync handler for entity type: land_clearing_records 
2026-10-02T12:23:49.3490148Z [INFO] TrackingSyncRegistrar: Registered sync handler for land_clearing_records
2026-10-02T12:23:49.3490372Z TrackingSyncRegistrar: INFO: Registered sync handler for land_clearing_records 
2026-10-02T12:23:49.3490612Z [INFO] SyncQueueManager: Registered sync handler for entity type: inventory_items
2026-10-02T12:23:49.3490848Z SyncQueueManager: INFO: Registered sync handler for entity type: inventory_items 
2026-10-02T12:23:49.3491098Z [INFO] TrackingSyncRegistrar: Registered sync handler for inventory_items
2026-10-02T12:23:49.3491320Z TrackingSyncRegistrar: INFO: Registered sync handler for inventory_items 
2026-10-02T12:23:49.3491576Z [INFO] SyncQueueManager: Registered sync handler for entity type: inventory_transactions
2026-10-02T12:23:49.3492024Z SyncQueueManager: INFO: Registered sync handler for entity type: inventory_transactions 
2026-10-02T12:23:49.3492266Z [INFO] TrackingSyncRegistrar: Registered sync handler for inventory_transactions
2026-10-02T12:23:49.3492502Z TrackingSyncRegistrar: INFO: Registered sync handler for inventory_transactions 
2026-10-02T12:23:49.3492744Z [INFO] SyncQueueManager: Registered sync handler for entity type: attendance_records
2026-10-02T12:23:49.3493345Z SyncQueueManager: INFO: Registered sync handler for entity type: attendance_records 
2026-10-02T12:23:49.3493599Z [INFO] AttendanceSyncRegistrar: Registered sync handler for attendance_records
2026-10-02T12:23:49.3493845Z AttendanceSyncRegistrar: INFO: Registered sync handler for attendance_records 
2026-10-02T12:23:49.3494071Z [INFO] SyncQueueManager: Registered sync handler for entity type: daily_logs
2026-10-02T12:23:49.3494292Z SyncQueueManager: INFO: Registered sync handler for entity type: daily_logs 
2026-10-02T12:23:49.3494495Z [INFO] DailyLogSyncRegistrar: Registered sync handler for daily_logs
2026-10-02T12:23:49.3494703Z DailyLogSyncRegistrar: INFO: Registered sync handler for daily_logs 
2026-10-02T12:23:49.3494950Z [INFO] SyncQueueManager: Registered sync handler for entity type: equipment_checks
2026-10-02T12:23:49.3495186Z SyncQueueManager: INFO: Registered sync handler for entity type: equipment_checks 
2026-10-02T12:23:49.3495427Z [INFO] EquipmentCheckSyncRegistrar: Registered sync handler for equipment_checks
2026-10-02T12:23:49.3495667Z EquipmentCheckSyncRegistrar: INFO: Registered sync handler for equipment_checks 
2026-10-02T12:23:49.3495876Z [INFO] SyncQueueManager: Registered sync handler for entity type: benchmarks
2026-10-02T12:23:49.3496091Z SyncQueueManager: INFO: Registered sync handler for entity type: benchmarks 
2026-10-02T12:23:49.3496477Z [INFO] BenchmarkSyncRegistrar: Registered sync handler for benchmarks
2026-10-02T12:23:49.3496702Z BenchmarkSyncRegistrar: INFO: Registered sync handler for benchmarks 
2026-10-02T12:23:49.3496830Z [INFO] GoRouter: Full paths for routes:
2026-10-02T12:23:49.3497478Z ├─/login (LoginPage)
2026-10-02T12:23:49.3497647Z ├─/privacy-gate (PrivacyAckPage)
2026-10-02T12:23:49.3497870Z ├─/__interaction-fixture (AppInteractionFixturePage)
2026-10-02T12:23:49.3498109Z │ └─/__interaction-fixture/form (AppInteractionFixturePage)
2026-10-02T12:23:49.3498229Z ├─ (ShellRoute)
2026-10-02T12:23:49.3498377Z │ ├─/ (BlocProvider<DashboardCubit>)
2026-10-02T12:23:49.3498518Z │ ├─/tools (GroupLandingPage)
2026-10-02T12:23:49.3498693Z │ │ └─/tools/data-bucket (DataBucketListPage)
2026-10-02T12:23:49.3498839Z │ │   ├─/tools/data-bucket/upload 
2026-10-02T12:23:49.3498977Z │ │   └─/tools/data-bucket/:id 
2026-10-02T12:23:49.3499122Z │ ├─/operations (GroupLandingPage)
2026-10-02T12:23:49.3499315Z │ │ ├─/operations/cut-fill (CutFillListScreen)
2026-10-02T12:23:49.3499453Z │ │ │ ├─/operations/cut-fill/form 
2026-10-02T12:23:49.3499599Z │ │ │ └─/operations/cut-fill/:id/form 
2026-10-02T12:23:49.3499849Z │ │ ├─/operations/land-clearing (LandClearingSummaryScreen)
2026-10-02T12:23:49.3500002Z │ │ │ ├─/operations/land-clearing/form 
2026-10-02T12:23:49.3500151Z │ │ │ ├─/operations/land-clearing/:id 
2026-10-02T12:23:49.3500305Z │ │ │ └─/operations/land-clearing/:id/form 
2026-10-02T12:23:49.3500504Z │ │ └─/operations/benchmark-db (BenchmarkListScreen)
2026-10-02T12:23:49.3500716Z │ │   ├─/operations/benchmark-db/form (BenchmarkFormScreen)
2026-10-02T12:23:49.3500869Z │ │   ├─/operations/benchmark-db/:id 
2026-10-02T12:23:49.3501025Z │ │   └─/operations/benchmark-db/:id/form 
2026-10-02T12:23:49.3501163Z │ ├─/teams (GroupLandingPage)
2026-10-02T12:23:49.3501313Z │ │ ├─/teams/attendance (AttendanceScreen)
2026-10-02T12:23:49.3501448Z │ │ │ └─/teams/attendance/form 
2026-10-02T12:23:49.3501607Z │ │ ├─/teams/daily-log (DailyLogListScreen)
2026-10-02T12:23:49.3501754Z │ │ │ ├─/teams/daily-log/form 
2026-10-02T12:23:49.3501893Z │ │ │ └─/teams/daily-log/:id/form 
2026-10-02T12:23:49.3502085Z │ │ ├─/teams/inventory (InventoryDashboardScreen)
2026-10-02T12:23:49.3502412Z │ │ │ ├─/teams/inventory/form 
2026-10-02T12:23:49.3502544Z │ │ │ ├─/teams/inventory/:id 
2026-10-02T12:23:49.3502677Z │ │ │ └─/teams/inventory/:id/form 
2026-10-02T12:23:49.3502886Z │ │ ├─/teams/equipment-check (EquipmentHistoryScreen)
2026-10-02T12:23:49.3503345Z │ │ │ ├─/teams/equipment-check/form 
2026-10-02T12:23:49.3503501Z │ │ │ └─/teams/equipment-check/:id 
2026-10-02T12:23:49.3503647Z │ │ └─/teams/timeline (TimelinePage)
2026-10-02T12:23:49.3503785Z │ └─/settings (SettingsPage)
2026-10-02T12:23:49.3503965Z │   └─/settings/profile/form (ProfileEditPage)
2026-10-02T12:23:49.3504099Z ├─/reports/config (Widget)
2026-10-02T12:23:49.3504294Z └─/notifications (BlocProvider<NotificationCubit>)
2026-10-02T12:23:49.3504403Z known full paths for route names:
2026-10-02T12:23:49.3504510Z   login => /login
2026-10-02T12:23:49.3504621Z   privacy-gate => /privacy-gate
2026-10-02T12:23:49.3504763Z   interaction-fixture => /__interaction-fixture
2026-10-02T12:23:49.3504945Z   interaction-fixture-form => /__interaction-fixture/form
2026-10-02T12:23:49.3505039Z   dashboard => /
2026-10-02T12:23:49.3505129Z   tools => /tools
2026-10-02T12:23:49.3505239Z   data-bucket => /tools/data-bucket
2026-10-02T12:23:49.3505380Z   data-bucket-upload => /tools/data-bucket/upload
2026-10-02T12:23:49.3505505Z   data-bucket-detail => /tools/data-bucket/:id
2026-10-02T12:23:49.3505609Z   operations => /operations
2026-10-02T12:23:49.3505716Z   cut-fill => /operations/cut-fill
2026-10-02T12:23:49.3505841Z   cut-fill-create => /operations/cut-fill/form
2026-10-02T12:23:49.3505973Z   cut-fill-edit => /operations/cut-fill/:id/form
2026-10-02T12:23:49.3506097Z   land-clearing => /operations/land-clearing
2026-10-02T12:23:49.3506262Z   land-clearing-create => /operations/land-clearing/form
2026-10-02T12:23:49.3506553Z   land-clearing-detail => /operations/land-clearing/:id
2026-10-02T12:23:49.3506724Z   land-clearing-edit => /operations/land-clearing/:id/form
2026-10-02T12:23:49.3506844Z   benchmark-db => /operations/benchmark-db
2026-10-02T12:23:49.3506980Z   benchmark-form => /operations/benchmark-db/form
2026-10-02T12:23:49.3507118Z   benchmark-detail => /operations/benchmark-db/:id
2026-10-02T12:23:49.3507264Z   benchmark-edit => /operations/benchmark-db/:id/form
2026-10-02T12:23:49.3507353Z   teams => /teams
2026-10-02T12:23:49.3507460Z   attendance => /teams/attendance
2026-10-02T12:23:49.3507579Z   attendance-form => /teams/attendance/form
2026-10-02T12:23:49.3507684Z   daily-log => /teams/daily-log
2026-10-02T12:23:49.3507799Z   daily-log-form => /teams/daily-log/form
2026-10-02T12:23:49.3507939Z   daily-log-record-form => /teams/daily-log/:id/form
2026-10-02T12:23:49.3508042Z   inventory => /teams/inventory
2026-10-02T12:23:49.3508158Z   inventory-form => /teams/inventory/form
2026-10-02T12:23:49.3508281Z   inventory-detail => /teams/inventory/:id
2026-10-02T12:23:49.3508404Z   inventory-edit => /teams/inventory/:id/form
2026-10-02T12:23:49.3508525Z   equipment-check => /teams/equipment-check
2026-10-02T12:23:49.3508677Z   equipment-check-form => /teams/equipment-check/form
2026-10-02T12:23:49.3508833Z   equipment-check-detail => /teams/equipment-check/:id
2026-10-02T12:23:49.3508941Z   timeline => /teams/timeline
2026-10-02T12:23:49.3509033Z   settings => /settings
2026-10-02T12:23:49.3509160Z   settings-profile => /settings/profile/form
2026-10-02T12:23:49.3509268Z   report-config => /reports/config
2026-10-02T12:23:49.3509376Z   notifications => /notifications
2026-10-02T12:23:49.3509383Z 
2026-10-02T12:23:49.3509501Z GoRouter: INFO: Full paths for routes:
2026-10-02T12:23:49.3509630Z ├─/login (LoginPage)
2026-10-02T12:23:49.3509777Z ├─/privacy-gate (PrivacyAckPage)
2026-10-02T12:23:49.3509982Z ├─/__interaction-fixture (AppInteractionFixturePage)
2026-10-02T12:23:49.3510222Z │ └─/__interaction-fixture/form (AppInteractionFixturePage)
2026-10-02T12:23:49.3510339Z ├─ (ShellRoute)
2026-10-02T12:23:49.3510481Z │ ├─/ (BlocProvider<DashboardCubit>)
2026-10-02T12:23:49.3510746Z │ ├─/tools (GroupLandingPage)
2026-10-02T12:23:49.3510931Z │ │ └─/tools/data-bucket (DataBucketListPage)
2026-10-02T12:23:49.3511074Z │ │   ├─/tools/data-bucket/upload 
2026-10-02T12:23:49.3511210Z │ │   └─/tools/data-bucket/:id 
2026-10-02T12:23:49.3511351Z │ ├─/operations (GroupLandingPage)
2026-10-02T12:23:49.3511525Z │ │ ├─/operations/cut-fill (CutFillListScreen)
2026-10-02T12:23:49.3511663Z │ │ │ ├─/operations/cut-fill/form 
2026-10-02T12:23:49.3511805Z │ │ │ └─/operations/cut-fill/:id/form 
2026-10-02T12:23:49.3512032Z │ │ ├─/operations/land-clearing (LandClearingSummaryScreen)
2026-10-02T12:23:49.3512184Z │ │ │ ├─/operations/land-clearing/form 
2026-10-02T12:23:49.3512334Z │ │ │ ├─/operations/land-clearing/:id 
2026-10-02T12:23:49.3512492Z │ │ │ └─/operations/land-clearing/:id/form 
2026-10-02T12:23:49.3512787Z │ │ └─/operations/benchmark-db (BenchmarkListScreen)
2026-10-02T12:23:49.3513283Z │ │   ├─/operations/benchmark-db/form (BenchmarkFormScreen)
2026-10-02T12:23:49.3513590Z │ │   ├─/operations/benchmark-db/:id 
2026-10-02T12:23:49.3513921Z │ │   └─/operations/benchmark-db/:id/form 
2026-10-02T12:23:49.3514210Z │ ├─/teams (GroupLandingPage)
2026-10-02T12:23:49.3514517Z │ │ ├─/teams/attendance (AttendanceScreen)
2026-10-02T12:23:49.3514771Z │ │ │ └─/teams/attendance/form 
2026-10-02T12:23:49.3515097Z │ │ ├─/teams/daily-log (DailyLogListScreen)
2026-10-02T12:23:49.3515359Z │ │ │ ├─/teams/daily-log/form 
2026-10-02T12:23:49.3515624Z │ │ │ └─/teams/daily-log/:id/form 
2026-10-02T12:23:49.3515966Z │ │ ├─/teams/inventory (InventoryDashboardScreen)
2026-10-02T12:23:49.3516215Z │ │ │ ├─/teams/inventory/form 
2026-10-02T12:23:49.3516484Z │ │ │ ├─/teams/inventory/:id 
2026-10-02T12:23:49.3516725Z │ │ │ └─/teams/inventory/:id/form 
2026-10-02T12:23:49.3517085Z │ │ ├─/teams/equipment-check (EquipmentHistoryScreen)
2026-10-02T12:23:49.3517371Z │ │ │ ├─/teams/equipment-check/form 
2026-10-02T12:23:49.3517621Z │ │ │ └─/teams/equipment-check/:id 
2026-10-02T12:23:49.3517871Z │ │ └─/teams/timeline (TimelinePage)
2026-10-02T12:23:49.3518152Z │ └─/settings (SettingsPage)
2026-10-02T12:23:49.3518489Z │   └─/settings/profile/form (ProfileEditPage)
2026-10-02T12:23:49.3518749Z ├─/reports/config (Widget)
2026-10-02T12:23:49.3519130Z └─/notifications (BlocProvider<NotificationCubit>)
2026-10-02T12:23:49.3519302Z known full paths for route names:
2026-10-02T12:23:49.3519462Z   login => /login
2026-10-02T12:23:49.3519677Z   privacy-gate => /privacy-gate
2026-10-02T12:23:49.3519906Z   interaction-fixture => /__interaction-fixture
2026-10-02T12:23:49.3520214Z   interaction-fixture-form => /__interaction-fixture/form
2026-10-02T12:23:49.3520413Z   dashboard => /
2026-10-02T12:23:49.3520575Z   tools => /tools
2026-10-02T12:23:49.3520779Z   data-bucket => /tools/data-bucket
2026-10-02T12:23:49.3521044Z   data-bucket-upload => /tools/data-bucket/upload
2026-10-02T12:23:49.3521252Z   data-bucket-detail => /tools/data-bucket/:id
2026-10-02T12:23:49.3521407Z   operations => /operations
2026-10-02T12:23:49.3521592Z   cut-fill => /operations/cut-fill
2026-10-02T12:23:49.3522137Z   cut-fill-create => /operations/cut-fill/form
2026-10-02T12:23:49.3522373Z   cut-fill-edit => /operations/cut-fill/:id/form
2026-10-02T12:23:49.3522580Z   land-clearing => /operations/land-clearing
2026-10-02T12:23:49.3522895Z   land-clearing-create => /operations/land-clearing/form
2026-10-02T12:23:49.3523457Z   land-clearing-detail => /operations/land-clearing/:id
2026-10-02T12:23:49.3523737Z   land-clearing-edit => /operations/land-clearing/:id/form
2026-10-02T12:23:49.3523929Z   benchmark-db => /operations/benchmark-db
2026-10-02T12:23:49.3524154Z   benchmark-form => /operations/benchmark-db/form
2026-10-02T12:23:49.3524383Z   benchmark-detail => /operations/benchmark-db/:id
2026-10-02T12:23:49.3524620Z   benchmark-edit => /operations/benchmark-db/:id/form
2026-10-02T12:23:49.3524766Z   teams => /teams
2026-10-02T12:23:49.3524947Z   attendance => /teams/attendance
2026-10-02T12:23:49.3525139Z   attendance-form => /teams/attendance/form
2026-10-02T12:23:49.3525312Z   daily-log => /teams/daily-log
2026-10-02T12:23:49.3525497Z   daily-log-form => /teams/daily-log/form
2026-10-02T12:23:49.3525724Z   daily-log-record-form => /teams/daily-log/:id/form
2026-10-02T12:23:49.3525890Z   inventory => /teams/inventory
2026-10-02T12:23:49.3526076Z   inventory-form => /teams/inventory/form
2026-10-02T12:23:49.3526263Z   inventory-detail => /teams/inventory/:id
2026-10-02T12:23:49.3526461Z   inventory-edit => /teams/inventory/:id/form
2026-10-02T12:23:49.3526653Z   equipment-check => /teams/equipment-check
2026-10-02T12:23:49.3526892Z   equipment-check-form => /teams/equipment-check/form
2026-10-02T12:23:49.3527140Z   equipment-check-detail => /teams/equipment-check/:id
2026-10-02T12:23:49.3527305Z   timeline => /teams/timeline
2026-10-02T12:23:49.3527452Z   settings => /settings
2026-10-02T12:23:49.3527871Z   settings-profile => /settings/profile/form
2026-10-02T12:23:49.3528108Z   report-config => /reports/config
2026-10-02T12:23:49.3528308Z   notifications => /notifications
2026-10-02T12:23:49.3528457Z  
2026-10-02T12:23:49.3528677Z [INFO] GoRouter: setting initial location /login
2026-10-02T12:23:49.3528893Z GoRouter: INFO: setting initial location /login 
2026-10-02T12:23:49.3529107Z [INFO] GoRouter: Using WidgetsApp configuration
2026-10-02T12:23:49.3529320Z GoRouter: INFO: Using WidgetsApp configuration 
2026-10-02T12:23:49.3529493Z [FINE] supabase.auth: Saving session
2026-10-02T12:23:49.3537209Z [FINEST] supabase.auth: Saving session: Session(providerToken: <redacted>, providerRefreshToken: <redacted>, expiresIn: 3600, tokenType: bearer, user: User(id: cb041494-fccd-493b-b73b-50e952366ea8, appMetadata: {provider: email, providers: [email]}, userMetadata: {email_verified: true}, aud: authenticated, confirmationSentAt: null, recoverySentAt: null, emailChangeSentAt: null, newEmail: null, invitedAt: null, actionLink: null, email: ***, phone: , createdAt: 2026-08-29T08:04:41.039217Z, confirmedAt: 2026-08-29T08:04:41.068013Z, emailConfirmedAt: 2026-08-29T08:04:41.068013Z, phoneConfirmedAt: null, lastSignInAt: 2026-10-02T12:13:48.346889543Z, role: authenticated, updatedAt: 2026-10-02T12:13:48.352364Z, identities: [UserIdentity(id: cb041494-fccd-493b-b73b-50e952366ea8, userId: cb041494-fccd-493b-b73b-50e952366ea8, identityData: {email: ***, email_verified: false, phone_verified: false, sub: cb041494-fccd-493b-b73b-50e952366ea8}, identityId: 8d3c9ac0-0cb4-431a-ba43-538637ad8247, provider: email, createdAt: 2026-08-29T08:04:41.062276Z, lastSignInAt: 2026-08-29T08:04:41.062165Z, updatedAt: 2026-08-29T08:04:41.062276Z)], factors: null, isAnonymous: false), accessToken: <redacted>, refreshToken: <redacted>
2026-10-02T12:23:49.3546713Z [FINEST] supabase.auth: onAuthStateChange: AuthState(event: signedIn, session: Session(providerToken: <redacted>, providerRefreshToken: <redacted>, expiresIn: 3600, tokenType: bearer, user: User(id: cb041494-fccd-493b-b73b-50e952366ea8, appMetadata: {provider: email, providers: [email]}, userMetadata: {email_verified: true}, aud: authenticated, confirmationSentAt: null, recoverySentAt: null, emailChangeSentAt: null, newEmail: null, invitedAt: null, actionLink: null, email: ***, phone: , createdAt: 2026-08-29T08:04:41.039217Z, confirmedAt: 2026-08-29T08:04:41.068013Z, emailConfirmedAt: 2026-08-29T08:04:41.068013Z, phoneConfirmedAt: null, lastSignInAt: 2026-10-02T12:13:48.346889543Z, role: authenticated, updatedAt: 2026-10-02T12:13:48.352364Z, identities: [UserIdentity(id: cb041494-fccd-493b-b73b-50e952366ea8, userId: cb041494-fccd-493b-b73b-50e952366ea8, identityData: {email: ***, email_verified: false, phone_verified: false, sub: cb041494-fccd-493b-b73b-50e952366ea8}, identityId: 8d3c9ac0-0cb4-431a-ba43-538637ad8247, provider: email, createdAt: 2026-08-29T08:04:41.062276Z, lastSignInAt: 2026-08-29T08:04:41.062165Z, updatedAt: 2026-08-29T08:04:41.062276Z)], factors: null, isAnonymous: false), accessToken: <redacted>, refreshToken: <redacted>, fromBroadcast: false, signOutReason: null)
2026-10-02T12:23:49.3547955Z [FINEST] supabase.postgrest: Request: GET ***/rest/v1/users?select=%2A&id=eq.cb041494-fccd-493b-b73b-50e952366ea8
2026-10-02T12:23:49.3548963Z [INFO] GoRouter: redirecting to RouteMatchList#7ecb1(uri: /privacy-gate, matches: [RouteMatch#284cc(route: GoRoute#68e89(name: "privacy-gate", path: "/privacy-gate"))])
2026-10-02T12:23:49.3549943Z GoRouter: INFO: redirecting to RouteMatchList#7ecb1(uri: /privacy-gate, matches: [RouteMatch#284cc(route: GoRoute#68e89(name: "privacy-gate", path: "/privacy-gate"))]) 
2026-10-02T12:23:49.3550144Z [INFO] GoRouter: going to /
2026-10-02T12:23:49.3550350Z GoRouter: INFO: going to / 
2026-10-02T12:23:49.3550605Z [INFO] GoRouter: Using WidgetsApp configuration
2026-10-02T12:23:49.3550858Z GoRouter: INFO: Using WidgetsApp configuration 
2026-10-02T12:23:49.3552325Z [FINEST] supabase.postgrest: Request: GET ***/rest/v1/attendance_records?select=%2A%2Cusers%21attendance_records_user_id_fkey%28name%29&deleted_at=is.null
2026-10-02T12:23:49.3553481Z [FINEST] supabase.postgrest: Request: GET ***/rest/v1/equipment_checks?select=%2A&deleted_at=is.null
2026-10-02T12:23:49.3553800Z [FINE] SyncQueueManager: No pending sync items to process.
2026-10-02T12:23:49.3554610Z [FINEST] supabase.postgrest: Request: GET ***/rest/v1/cut_fill_records?select=%2A&deleted_at=is.null
2026-10-02T12:23:49.3554821Z [INFO] GoRouter: going to /teams/attendance
2026-10-02T12:23:49.3555014Z GoRouter: INFO: going to /teams/attendance 
2026-10-02T12:23:49.3555884Z [FINEST] supabase.postgrest: Request: GET ***/rest/v1/land_clearing_records?select=%2A&deleted_at=is.null
2026-10-02T12:23:49.3556149Z [INFO] GoRouter: Using WidgetsApp configuration
2026-10-02T12:23:49.3556435Z GoRouter: INFO: Using WidgetsApp configuration 
2026-10-02T12:23:49.3557729Z [FINEST] supabase.postgrest: Request: GET ***/rest/v1/attendance_records?select=%2A%2Cusers%21attendance_records_user_id_fkey%28name%29&deleted_at=is.null
2026-10-02T12:23:49.3558689Z [FINEST] supabase.postgrest: Request: GET ***/rest/v1/inventory_items?select=%2A&deleted_at=is.null
2026-10-02T12:23:49.3559301Z [INFO] GoRouter: pushing /teams/attendance/form?date=2026-10-02&siteId=f47ac10b-58cc-4372-a567-0e02b2c3d479
2026-10-02T12:23:49.3559895Z GoRouter: INFO: pushing /teams/attendance/form?date=2026-10-02&siteId=f47ac10b-58cc-4372-a567-0e02b2c3d479 
2026-10-02T12:23:49.3561379Z [FINEST] supabase.postgrest: Request: GET ***/rest/v1/users?select=%2A&deleted_at=is.null&is_active=eq.true&site_id=eq.f47ac10b-58cc-4372-a567-0e02b2c3d479&order=name.asc.nullslast
2026-10-02T12:23:49.3562621Z [FINEST] supabase.postgrest: Request: GET ***/rest/v1/attendance_records?select=%2A%2Cusers%21attendance_records_user_id_fkey%28name%29&deleted_at=is.null
2026-10-02T12:23:49.3564284Z [FINEST] supabase.postgrest: Request: GET ***/rest/v1/attendance_records?select=%2A%2Cusers%21attendance_records_user_id_fkey%28name%29&deleted_at=is.null
2026-10-02T12:23:49.3565285Z [INFO] SyncQueueManager: Enqueuing offline item [attendance_records_update_6cf98b57-09c3-4403-84b7-12e773a6ce87_1790943232831552] for entity "attendance_records" (update)
2026-10-02T12:23:49.3566543Z SyncQueueManager: INFO: Enqueuing offline item [attendance_records_update_6cf98b57-09c3-4403-84b7-12e773a6ce87_1790943232831552] for entity "attendance_records" (update) 
2026-10-02T12:23:49.3567538Z [INFO] SyncQueueManager: Enqueuing offline item [attendance_records_update_67c5f4cd-b76d-4d33-ac7c-a0c7eb5f1db6_1790943232843575] for entity "attendance_records" (update)
2026-10-02T12:23:49.3568656Z SyncQueueManager: INFO: Enqueuing offline item [attendance_records_update_67c5f4cd-b76d-4d33-ac7c-a0c7eb5f1db6_1790943232843575] for entity "attendance_records" (update) 
2026-10-02T12:23:49.3569000Z [INFO] SyncQueueManager: Processing 2 pending sync queue items.
2026-10-02T12:23:49.3569345Z SyncQueueManager: INFO: Processing 2 pending sync queue items. 
2026-10-02T12:23:49.3569742Z [FINE] SyncQueueManager: Queue processing already in progress. Skipping.
2026-10-02T12:23:49.3570563Z [INFO] SyncQueueManager: Syncing queue item [attendance_records_update_6cf98b57-09c3-4403-84b7-12e773a6ce87_1790943232831552] (attendance_records:update)
2026-10-02T12:23:49.3571464Z SyncQueueManager: INFO: Syncing queue item [attendance_records_update_6cf98b57-09c3-4403-84b7-12e773a6ce87_1790943232831552] (attendance_records:update) 
2026-10-02T12:23:49.3572527Z [INFO] SyncQueueManager: Enqueuing offline item [attendance_records_update_342ea01e-722e-4142-9244-060552cd9e41_1790943232987281] for entity "attendance_records" (update)
2026-10-02T12:23:49.3573859Z SyncQueueManager: INFO: Enqueuing offline item [attendance_records_update_342ea01e-722e-4142-9244-060552cd9e41_1790943232987281] for entity "attendance_records" (update) 
2026-10-02T12:23:49.3574853Z [INFO] AttendanceSyncRegistrar: Processing attendance sync item [attendance_records_update_6cf98b57-09c3-4403-84b7-12e773a6ce87_1790943232831552]: update
2026-10-02T12:23:49.3576037Z AttendanceSyncRegistrar: INFO: Processing attendance sync item [attendance_records_update_6cf98b57-09c3-4403-84b7-12e773a6ce87_1790943232831552]: update 
2026-10-02T12:23:49.3577510Z [FINEST] supabase.postgrest: Request: GET ***/rest/v1/attendance_records?select=%2A%2Cusers%21attendance_records_user_id_fkey%28name%29&id=eq.6cf98b57-09c3-4403-84b7-12e773a6ce87
2026-10-02T12:23:49.3577964Z [FINE] SyncQueueManager: Queue processing already in progress. Skipping.
2026-10-02T12:23:49.3579090Z [INFO] SyncQueueManager: Enqueuing offline item [attendance_records_update_c1e2010f-5cfd-41bb-b457-82a981b16c0c_1790943233210173] for entity "attendance_records" (update)
2026-10-02T12:23:49.3580160Z SyncQueueManager: INFO: Enqueuing offline item [attendance_records_update_c1e2010f-5cfd-41bb-b457-82a981b16c0c_1790943233210173] for entity "attendance_records" (update) 
2026-10-02T12:23:49.3580594Z [FINE] SyncQueueManager: Queue processing already in progress. Skipping.
2026-10-02T12:23:49.3581713Z [INFO] SyncQueueManager: Enqueuing offline item [attendance_records_update_158a7077-dbdf-4d31-a4f1-cfa1a45418ba_1790943233226430] for entity "attendance_records" (update)
2026-10-02T12:23:49.3582809Z SyncQueueManager: INFO: Enqueuing offline item [attendance_records_update_158a7077-dbdf-4d31-a4f1-cfa1a45418ba_1790943233226430] for entity "attendance_records" (update) 
2026-10-02T12:23:49.3583489Z [FINE] SyncQueueManager: Queue processing already in progress. Skipping.
2026-10-02T12:23:49.3584522Z [INFO] SyncQueueManager: Enqueuing offline item [attendance_records_update_7b78b731-4918-4f1a-b617-a507c5cf6e50_1790943233258359] for entity "attendance_records" (update)
2026-10-02T12:23:49.3585621Z SyncQueueManager: INFO: Enqueuing offline item [attendance_records_update_7b78b731-4918-4f1a-b617-a507c5cf6e50_1790943233258359] for entity "attendance_records" (update) 
2026-10-02T12:23:49.3586083Z [FINE] SyncQueueManager: Queue processing already in progress. Skipping.
2026-10-02T12:23:49.3586351Z [INFO] GoRouter: popping /teams/attendance
2026-10-02T12:23:49.3586590Z GoRouter: INFO: popping /teams/attendance 
2026-10-02T12:23:49.3586815Z [INFO] GoRouter: restoring /teams/attendance
2026-10-02T12:23:49.3587069Z GoRouter: INFO: restoring /teams/attendance 
2026-10-02T12:23:49.3588627Z [FINEST] supabase.postgrest: Request: GET ***/rest/v1/attendance_records?select=%2A%2Cusers%21attendance_records_user_id_fkey%28name%29&deleted_at=is.null
2026-10-02T12:23:49.3589606Z [FINEST] supabase.postgrest: Request: POST ***/rest/v1/attendance_records?on_conflict=user_id%2Cdate
2026-10-02T12:23:49.3589949Z [FINER] supabase.auth: Access token expires in 359 ticks
2026-10-02T12:23:49.3590859Z [INFO] SyncQueueManager: Successfully synced queue item [attendance_records_update_6cf98b57-09c3-4403-84b7-12e773a6ce87_1790943232831552].
2026-10-02T12:23:49.3591721Z SyncQueueManager: INFO: Successfully synced queue item [attendance_records_update_6cf98b57-09c3-4403-84b7-12e773a6ce87_1790943232831552]. 
2026-10-02T12:23:49.3592681Z [INFO] SyncQueueManager: Syncing queue item [attendance_records_update_67c5f4cd-b76d-4d33-ac7c-a0c7eb5f1db6_1790943232843575] (attendance_records:update)
2026-10-02T12:23:49.3593945Z SyncQueueManager: INFO: Syncing queue item [attendance_records_update_67c5f4cd-b76d-4d33-ac7c-a0c7eb5f1db6_1790943232843575] (attendance_records:update) 
2026-10-02T12:23:49.3594953Z [INFO] AttendanceSyncRegistrar: Processing attendance sync item [attendance_records_update_67c5f4cd-b76d-4d33-ac7c-a0c7eb5f1db6_1790943232843575]: update
2026-10-02T12:23:49.3595884Z AttendanceSyncRegistrar: INFO: Processing attendance sync item [attendance_records_update_67c5f4cd-b76d-4d33-ac7c-a0c7eb5f1db6_1790943232843575]: update 
2026-10-02T12:23:49.3597418Z [FINEST] supabase.postgrest: Request: GET ***/rest/v1/attendance_records?select=%2A%2Cusers%21attendance_records_user_id_fkey%28name%29&id=eq.67c5f4cd-b76d-4d33-ac7c-a0c7eb5f1db6
2026-10-02T12:23:49.3599221Z [FINEST] supabase.postgrest: Request: POST ***/rest/v1/attendance_records?on_conflict=user_id%2Cdate
2026-10-02T12:23:49.3600397Z [INFO] SyncQueueManager: Successfully synced queue item [attendance_records_update_67c5f4cd-b76d-4d33-ac7c-a0c7eb5f1db6_1790943232843575].
2026-10-02T12:23:49.3601333Z SyncQueueManager: INFO: Successfully synced queue item [attendance_records_update_67c5f4cd-b76d-4d33-ac7c-a0c7eb5f1db6_1790943232843575]. 
2026-10-02T12:23:49.3602725Z [FINEST] supabase.postgrest: Request: GET ***/rest/v1/attendance_records?select=%2A%2Cusers%21attendance_records_user_id_fkey%28name%29&deleted_at=is.null
2026-10-02T12:23:49.3603627Z [INFO] GoRouter: pushing /teams/attendance/form?date=2026-10-02&siteId=f47ac10b-58cc-4372-a567-0e02b2c3d479
2026-10-02T12:23:49.3604230Z GoRouter: INFO: pushing /teams/attendance/form?date=2026-10-02&siteId=f47ac10b-58cc-4372-a567-0e02b2c3d479 
2026-10-02T12:23:49.3605595Z [FINEST] supabase.postgrest: Request: GET ***/rest/v1/users?select=%2A&deleted_at=is.null&is_active=eq.true&site_id=eq.f47ac10b-58cc-4372-a567-0e02b2c3d479&order=name.asc.nullslast
2026-10-02T12:23:49.3605919Z [FINER] supabase.auth: Access token expires in 358 ticks
2026-10-02T12:23:49.3607173Z [FINEST] supabase.postgrest: Request: GET ***/rest/v1/attendance_records?select=%2A%2Cusers%21attendance_records_user_id_fkey%28name%29&deleted_at=is.null
2026-10-02T12:23:49.3608294Z [INFO] SyncQueueManager: Enqueuing offline item [attendance_records_update_6cf98b57-09c3-4403-84b7-12e773a6ce87_1790943245040820] for entity "attendance_records" (update)
2026-10-02T12:23:49.3609322Z SyncQueueManager: INFO: Enqueuing offline item [attendance_records_update_6cf98b57-09c3-4403-84b7-12e773a6ce87_1790943245040820] for entity "attendance_records" (update) 
2026-10-02T12:23:49.3610347Z [INFO] SyncQueueManager: Enqueuing offline item [attendance_records_update_67c5f4cd-b76d-4d33-ac7c-a0c7eb5f1db6_1790943245061328] for entity "attendance_records" (update)
2026-10-02T12:23:49.3611367Z SyncQueueManager: INFO: Enqueuing offline item [attendance_records_update_67c5f4cd-b76d-4d33-ac7c-a0c7eb5f1db6_1790943245061328] for entity "attendance_records" (update) 
2026-10-02T12:23:49.3611705Z [INFO] SyncQueueManager: Processing 6 pending sync queue items.
2026-10-02T12:23:49.3612034Z SyncQueueManager: INFO: Processing 6 pending sync queue items. 
2026-10-02T12:23:49.3612744Z [FINE] SyncQueueManager: Queue processing already in progress. Skipping.
2026-10-02T12:23:49.3613989Z [INFO] SyncQueueManager: Syncing queue item [attendance_records_update_342ea01e-722e-4142-9244-060552cd9e41_1790943232987281] (attendance_records:update)
2026-10-02T12:23:49.3614984Z SyncQueueManager: INFO: Syncing queue item [attendance_records_update_342ea01e-722e-4142-9244-060552cd9e41_1790943232987281] (attendance_records:update) 
2026-10-02T12:23:49.3616011Z [INFO] SyncQueueManager: Enqueuing offline item [attendance_records_update_342ea01e-722e-4142-9244-060552cd9e41_1790943245173494] for entity "attendance_records" (update)
2026-10-02T12:23:49.3617008Z SyncQueueManager: INFO: Enqueuing offline item [attendance_records_update_342ea01e-722e-4142-9244-060552cd9e41_1790943245173494] for entity "attendance_records" (update) 
2026-10-02T12:23:49.3617928Z [INFO] AttendanceSyncRegistrar: Processing attendance sync item [attendance_records_update_342ea01e-722e-4142-9244-060552cd9e41_1790943232987281]: update
2026-10-02T12:23:49.3618852Z AttendanceSyncRegistrar: INFO: Processing attendance sync item [attendance_records_update_342ea01e-722e-4142-9244-060552cd9e41_1790943232987281]: update 
2026-10-02T12:23:49.3620261Z [FINEST] supabase.postgrest: Request: GET ***/rest/v1/attendance_records?select=%2A%2Cusers%21attendance_records_user_id_fkey%28name%29&id=eq.342ea01e-722e-4142-9244-060552cd9e41
2026-10-02T12:23:49.3620672Z [FINE] SyncQueueManager: Queue processing already in progress. Skipping.
2026-10-02T12:23:49.3621727Z [INFO] SyncQueueManager: Enqueuing offline item [attendance_records_update_c1e2010f-5cfd-41bb-b457-82a981b16c0c_1790943245263580] for entity "attendance_records" (update)
2026-10-02T12:23:49.3623303Z SyncQueueManager: INFO: Enqueuing offline item [attendance_records_update_c1e2010f-5cfd-41bb-b457-82a981b16c0c_1790943245263580] for entity "attendance_records" (update) 
2026-10-02T12:23:49.3623743Z [FINE] SyncQueueManager: Queue processing already in progress. Skipping.
2026-10-02T12:23:49.3624821Z [INFO] SyncQueueManager: Enqueuing offline item [attendance_records_update_158a7077-dbdf-4d31-a4f1-cfa1a45418ba_1790943245290455] for entity "attendance_records" (update)
2026-10-02T12:23:49.3625852Z SyncQueueManager: INFO: Enqueuing offline item [attendance_records_update_158a7077-dbdf-4d31-a4f1-cfa1a45418ba_1790943245290455] for entity "attendance_records" (update) 
2026-10-02T12:23:49.3626263Z [FINE] SyncQueueManager: Queue processing already in progress. Skipping.
2026-10-02T12:23:49.3627226Z [INFO] SyncQueueManager: Enqueuing offline item [attendance_records_update_7b78b731-4918-4f1a-b617-a507c5cf6e50_1790943245295427] for entity "attendance_records" (update)
2026-10-02T12:23:49.3628313Z SyncQueueManager: INFO: Enqueuing offline item [attendance_records_update_7b78b731-4918-4f1a-b617-a507c5cf6e50_1790943245295427] for entity "attendance_records" (update) 
2026-10-02T12:23:49.3628732Z [FINE] SyncQueueManager: Queue processing already in progress. Skipping.
2026-10-02T12:23:49.3628979Z [INFO] GoRouter: popping /teams/attendance
2026-10-02T12:23:49.3629213Z GoRouter: INFO: popping /teams/attendance 
2026-10-02T12:23:49.3629446Z [INFO] GoRouter: restoring /teams/attendance
2026-10-02T12:23:49.3629689Z GoRouter: INFO: restoring /teams/attendance 
2026-10-02T12:23:49.3630981Z [FINEST] supabase.postgrest: Request: GET ***/rest/v1/attendance_records?select=%2A%2Cusers%21attendance_records_user_id_fkey%28name%29&deleted_at=is.null
2026-10-02T12:23:49.3631805Z [FINEST] supabase.postgrest: Request: POST ***/rest/v1/attendance_records?on_conflict=user_id%2Cdate
2026-10-02T12:23:49.3632641Z [INFO] SyncQueueManager: Successfully synced queue item [attendance_records_update_342ea01e-722e-4142-9244-060552cd9e41_1790943232987281].
2026-10-02T12:23:49.3633825Z SyncQueueManager: INFO: Successfully synced queue item [attendance_records_update_342ea01e-722e-4142-9244-060552cd9e41_1790943232987281]. 
2026-10-02T12:23:49.3634771Z [INFO] SyncQueueManager: Syncing queue item [attendance_records_update_c1e2010f-5cfd-41bb-b457-82a981b16c0c_1790943233210173] (attendance_records:update)
2026-10-02T12:23:49.3635946Z SyncQueueManager: INFO: Syncing queue item [attendance_records_update_c1e2010f-5cfd-41bb-b457-82a981b16c0c_1790943233210173] (attendance_records:update) 
2026-10-02T12:23:49.3636876Z [INFO] AttendanceSyncRegistrar: Processing attendance sync item [attendance_records_update_c1e2010f-5cfd-41bb-b457-82a981b16c0c_1790943233210173]: update
2026-10-02T12:23:49.3637761Z AttendanceSyncRegistrar: INFO: Processing attendance sync item [attendance_records_update_c1e2010f-5cfd-41bb-b457-82a981b16c0c_1790943233210173]: update 
2026-10-02T12:23:49.3639099Z [FINEST] supabase.postgrest: Request: GET ***/rest/v1/attendance_records?select=%2A%2Cusers%21attendance_records_user_id_fkey%28name%29&id=eq.c1e2010f-5cfd-41bb-b457-82a981b16c0c
2026-10-02T12:23:49.3639988Z [FINEST] supabase.postgrest: Request: POST ***/rest/v1/attendance_records?on_conflict=user_id%2Cdate
2026-10-02T12:23:49.3640766Z [INFO] SyncQueueManager: Successfully synced queue item [attendance_records_update_c1e2010f-5cfd-41bb-b457-82a981b16c0c_1790943233210173].
2026-10-02T12:23:49.3641636Z SyncQueueManager: INFO: Successfully synced queue item [attendance_records_update_c1e2010f-5cfd-41bb-b457-82a981b16c0c_1790943233210173]. 
2026-10-02T12:23:49.3642691Z [INFO] SyncQueueManager: Syncing queue item [attendance_records_update_158a7077-dbdf-4d31-a4f1-cfa1a45418ba_1790943233226430] (attendance_records:update)
2026-10-02T12:23:49.3643944Z SyncQueueManager: INFO: Syncing queue item [attendance_records_update_158a7077-dbdf-4d31-a4f1-cfa1a45418ba_1790943233226430] (attendance_records:update) 
2026-10-02T12:23:49.3644919Z [INFO] AttendanceSyncRegistrar: Processing attendance sync item [attendance_records_update_158a7077-dbdf-4d31-a4f1-cfa1a45418ba_1790943233226430]: update
2026-10-02T12:23:49.3645952Z AttendanceSyncRegistrar: INFO: Processing attendance sync item [attendance_records_update_158a7077-dbdf-4d31-a4f1-cfa1a45418ba_1790943233226430]: update 
2026-10-02T12:23:49.3647788Z [FINEST] supabase.postgrest: Request: GET ***/rest/v1/attendance_records?select=%2A%2Cusers%21attendance_records_user_id_fkey%28name%29&id=eq.158a7077-dbdf-4d31-a4f1-cfa1a45418ba
2026-10-02T12:23:49.3649095Z [FINEST] supabase.postgrest: Request: POST ***/rest/v1/attendance_records?on_conflict=user_id%2Cdate
2026-10-02T12:23:49.3649869Z [INFO] SyncQueueManager: Successfully synced queue item [attendance_records_update_158a7077-dbdf-4d31-a4f1-cfa1a45418ba_1790943233226430].
2026-10-02T12:23:49.3650629Z SyncQueueManager: INFO: Successfully synced queue item [attendance_records_update_158a7077-dbdf-4d31-a4f1-cfa1a45418ba_1790943233226430]. 
2026-10-02T12:23:49.3651454Z [INFO] SyncQueueManager: Syncing queue item [attendance_records_update_7b78b731-4918-4f1a-b617-a507c5cf6e50_1790943233258359] (attendance_records:update)
2026-10-02T12:23:49.3652336Z SyncQueueManager: INFO: Syncing queue item [attendance_records_update_7b78b731-4918-4f1a-b617-a507c5cf6e50_1790943233258359] (attendance_records:update) 
2026-10-02T12:23:49.3653483Z [INFO] AttendanceSyncRegistrar: Processing attendance sync item [attendance_records_update_7b78b731-4918-4f1a-b617-a507c5cf6e50_1790943233258359]: update
2026-10-02T12:23:49.3654283Z AttendanceSyncRegistrar: INFO: Processing attendance sync item [attendance_records_update_7b78b731-4918-4f1a-b617-a507c5cf6e50_1790943233258359]: update 
2026-10-02T12:23:49.3655576Z [FINEST] supabase.postgrest: Request: GET ***/rest/v1/attendance_records?select=%2A%2Cusers%21attendance_records_user_id_fkey%28name%29&id=eq.7b78b731-4918-4f1a-b617-a507c5cf6e50
2026-10-02T12:23:49.3656453Z [FINEST] supabase.postgrest: Request: POST ***/rest/v1/attendance_records?on_conflict=user_id%2Cdate
2026-10-02T12:23:49.3657319Z [INFO] SyncQueueManager: Successfully synced queue item [attendance_records_update_7b78b731-4918-4f1a-b617-a507c5cf6e50_1790943233258359].
2026-10-02T12:23:49.3658231Z SyncQueueManager: INFO: Successfully synced queue item [attendance_records_update_7b78b731-4918-4f1a-b617-a507c5cf6e50_1790943233258359]. 
2026-10-02T12:23:49.3659500Z [INFO] SyncQueueManager: Syncing queue item [attendance_records_update_6cf98b57-09c3-4403-84b7-12e773a6ce87_1790943245040820] (attendance_records:update)
2026-10-02T12:23:49.3660435Z SyncQueueManager: INFO: Syncing queue item [attendance_records_update_6cf98b57-09c3-4403-84b7-12e773a6ce87_1790943245040820] (attendance_records:update) 
2026-10-02T12:23:49.3661277Z [INFO] AttendanceSyncRegistrar: Processing attendance sync item [attendance_records_update_6cf98b57-09c3-4403-84b7-12e773a6ce87_1790943245040820]: update
2026-10-02T12:23:49.3662233Z AttendanceSyncRegistrar: INFO: Processing attendance sync item [attendance_records_update_6cf98b57-09c3-4403-84b7-12e773a6ce87_1790943245040820]: update 
2026-10-02T12:23:49.3663929Z [FINEST] supabase.postgrest: Request: GET ***/rest/v1/attendance_records?select=%2A%2Cusers%21attendance_records_user_id_fkey%28name%29&id=eq.6cf98b57-09c3-4403-84b7-12e773a6ce87
2026-10-02T12:23:49.3664790Z [FINEST] supabase.postgrest: Request: POST ***/rest/v1/attendance_records?on_conflict=user_id%2Cdate
2026-10-02T12:23:49.3665615Z [INFO] SyncQueueManager: Successfully synced queue item [attendance_records_update_6cf98b57-09c3-4403-84b7-12e773a6ce87_1790943245040820].
2026-10-02T12:23:49.3666384Z SyncQueueManager: INFO: Successfully synced queue item [attendance_records_update_6cf98b57-09c3-4403-84b7-12e773a6ce87_1790943245040820]. 
2026-10-02T12:23:49.3667283Z [INFO] SyncQueueManager: Syncing queue item [attendance_records_update_67c5f4cd-b76d-4d33-ac7c-a0c7eb5f1db6_1790943245061328] (attendance_records:update)
2026-10-02T12:23:49.3668293Z SyncQueueManager: INFO: Syncing queue item [attendance_records_update_67c5f4cd-b76d-4d33-ac7c-a0c7eb5f1db6_1790943245061328] (attendance_records:update) 
2026-10-02T12:23:49.3669413Z [INFO] AttendanceSyncRegistrar: Processing attendance sync item [attendance_records_update_67c5f4cd-b76d-4d33-ac7c-a0c7eb5f1db6_1790943245061328]: update
2026-10-02T12:23:49.3670348Z AttendanceSyncRegistrar: INFO: Processing attendance sync item [attendance_records_update_67c5f4cd-b76d-4d33-ac7c-a0c7eb5f1db6_1790943245061328]: update 
2026-10-02T12:23:49.3671837Z [FINEST] supabase.postgrest: Request: GET ***/rest/v1/attendance_records?select=%2A%2Cusers%21attendance_records_user_id_fkey%28name%29&id=eq.67c5f4cd-b76d-4d33-ac7c-a0c7eb5f1db6
2026-10-02T12:23:49.3672784Z [FINEST] supabase.postgrest: Request: POST ***/rest/v1/attendance_records?on_conflict=user_id%2Cdate
2026-10-02T12:23:49.3673887Z [INFO] SyncQueueManager: Successfully synced queue item [attendance_records_update_67c5f4cd-b76d-4d33-ac7c-a0c7eb5f1db6_1790943245061328].
2026-10-02T12:23:49.3674739Z SyncQueueManager: INFO: Successfully synced queue item [attendance_records_update_67c5f4cd-b76d-4d33-ac7c-a0c7eb5f1db6_1790943245061328]. 
2026-10-02T12:23:49.3675309Z ##[endgroup]
2026-10-02T12:23:49.3676950Z [FINEST] supabase.postgrest: Request: GET ***/rest/v1/attendance_records?select=%2A%2Cusers%21attendance_records_user_id_fkey%28name%29&deleted_at=is.null
2026-10-02T12:23:49.3677345Z Running Gradle task 'assembleDebug'...                             41.8s
2026-10-02T12:23:49.3677923Z ✓ Built build/app/outputs/flutter-apk/app-debug.apk
2026-10-02T12:23:49.3678335Z Installing build/app/outputs/flutter-apk/app-debug.apk...        1,083ms
2026-10-02T12:23:49.3680348Z ##[group]✅ /home/runner/work/mine-flow-app/mine-flow-app/integration_test/journeys/cut_fill_journey_test.dart: Cut/Fill Journey (STEP-45.5) login, create cut/fill with BCM/LCM, edit with negative elevation, and verify current semantics
2026-10-02T12:23:49.3680733Z [CONFIG] supabase.supabase_flutter: Initialize Supabase v2.17.2
2026-10-02T12:23:49.3682057Z [CONFIG] supabase.auth: Initialize GoTrueClient v2.27.2 with url: ***/auth/v1, autoRefreshToken: <redacted>, flowType: pkce, tickDuration: 0:00:10.000000, tickThreshold: 3
2026-10-02T12:23:49.3684121Z [FINEST] supabase.auth: Initialize with headers: {X-Client-Info: supabase-flutter/2.17.2; platform=Android; platform-version=sdk_gphone64_x86_64-userdebug 13 TE1A.240213.009 12342917 dev-keys; runtime=dart; runtime-version=3.13.1, apikey: <redacted>, Authorization: ***
2026-10-02T12:23:49.3684666Z [FINE] supabase.auth: Stopping auto refresh
2026-10-02T12:23:49.3684906Z [FINE] supabase.auth: Starting auto refresh
2026-10-02T12:23:49.3685778Z [CONFIG] supabase.postgrest: Initialize PostgrestClient with url: ***/rest/v1, schema: public
2026-10-02T12:23:49.3687178Z [FINEST] supabase.postgrest: Initialize with headers: {X-Client-Info: supabase-flutter/2.17.2; platform=Android; platform-version=sdk_gphone64_x86_64-userdebug 13 TE1A.240213.009 12342917 dev-keys; runtime=dart; runtime-version=3.13.1}
2026-10-02T12:23:49.3688183Z [CONFIG] supabase.functions: Initialize FunctionsClient v2.7.1 with url '***/functions/v1' and region 'null'
2026-10-02T12:23:49.3689858Z [FINEST] supabase.functions: Initialize with headers: {X-Client-Info: supabase-flutter/2.17.2; platform=Android; platform-version=sdk_gphone64_x86_64-userdebug 13 TE1A.240213.009 12342917 dev-keys; runtime=dart; runtime-version=3.13.1}
2026-10-02T12:23:49.3690832Z [CONFIG] supabase.storage: Initialize SupabaseStorageClient v2.8.0 with url: ***/storage/v1, retryAttempts: 0
2026-10-02T12:23:49.3692286Z [FINEST] supabase.storage: Initialize with headers: {X-Client-Info: supabase-flutter/2.17.2; platform=Android; platform-version=sdk_gphone64_x86_64-userdebug 13 TE1A.240213.009 12342917 dev-keys; runtime=dart; runtime-version=3.13.1}
2026-10-02T12:23:49.3693720Z [CONFIG] supabase.realtime: Initialize RealtimeClient with endpoint: wss://rpdnonpivoyhghzolyzv.supabase.co/realtime/v1, timeout: 0:00:10.000000, heartbeatIntervalMs: 25000, logLevel: null
2026-10-02T12:23:49.3695591Z [FINEST] supabase.realtime: Initialize with headers: {apikey: <redacted>, X-Client-Info: supabase-flutter/2.17.2; platform=Android; platform-version=sdk_gphone64_x86_64-userdebug 13 TE1A.240213.009 12342917 dev-keys; runtime=dart; runtime-version=3.13.1}, params: {apikey: <redacted>}
2026-10-02T12:23:49.3696086Z [CONFIG] supabase.supabase: Initialize SupabaseClient v2.16.1 with no custom access token
2026-10-02T12:23:49.3696828Z [FINEST] supabase.auth: onAuthStateChange: AuthState(event: initialSession, session: null, fromBroadcast: false, signOutReason: null)
2026-10-02T12:23:49.3697142Z [FINE] supabase.supabase_flutter: Starting deeplink observer
2026-10-02T12:23:49.3697497Z [INFO] supabase.supabase_flutter: ***** Supabase init completed *****
2026-10-02T12:23:49.3697845Z supabase.supabase_flutter: INFO: ***** Supabase init completed ***** 
2026-10-02T12:23:49.3698302Z [INFO] ConnectivityService: Connectivity changed → online
2026-10-02T12:23:49.3698707Z ConnectivityService: INFO: Connectivity changed → online 
2026-10-02T12:23:49.3699131Z [INFO] SyncQueueManager: Network connectivity restored. Triggering queue sync.
2026-10-02T12:23:49.3699550Z SyncQueueManager: INFO: Network connectivity restored. Triggering queue sync. 
2026-10-02T12:23:49.3699848Z [FINE] SyncQueueManager: No pending sync items to process.
2026-10-02T12:23:49.3700355Z [INFO] SyncQueueManager: Registered sync handler for entity type: data_bucket_metadata_sync
2026-10-02T12:23:49.3700875Z SyncQueueManager: INFO: Registered sync handler for entity type: data_bucket_metadata_sync 
2026-10-02T12:23:49.3701358Z [INFO] DataBucketSyncRegistrar: Registered sync handler for data_bucket_metadata_sync
2026-10-02T12:23:49.3701836Z DataBucketSyncRegistrar: INFO: Registered sync handler for data_bucket_metadata_sync 
2026-10-02T12:23:49.3702288Z [INFO] SyncQueueManager: Registered sync handler for entity type: cut_fill_records
2026-10-02T12:23:49.3702731Z SyncQueueManager: INFO: Registered sync handler for entity type: cut_fill_records 
2026-10-02T12:23:49.3703958Z [INFO] TrackingSyncRegistrar: Registered sync handler for cut_fill_records
2026-10-02T12:23:49.3704400Z TrackingSyncRegistrar: INFO: Registered sync handler for cut_fill_records 
2026-10-02T12:23:49.3704902Z [INFO] SyncQueueManager: Registered sync handler for entity type: land_clearing_records
2026-10-02T12:23:49.3705386Z SyncQueueManager: INFO: Registered sync handler for entity type: land_clearing_records 
2026-10-02T12:23:49.3706139Z [INFO] TrackingSyncRegistrar: Registered sync handler for land_clearing_records
2026-10-02T12:23:49.3706579Z TrackingSyncRegistrar: INFO: Registered sync handler for land_clearing_records 
2026-10-02T12:23:49.3706998Z [INFO] SyncQueueManager: Registered sync handler for entity type: inventory_items
2026-10-02T12:23:49.3707405Z SyncQueueManager: INFO: Registered sync handler for entity type: inventory_items 
2026-10-02T12:23:49.3707775Z [INFO] TrackingSyncRegistrar: Registered sync handler for inventory_items
2026-10-02T12:23:49.3708172Z TrackingSyncRegistrar: INFO: Registered sync handler for inventory_items 
2026-10-02T12:23:49.3708630Z [INFO] SyncQueueManager: Registered sync handler for entity type: inventory_transactions
2026-10-02T12:23:49.3709119Z SyncQueueManager: INFO: Registered sync handler for entity type: inventory_transactions 
2026-10-02T12:23:49.3709516Z [INFO] TrackingSyncRegistrar: Registered sync handler for inventory_transactions
2026-10-02T12:23:49.3709933Z TrackingSyncRegistrar: INFO: Registered sync handler for inventory_transactions 
2026-10-02T12:23:49.3710335Z [INFO] SyncQueueManager: Registered sync handler for entity type: attendance_records
2026-10-02T12:23:49.3710753Z SyncQueueManager: INFO: Registered sync handler for entity type: attendance_records 
2026-10-02T12:23:49.3711126Z [INFO] AttendanceSyncRegistrar: Registered sync handler for attendance_records
2026-10-02T12:23:49.3711499Z AttendanceSyncRegistrar: INFO: Registered sync handler for attendance_records 
2026-10-02T12:23:49.3711860Z [INFO] SyncQueueManager: Registered sync handler for entity type: daily_logs
2026-10-02T12:23:49.3712277Z SyncQueueManager: INFO: Registered sync handler for entity type: daily_logs 
2026-10-02T12:23:49.3712608Z [INFO] DailyLogSyncRegistrar: Registered sync handler for daily_logs
2026-10-02T12:23:49.3713477Z DailyLogSyncRegistrar: INFO: Registered sync handler for daily_logs 
2026-10-02T12:23:49.3713996Z [INFO] SyncQueueManager: Registered sync handler for entity type: equipment_checks
2026-10-02T12:23:49.3714541Z SyncQueueManager: INFO: Registered sync handler for entity type: equipment_checks 
2026-10-02T12:23:49.3715003Z [INFO] EquipmentCheckSyncRegistrar: Registered sync handler for equipment_checks
2026-10-02T12:23:49.3715523Z EquipmentCheckSyncRegistrar: INFO: Registered sync handler for equipment_checks 
2026-10-02T12:23:49.3715955Z [INFO] SyncQueueManager: Registered sync handler for entity type: benchmarks
2026-10-02T12:23:49.3716373Z SyncQueueManager: INFO: Registered sync handler for entity type: benchmarks 
2026-10-02T12:23:49.3716789Z [INFO] BenchmarkSyncRegistrar: Registered sync handler for benchmarks
2026-10-02T12:23:49.3717197Z BenchmarkSyncRegistrar: INFO: Registered sync handler for benchmarks 
2026-10-02T12:23:49.3717427Z [INFO] GoRouter: Full paths for routes:
2026-10-02T12:23:49.3717721Z ├─/login (LoginPage)
2026-10-02T12:23:49.3718036Z ├─/privacy-gate (PrivacyAckPage)
2026-10-02T12:23:49.3718413Z ├─/__interaction-fixture (AppInteractionFixturePage)
2026-10-02T12:23:49.3718846Z │ └─/__interaction-fixture/form (AppInteractionFixturePage)
2026-10-02T12:23:49.3719061Z ├─ (ShellRoute)
2026-10-02T12:23:49.3719323Z │ ├─/ (BlocProvider<DashboardCubit>)
2026-10-02T12:23:49.3719601Z │ ├─/tools (GroupLandingPage)
2026-10-02T12:23:49.3719944Z │ │ └─/tools/data-bucket (DataBucketListPage)
2026-10-02T12:23:49.3720219Z │ │   ├─/tools/data-bucket/upload 
2026-10-02T12:23:49.3720448Z │ │   └─/tools/data-bucket/:id 
2026-10-02T12:23:49.3720708Z │ ├─/operations (GroupLandingPage)
2026-10-02T12:23:49.3721009Z │ │ ├─/operations/cut-fill (CutFillListScreen)
2026-10-02T12:23:49.3721270Z │ │ │ ├─/operations/cut-fill/form 
2026-10-02T12:23:49.3721553Z │ │ │ └─/operations/cut-fill/:id/form 
2026-10-02T12:23:49.3722007Z │ │ ├─/operations/land-clearing (LandClearingSummaryScreen)
2026-10-02T12:23:49.3722331Z │ │ │ ├─/operations/land-clearing/form 
2026-10-02T12:23:49.3722620Z │ │ │ ├─/operations/land-clearing/:id 
2026-10-02T12:23:49.3723620Z │ │ │ └─/operations/land-clearing/:id/form 
2026-10-02T12:23:49.3724003Z │ │ └─/operations/benchmark-db (BenchmarkListScreen)
2026-10-02T12:23:49.3724417Z │ │   ├─/operations/benchmark-db/form (BenchmarkFormScreen)
2026-10-02T12:23:49.3724828Z │ │   ├─/operations/benchmark-db/:id 
2026-10-02T12:23:49.3725237Z │ │   └─/operations/benchmark-db/:id/form 
2026-10-02T12:23:49.3725710Z │ ├─/teams (GroupLandingPage)
2026-10-02T12:23:49.3726101Z │ │ ├─/teams/attendance (AttendanceScreen)
2026-10-02T12:23:49.3738869Z │ │ │ └─/teams/attendance/form 
2026-10-02T12:23:49.3739252Z │ │ ├─/teams/daily-log (DailyLogListScreen)
2026-10-02T12:23:49.3739480Z │ │ │ ├─/teams/daily-log/form 
2026-10-02T12:23:49.3739770Z │ │ │ └─/teams/daily-log/:id/form 
2026-10-02T12:23:49.3740095Z │ │ ├─/teams/inventory (InventoryDashboardScreen)
2026-10-02T12:23:49.3740394Z │ │ │ ├─/teams/inventory/form 
2026-10-02T12:23:49.3740667Z │ │ │ ├─/teams/inventory/:id 
2026-10-02T12:23:49.3740917Z │ │ │ └─/teams/inventory/:id/form 
2026-10-02T12:23:49.3741292Z │ │ ├─/teams/equipment-check (EquipmentHistoryScreen)
2026-10-02T12:23:49.3741526Z │ │ │ ├─/teams/equipment-check/form 
2026-10-02T12:23:49.3741744Z │ │ │ └─/teams/equipment-check/:id 
2026-10-02T12:23:49.3741963Z │ │ └─/teams/timeline (TimelinePage)
2026-10-02T12:23:49.3742174Z │ └─/settings (SettingsPage)
2026-10-02T12:23:49.3742435Z │   └─/settings/profile/form (ProfileEditPage)
2026-10-02T12:23:49.3742620Z ├─/reports/config (Widget)
2026-10-02T12:23:49.3742885Z └─/notifications (BlocProvider<NotificationCubit>)
2026-10-02T12:23:49.3743423Z known full paths for route names:
2026-10-02T12:23:49.3743580Z   login => /login
2026-10-02T12:23:49.3743740Z   privacy-gate => /privacy-gate
2026-10-02T12:23:49.3743937Z   interaction-fixture => /__interaction-fixture
2026-10-02T12:23:49.3744176Z   interaction-fixture-form => /__interaction-fixture/form
2026-10-02T12:23:49.3744525Z   dashboard => /
2026-10-02T12:23:49.3744672Z   tools => /tools
2026-10-02T12:23:49.3744833Z   data-bucket => /tools/data-bucket
2026-10-02T12:23:49.3745035Z   data-bucket-upload => /tools/data-bucket/upload
2026-10-02T12:23:49.3745218Z   data-bucket-detail => /tools/data-bucket/:id
2026-10-02T12:23:49.3745364Z   operations => /operations
2026-10-02T12:23:49.3745516Z   cut-fill => /operations/cut-fill
2026-10-02T12:23:49.3745744Z   cut-fill-create => /operations/cut-fill/form
2026-10-02T12:23:49.3745999Z   cut-fill-edit => /operations/cut-fill/:id/form
2026-10-02T12:23:49.3746199Z   land-clearing => /operations/land-clearing
2026-10-02T12:23:49.3746500Z   land-clearing-create => /operations/land-clearing/form
2026-10-02T12:23:49.3746793Z   land-clearing-detail => /operations/land-clearing/:id
2026-10-02T12:23:49.3747085Z   land-clearing-edit => /operations/land-clearing/:id/form
2026-10-02T12:23:49.3747301Z   benchmark-db => /operations/benchmark-db
2026-10-02T12:23:49.3747535Z   benchmark-form => /operations/benchmark-db/form
2026-10-02T12:23:49.3747785Z   benchmark-detail => /operations/benchmark-db/:id
2026-10-02T12:23:49.3748044Z   benchmark-edit => /operations/benchmark-db/:id/form
2026-10-02T12:23:49.3748197Z   teams => /teams
2026-10-02T12:23:49.3748368Z   attendance => /teams/attendance
2026-10-02T12:23:49.3748572Z   attendance-form => /teams/attendance/form
2026-10-02T12:23:49.3748748Z   daily-log => /teams/daily-log
2026-10-02T12:23:49.3748936Z   daily-log-form => /teams/daily-log/form
2026-10-02T12:23:49.3749191Z   daily-log-record-form => /teams/daily-log/:id/form
2026-10-02T12:23:49.3749374Z   inventory => /teams/inventory
2026-10-02T12:23:49.3749564Z   inventory-form => /teams/inventory/form
2026-10-02T12:23:49.3749759Z   inventory-detail => /teams/inventory/:id
2026-10-02T12:23:49.3749973Z   inventory-edit => /teams/inventory/:id/form
2026-10-02T12:23:49.3750174Z   equipment-check => /teams/equipment-check
2026-10-02T12:23:49.3750427Z   equipment-check-form => /teams/equipment-check/form
2026-10-02T12:23:49.3750678Z   equipment-check-detail => /teams/equipment-check/:id
2026-10-02T12:23:49.3750840Z   timeline => /teams/timeline
2026-10-02T12:23:49.3751242Z   settings => /settings
2026-10-02T12:23:49.3751460Z   settings-profile => /settings/profile/form
2026-10-02T12:23:49.3751651Z   report-config => /reports/config
2026-10-02T12:23:49.3751832Z   notifications => /notifications
2026-10-02T12:23:49.3751842Z 
2026-10-02T12:23:49.3752037Z GoRouter: INFO: Full paths for routes:
2026-10-02T12:23:49.3752297Z ├─/login (LoginPage)
2026-10-02T12:23:49.3752550Z ├─/privacy-gate (PrivacyAckPage)
2026-10-02T12:23:49.3752897Z ├─/__interaction-fixture (AppInteractionFixturePage)
2026-10-02T12:23:49.3753611Z │ └─/__interaction-fixture/form (AppInteractionFixturePage)
2026-10-02T12:23:49.3753826Z ├─ (ShellRoute)
2026-10-02T12:23:49.3754091Z │ ├─/ (BlocProvider<DashboardCubit>)
2026-10-02T12:23:49.3754327Z │ ├─/tools (GroupLandingPage)
2026-10-02T12:23:49.3754640Z │ │ └─/tools/data-bucket (DataBucketListPage)
2026-10-02T12:23:49.3754887Z │ │   ├─/tools/data-bucket/upload 
2026-10-02T12:23:49.3755119Z │ │   └─/tools/data-bucket/:id 
2026-10-02T12:23:49.3755390Z │ ├─/operations (GroupLandingPage)
2026-10-02T12:23:49.3755676Z │ │ ├─/operations/cut-fill (CutFillListScreen)
2026-10-02T12:23:49.3755911Z │ │ │ ├─/operations/cut-fill/form 
2026-10-02T12:23:49.3756160Z │ │ │ └─/operations/cut-fill/:id/form 
2026-10-02T12:23:49.3756517Z │ │ ├─/operations/land-clearing (LandClearingSummaryScreen)
2026-10-02T12:23:49.3756774Z │ │ │ ├─/operations/land-clearing/form 
2026-10-02T12:23:49.3757023Z │ │ │ ├─/operations/land-clearing/:id 
2026-10-02T12:23:49.3757274Z │ │ │ └─/operations/land-clearing/:id/form 
2026-10-02T12:23:49.3757660Z │ │ └─/operations/benchmark-db (BenchmarkListScreen)
2026-10-02T12:23:49.3758006Z │ │   ├─/operations/benchmark-db/form (BenchmarkFormScreen)
2026-10-02T12:23:49.3758238Z │ │   ├─/operations/benchmark-db/:id 
2026-10-02T12:23:49.3758469Z │ │   └─/operations/benchmark-db/:id/form 
2026-10-02T12:23:49.3759008Z │ ├─/teams (GroupLandingPage)
2026-10-02T12:23:49.3759309Z │ │ ├─/teams/attendance (AttendanceScreen)
2026-10-02T12:23:49.3759551Z │ │ │ └─/teams/attendance/form 
2026-10-02T12:23:49.3759808Z │ │ ├─/teams/daily-log (DailyLogListScreen)
2026-10-02T12:23:49.3760021Z │ │ │ ├─/teams/daily-log/form 
2026-10-02T12:23:49.3760238Z │ │ │ └─/teams/daily-log/:id/form 
2026-10-02T12:23:49.3760520Z │ │ ├─/teams/inventory (InventoryDashboardScreen)
2026-10-02T12:23:49.3760714Z │ │ │ ├─/teams/inventory/form 
2026-10-02T12:23:49.3760896Z │ │ │ ├─/teams/inventory/:id 
2026-10-02T12:23:49.3761096Z │ │ │ └─/teams/inventory/:id/form 
2026-10-02T12:23:49.3761368Z │ │ ├─/teams/equipment-check (EquipmentHistoryScreen)
2026-10-02T12:23:49.3761618Z │ │ │ ├─/teams/equipment-check/form 
2026-10-02T12:23:49.3761864Z │ │ │ └─/teams/equipment-check/:id 
2026-10-02T12:23:49.3762101Z │ │ └─/teams/timeline (TimelinePage)
2026-10-02T12:23:49.3762324Z │ └─/settings (SettingsPage)
2026-10-02T12:23:49.3762630Z │   └─/settings/profile/form (ProfileEditPage)
2026-10-02T12:23:49.3762844Z ├─/reports/config (Widget)
2026-10-02T12:23:49.3763405Z └─/notifications (BlocProvider<NotificationCubit>)
2026-10-02T12:23:49.3763611Z known full paths for route names:
2026-10-02T12:23:49.3763760Z   login => /login
2026-10-02T12:23:49.3763935Z   privacy-gate => /privacy-gate
2026-10-02T12:23:49.3764161Z   interaction-fixture => /__interaction-fixture
2026-10-02T12:23:49.3764446Z   interaction-fixture-form => /__interaction-fixture/form
2026-10-02T12:23:49.3764601Z   dashboard => /
2026-10-02T12:23:49.3764773Z   tools => /tools
2026-10-02T12:23:49.3764974Z   data-bucket => /tools/data-bucket
2026-10-02T12:23:49.3765236Z   data-bucket-upload => /tools/data-bucket/upload
2026-10-02T12:23:49.3765483Z   data-bucket-detail => /tools/data-bucket/:id
2026-10-02T12:23:49.3765676Z   operations => /operations
2026-10-02T12:23:49.3765881Z   cut-fill => /operations/cut-fill
2026-10-02T12:23:49.3766124Z   cut-fill-create => /operations/cut-fill/form
2026-10-02T12:23:49.3766396Z   cut-fill-edit => /operations/cut-fill/:id/form
2026-10-02T12:23:49.3766635Z   land-clearing => /operations/land-clearing
2026-10-02T12:23:49.3767203Z   land-clearing-create => /operations/land-clearing/form
2026-10-02T12:23:49.3767499Z   land-clearing-detail => /operations/land-clearing/:id
2026-10-02T12:23:49.3767810Z   land-clearing-edit => /operations/land-clearing/:id/form
2026-10-02T12:23:49.3768065Z   benchmark-db => /operations/benchmark-db
2026-10-02T12:23:49.3768344Z   benchmark-form => /operations/benchmark-db/form
2026-10-02T12:23:49.3768646Z   benchmark-detail => /operations/benchmark-db/:id
2026-10-02T12:23:49.3768937Z   benchmark-edit => /operations/benchmark-db/:id/form
2026-10-02T12:23:49.3769120Z   teams => /teams
2026-10-02T12:23:49.3769326Z   attendance => /teams/attendance
2026-10-02T12:23:49.3769558Z   attendance-form => /teams/attendance/form
2026-10-02T12:23:49.3769757Z   daily-log => /teams/daily-log
2026-10-02T12:23:49.3769982Z   daily-log-form => /teams/daily-log/form
2026-10-02T12:23:49.3770278Z   daily-log-record-form => /teams/daily-log/:id/form
2026-10-02T12:23:49.3770483Z   inventory => /teams/inventory
2026-10-02T12:23:49.3770720Z   inventory-form => /teams/inventory/form
2026-10-02T12:23:49.3770958Z   inventory-detail => /teams/inventory/:id
2026-10-02T12:23:49.3771180Z   inventory-edit => /teams/inventory/:id/form
2026-10-02T12:23:49.3771393Z   equipment-check => /teams/equipment-check
2026-10-02T12:23:49.3771658Z   equipment-check-form => /teams/equipment-check/form
2026-10-02T12:23:49.3771907Z   equipment-check-detail => /teams/equipment-check/:id
2026-10-02T12:23:49.3772059Z   timeline => /teams/timeline
2026-10-02T12:23:49.3772211Z   settings => /settings
2026-10-02T12:23:49.3772404Z   settings-profile => /settings/profile/form
2026-10-02T12:23:49.3772593Z   report-config => /reports/config
2026-10-02T12:23:49.3772778Z   notifications => /notifications
2026-10-02T12:23:49.3773191Z  
2026-10-02T12:23:49.3773716Z [INFO] GoRouter: setting initial location /login
2026-10-02T12:23:49.3774631Z GoRouter: INFO: setting initial location /login 
2026-10-02T12:23:49.3774884Z [INFO] GoRouter: Using WidgetsApp configuration
2026-10-02T12:23:49.3775111Z GoRouter: INFO: Using WidgetsApp configuration 
2026-10-02T12:23:49.3775301Z [FINE] supabase.auth: Saving session
2026-10-02T12:23:49.3783328Z [FINEST] supabase.auth: Saving session: Session(providerToken: <redacted>, providerRefreshToken: <redacted>, expiresIn: 3600, tokenType: bearer, user: User(id: cb041494-fccd-493b-b73b-50e952366ea8, appMetadata: {provider: email, providers: [email]}, userMetadata: {email_verified: true}, aud: authenticated, confirmationSentAt: null, recoverySentAt: null, emailChangeSentAt: null, newEmail: null, invitedAt: null, actionLink: null, email: ***, phone: , createdAt: 2026-08-29T08:04:41.039217Z, confirmedAt: 2026-08-29T08:04:41.068013Z, emailConfirmedAt: 2026-08-29T08:04:41.068013Z, phoneConfirmedAt: null, lastSignInAt: 2026-10-02T12:15:03.538317241Z, role: authenticated, updatedAt: 2026-10-02T12:15:03.584803Z, identities: [UserIdentity(id: cb041494-fccd-493b-b73b-50e952366ea8, userId: cb041494-fccd-493b-b73b-50e952366ea8, identityData: {email: ***, email_verified: false, phone_verified: false, sub: cb041494-fccd-493b-b73b-50e952366ea8}, identityId: 8d3c9ac0-0cb4-431a-ba43-538637ad8247, provider: email, createdAt: 2026-08-29T08:04:41.062276Z, lastSignInAt: 2026-08-29T08:04:41.062165Z, updatedAt: 2026-08-29T08:04:41.062276Z)], factors: null, isAnonymous: false), accessToken: <redacted>, refreshToken: <redacted>
2026-10-02T12:23:49.3791432Z [FINEST] supabase.auth: onAuthStateChange: AuthState(event: signedIn, session: Session(providerToken: <redacted>, providerRefreshToken: <redacted>, expiresIn: 3600, tokenType: bearer, user: User(id: cb041494-fccd-493b-b73b-50e952366ea8, appMetadata: {provider: email, providers: [email]}, userMetadata: {email_verified: true}, aud: authenticated, confirmationSentAt: null, recoverySentAt: null, emailChangeSentAt: null, newEmail: null, invitedAt: null, actionLink: null, email: ***, phone: , createdAt: 2026-08-29T08:04:41.039217Z, confirmedAt: 2026-08-29T08:04:41.068013Z, emailConfirmedAt: 2026-08-29T08:04:41.068013Z, phoneConfirmedAt: null, lastSignInAt: 2026-10-02T12:15:03.538317241Z, role: authenticated, updatedAt: 2026-10-02T12:15:03.584803Z, identities: [UserIdentity(id: cb041494-fccd-493b-b73b-50e952366ea8, userId: cb041494-fccd-493b-b73b-50e952366ea8, identityData: {email: ***, email_verified: false, phone_verified: false, sub: cb041494-fccd-493b-b73b-50e952366ea8}, identityId: 8d3c9ac0-0cb4-431a-ba43-538637ad8247, provider: email, createdAt: 2026-08-29T08:04:41.062276Z, lastSignInAt: 2026-08-29T08:04:41.062165Z, updatedAt: 2026-08-29T08:04:41.062276Z)], factors: null, isAnonymous: false), accessToken: <redacted>, refreshToken: <redacted>, fromBroadcast: false, signOutReason: null)
2026-10-02T12:23:49.3792619Z [FINEST] supabase.postgrest: Request: GET ***/rest/v1/users?select=%2A&id=eq.cb041494-fccd-493b-b73b-50e952366ea8
2026-10-02T12:23:49.3793926Z [INFO] GoRouter: redirecting to RouteMatchList#04fe0(uri: /privacy-gate, matches: [RouteMatch#228d9(route: GoRoute#82e79(name: "privacy-gate", path: "/privacy-gate"))])
2026-10-02T12:23:49.3795533Z GoRouter: INFO: redirecting to RouteMatchList#04fe0(uri: /privacy-gate, matches: [RouteMatch#228d9(route: GoRoute#82e79(name: "privacy-gate", path: "/privacy-gate"))]) 
2026-10-02T12:23:49.3795733Z [INFO] GoRouter: going to /
2026-10-02T12:23:49.3795904Z GoRouter: INFO: going to / 
2026-10-02T12:23:49.3796147Z [INFO] GoRouter: Using WidgetsApp configuration
2026-10-02T12:23:49.3796379Z GoRouter: INFO: Using WidgetsApp configuration 
2026-10-02T12:23:49.3797553Z [FINEST] supabase.postgrest: Request: GET ***/rest/v1/attendance_records?select=%2A%2Cusers%21attendance_records_user_id_fkey%28name%29&deleted_at=is.null
2026-10-02T12:23:49.3798375Z [FINEST] supabase.postgrest: Request: GET ***/rest/v1/equipment_checks?select=%2A&deleted_at=is.null
2026-10-02T12:23:49.3798930Z [FINE] SyncQueueManager: No pending sync items to process.
2026-10-02T12:23:49.3799780Z [FINEST] supabase.postgrest: Request: GET ***/rest/v1/cut_fill_records?select=%2A&deleted_at=is.null
2026-10-02T12:23:49.3800017Z [INFO] GoRouter: going to /operations/cut-fill
2026-10-02T12:23:49.3800234Z GoRouter: INFO: going to /operations/cut-fill 
2026-10-02T12:23:49.3800456Z [INFO] GoRouter: Using WidgetsApp configuration
2026-10-02T12:23:49.3800680Z GoRouter: INFO: Using WidgetsApp configuration 
2026-10-02T12:23:49.3800964Z [FINE] SyncQueueManager: No pending sync items to process.
2026-10-02T12:23:49.3801763Z [FINEST] supabase.postgrest: Request: GET ***/rest/v1/cut_fill_records?select=%2A&deleted_at=is.null
2026-10-02T12:23:49.3802595Z [FINEST] supabase.postgrest: Request: GET ***/rest/v1/land_clearing_records?select=%2A&deleted_at=is.null
2026-10-02T12:23:49.3802883Z [INFO] GoRouter: getting location for name: "cut-fill-create"
2026-10-02T12:23:49.3803455Z GoRouter: INFO: getting location for name: "cut-fill-create" 
2026-10-02T12:23:49.3803693Z [INFO] GoRouter: pushing /operations/cut-fill/form
2026-10-02T12:23:49.3803931Z GoRouter: INFO: pushing /operations/cut-fill/form 
2026-10-02T12:23:49.3804759Z [FINEST] supabase.postgrest: Request: GET ***/rest/v1/land_clearing_records?select=%2A&deleted_at=is.null
2026-10-02T12:23:49.3805577Z [FINEST] supabase.postgrest: Request: GET ***/rest/v1/inventory_items?select=%2A&deleted_at=is.null
2026-10-02T12:23:49.3806678Z [FINEST] supabase.postgrest: Request: GET ***/rest/v1/inventory_items?select=%2A&deleted_at=is.null
2026-10-02T12:23:49.3807484Z [INFO] SyncQueueManager: Enqueuing offline item [zones_update_8b216d08-e121-40d1-a180-54d9a9542f09_1790943307903320] for entity "zones" (update)
2026-10-02T12:23:49.3808367Z SyncQueueManager: INFO: Enqueuing offline item [zones_update_8b216d08-e121-40d1-a180-54d9a9542f09_1790943307903320] for entity "zones" (update) 
2026-10-02T12:23:49.3808657Z [INFO] SyncQueueManager: Processing 1 pending sync queue items.
2026-10-02T12:23:49.3808933Z SyncQueueManager: INFO: Processing 1 pending sync queue items. 
2026-10-02T12:23:49.3809501Z [INFO] SyncQueueManager: Syncing queue item [zones_update_8b216d08-e121-40d1-a180-54d9a9542f09_1790943307903320] (zones:update)
2026-10-02T12:23:49.3810335Z SyncQueueManager: INFO: Syncing queue item [zones_update_8b216d08-e121-40d1-a180-54d9a9542f09_1790943307903320] (zones:update) 
2026-10-02T12:23:49.3811274Z [FINEST] supabase.postgrest: Request: GET ***/rest/v1/zones?select=updated_at&id=eq.8b216d08-e121-40d1-a180-54d9a9542f09
2026-10-02T12:23:49.3811518Z [FINER] supabase.auth: Access token expires in 359 ticks
2026-10-02T12:23:49.3811984Z [FINEST] supabase.postgrest: Request: POST ***/rest/v1/zones
2026-10-02T12:23:49.3812560Z [INFO] SyncQueueManager: Successfully synced queue item [zones_update_8b216d08-e121-40d1-a180-54d9a9542f09_1790943307903320].
2026-10-02T12:23:49.3813480Z SyncQueueManager: INFO: Successfully synced queue item [zones_update_8b216d08-e121-40d1-a180-54d9a9542f09_1790943307903320]. 
2026-10-02T12:23:49.3814369Z [INFO] SyncQueueManager: Enqueuing offline item [cut_fill_records_update_7eaed117-0f4e-4ed0-9074-c85573f328d3_1790943311914812] for entity "cut_fill_records" (update)
2026-10-02T12:23:49.3815315Z SyncQueueManager: INFO: Enqueuing offline item [cut_fill_records_update_7eaed117-0f4e-4ed0-9074-c85573f328d3_1790943311914812] for entity "cut_fill_records" (update) 
2026-10-02T12:23:49.3815605Z [INFO] SyncQueueManager: Processing 1 pending sync queue items.
2026-10-02T12:23:49.3815873Z SyncQueueManager: INFO: Processing 1 pending sync queue items. 
2026-10-02T12:23:49.3816554Z [INFO] SyncQueueManager: Syncing queue item [cut_fill_records_update_7eaed117-0f4e-4ed0-9074-c85573f328d3_1790943311914812] (cut_fill_records:update)
2026-10-02T12:23:49.3817239Z SyncQueueManager: INFO: Syncing queue item [cut_fill_records_update_7eaed117-0f4e-4ed0-9074-c85573f328d3_1790943311914812] (cut_fill_records:update) 
2026-10-02T12:23:49.3823711Z [FINEST] supabase.postgrest: Request: POST ***/rest/v1/cut_fill_records?select=%2A
2026-10-02T12:23:49.3824329Z [INFO] GoRouter: popping /operations/cut-fill
2026-10-02T12:23:49.3824725Z GoRouter: INFO: popping /operations/cut-fill 
2026-10-02T12:23:49.3825010Z [INFO] GoRouter: restoring /operations/cut-fill
2026-10-02T12:23:49.3825285Z GoRouter: INFO: restoring /operations/cut-fill 
2026-10-02T12:23:49.3825714Z [FINE] SyncQueueManager: Queue processing already in progress. Skipping.
2026-10-02T12:23:49.3826603Z [FINEST] supabase.postgrest: Request: GET ***/rest/v1/cut_fill_records?select=%2A&deleted_at=is.null
2026-10-02T12:23:49.3827440Z [INFO] SyncQueueManager: Successfully synced queue item [cut_fill_records_update_7eaed117-0f4e-4ed0-9074-c85573f328d3_1790943311914812].
2026-10-02T12:23:49.3828226Z SyncQueueManager: INFO: Successfully synced queue item [cut_fill_records_update_7eaed117-0f4e-4ed0-9074-c85573f328d3_1790943311914812]. 
2026-10-02T12:23:49.3829178Z [FINEST] supabase.postgrest: Request: GET ***/rest/v1/land_clearing_records?select=%2A&deleted_at=is.null
2026-10-02T12:23:49.3830059Z [FINEST] supabase.postgrest: Request: GET ***/rest/v1/inventory_items?select=%2A&deleted_at=is.null
2026-10-02T12:23:49.3830737Z [INFO] GoRouter: getting location for name: "cut-fill-edit", pathParameters: {id: 7eaed117-0f4e-4ed0-9074-c85573f328d3}
2026-10-02T12:23:49.3831417Z GoRouter: INFO: getting location for name: "cut-fill-edit", pathParameters: {id: 7eaed117-0f4e-4ed0-9074-c85573f328d3} 
2026-10-02T12:23:49.3831881Z [INFO] GoRouter: pushing /operations/cut-fill/7eaed117-0f4e-4ed0-9074-c85573f328d3/form
2026-10-02T12:23:49.3832336Z GoRouter: INFO: pushing /operations/cut-fill/7eaed117-0f4e-4ed0-9074-c85573f328d3/form 
2026-10-02T12:23:49.3833683Z [WARNING] GoRouter: An extra with complex data type CutFillRecord is provided without a codec. Consider provide a codec to GoRouter to prevent extra being dropped during serialization.
2026-10-02T12:23:49.3834829Z GoRouter: WARNING: An extra with complex data type CutFillRecord is provided without a codec. Consider provide a codec to GoRouter to prevent extra being dropped during serialization. 
2026-10-02T12:23:49.3835947Z [WARNING] GoRouter: An extra with complex data type CutFillRecord is provided without a codec. Consider provide a codec to GoRouter to prevent extra being dropped during serialization.
2026-10-02T12:23:49.3837434Z GoRouter: WARNING: An extra with complex data type CutFillRecord is provided without a codec. Consider provide a codec to GoRouter to prevent extra being dropped during serialization. 
2026-10-02T12:23:49.3838356Z [INFO] SyncQueueManager: Enqueuing offline item [cut_fill_records_update_7eaed117-0f4e-4ed0-9074-c85573f328d3_1790943318078154] for entity "cut_fill_records" (update)
2026-10-02T12:23:49.3839225Z SyncQueueManager: INFO: Enqueuing offline item [cut_fill_records_update_7eaed117-0f4e-4ed0-9074-c85573f328d3_1790943318078154] for entity "cut_fill_records" (update) 
2026-10-02T12:23:49.3839534Z [INFO] SyncQueueManager: Processing 1 pending sync queue items.
2026-10-02T12:23:49.3839859Z SyncQueueManager: INFO: Processing 1 pending sync queue items. 
2026-10-02T12:23:49.3840619Z [INFO] SyncQueueManager: Syncing queue item [cut_fill_records_update_7eaed117-0f4e-4ed0-9074-c85573f328d3_1790943318078154] (cut_fill_records:update)
2026-10-02T12:23:49.3841407Z SyncQueueManager: INFO: Syncing queue item [cut_fill_records_update_7eaed117-0f4e-4ed0-9074-c85573f328d3_1790943318078154] (cut_fill_records:update) 
2026-10-02T12:23:49.3842242Z [FINEST] supabase.postgrest: Request: POST ***/rest/v1/cut_fill_records?select=%2A
2026-10-02T12:23:49.3842500Z [INFO] GoRouter: popping /operations/cut-fill
2026-10-02T12:23:49.3842740Z GoRouter: INFO: popping /operations/cut-fill 
2026-10-02T12:23:49.3843166Z [INFO] GoRouter: restoring /operations/cut-fill
2026-10-02T12:23:49.3843420Z GoRouter: INFO: restoring /operations/cut-fill 
2026-10-02T12:23:49.3843808Z [FINE] SyncQueueManager: Queue processing already in progress. Skipping.
2026-10-02T12:23:49.3844953Z [FINEST] supabase.postgrest: Request: GET ***/rest/v1/cut_fill_records?select=%2A&deleted_at=is.null
2026-10-02T12:23:49.3845613Z [FINER] supabase.auth: Access token expires in 358 ticks
2026-10-02T12:23:49.3846407Z [INFO] SyncQueueManager: Successfully synced queue item [cut_fill_records_update_7eaed117-0f4e-4ed0-9074-c85573f328d3_1790943318078154].
2026-10-02T12:23:49.3847152Z SyncQueueManager: INFO: Successfully synced queue item [cut_fill_records_update_7eaed117-0f4e-4ed0-9074-c85573f328d3_1790943318078154]. 
2026-10-02T12:23:49.3848130Z [FINEST] supabase.postgrest: Request: GET ***/rest/v1/land_clearing_records?select=%2A&deleted_at=is.null
2026-10-02T12:23:49.3849038Z [FINEST] supabase.postgrest: Request: GET ***/rest/v1/inventory_items?select=%2A&deleted_at=is.null
2026-10-02T12:23:49.3849568Z ##[endgroup]
2026-10-02T12:23:49.3849870Z [FINE] SyncQueueManager: No pending sync items to process.
2026-10-02T12:23:49.3850683Z [FINEST] supabase.postgrest: Request: GET ***/rest/v1/cut_fill_records?select=%2A&deleted_at=is.null
2026-10-02T12:23:49.3851024Z Running Gradle task 'assembleDebug'...                             41.4s
2026-10-02T12:23:49.3851518Z ✓ Built build/app/outputs/flutter-apk/app-debug.apk
2026-10-02T12:23:49.3851930Z Installing build/app/outputs/flutter-apk/app-debug.apk...          967ms
2026-10-02T12:23:49.3865936Z ##[group]✅ /home/runner/work/mine-flow-app/mine-flow-app/integration_test/journeys/land_clearing_journey_test.dart: Land Clearing Journey (STEP-45.5) login, create land clearing, verify tabs/units/combobox, and save
2026-10-02T12:23:49.3866320Z [CONFIG] supabase.supabase_flutter: Initialize Supabase v2.17.2
2026-10-02T12:23:49.3867584Z [CONFIG] supabase.auth: Initialize GoTrueClient v2.27.2 with url: ***/auth/v1, autoRefreshToken: <redacted>, flowType: pkce, tickDuration: 0:00:10.000000, tickThreshold: 3
2026-10-02T12:23:49.3869261Z [FINEST] supabase.auth: Initialize with headers: {X-Client-Info: supabase-flutter/2.17.2; platform=Android; platform-version=sdk_gphone64_x86_64-userdebug 13 TE1A.240213.009 12342917 dev-keys; runtime=dart; runtime-version=3.13.1, apikey: <redacted>, Authorization: ***
2026-10-02T12:23:49.3869503Z [FINE] supabase.auth: Stopping auto refresh
2026-10-02T12:23:49.3869714Z [FINE] supabase.auth: Starting auto refresh
2026-10-02T12:23:49.3870759Z [CONFIG] supabase.postgrest: Initialize PostgrestClient with url: ***/rest/v1, schema: public
2026-10-02T12:23:49.3872089Z [FINEST] supabase.postgrest: Initialize with headers: {X-Client-Info: supabase-flutter/2.17.2; platform=Android; platform-version=sdk_gphone64_x86_64-userdebug 13 TE1A.240213.009 12342917 dev-keys; runtime=dart; runtime-version=3.13.1}
2026-10-02T12:23:49.3873215Z [CONFIG] supabase.functions: Initialize FunctionsClient v2.7.1 with url '***/functions/v1' and region 'null'
2026-10-02T12:23:49.3874651Z [FINEST] supabase.functions: Initialize with headers: {X-Client-Info: supabase-flutter/2.17.2; platform=Android; platform-version=sdk_gphone64_x86_64-userdebug 13 TE1A.240213.009 12342917 dev-keys; runtime=dart; runtime-version=3.13.1}
2026-10-02T12:23:49.3875613Z [CONFIG] supabase.storage: Initialize SupabaseStorageClient v2.8.0 with url: ***/storage/v1, retryAttempts: 0
2026-10-02T12:23:49.3876972Z [FINEST] supabase.storage: Initialize with headers: {X-Client-Info: supabase-flutter/2.17.2; platform=Android; platform-version=sdk_gphone64_x86_64-userdebug 13 TE1A.240213.009 12342917 dev-keys; runtime=dart; runtime-version=3.13.1}
2026-10-02T12:23:49.3878100Z [CONFIG] supabase.realtime: Initialize RealtimeClient with endpoint: wss://rpdnonpivoyhghzolyzv.supabase.co/realtime/v1, timeout: 0:00:10.000000, heartbeatIntervalMs: 25000, logLevel: null
2026-10-02T12:23:49.3879799Z [FINEST] supabase.realtime: Initialize with headers: {apikey: <redacted>, X-Client-Info: supabase-flutter/2.17.2; platform=Android; platform-version=sdk_gphone64_x86_64-userdebug 13 TE1A.240213.009 12342917 dev-keys; runtime=dart; runtime-version=3.13.1}, params: {apikey: <redacted>}
2026-10-02T12:23:49.3880307Z [CONFIG] supabase.supabase: Initialize SupabaseClient v2.16.1 with no custom access token
2026-10-02T12:23:49.3881318Z [FINEST] supabase.auth: onAuthStateChange: AuthState(event: initialSession, session: null, fromBroadcast: false, signOutReason: null)
2026-10-02T12:23:49.3881665Z [FINE] supabase.supabase_flutter: Starting deeplink observer
2026-10-02T12:23:49.3882027Z [INFO] supabase.supabase_flutter: ***** Supabase init completed *****
2026-10-02T12:23:49.3882402Z supabase.supabase_flutter: INFO: ***** Supabase init completed ***** 
2026-10-02T12:23:49.3882869Z [INFO] ConnectivityService: Connectivity changed → online
2026-10-02T12:23:49.3883536Z ConnectivityService: INFO: Connectivity changed → online 
2026-10-02T12:23:49.3883976Z [INFO] SyncQueueManager: Network connectivity restored. Triggering queue sync.
2026-10-02T12:23:49.3884390Z SyncQueueManager: INFO: Network connectivity restored. Triggering queue sync. 
2026-10-02T12:23:49.3884698Z [FINE] SyncQueueManager: No pending sync items to process.
2026-10-02T12:23:49.3885195Z [INFO] SyncQueueManager: Registered sync handler for entity type: data_bucket_metadata_sync
2026-10-02T12:23:49.3885704Z SyncQueueManager: INFO: Registered sync handler for entity type: data_bucket_metadata_sync 
2026-10-02T12:23:49.3886177Z [INFO] DataBucketSyncRegistrar: Registered sync handler for data_bucket_metadata_sync
2026-10-02T12:23:49.3886654Z DataBucketSyncRegistrar: INFO: Registered sync handler for data_bucket_metadata_sync 
2026-10-02T12:23:49.3887099Z [INFO] SyncQueueManager: Registered sync handler for entity type: cut_fill_records
2026-10-02T12:23:49.3887544Z SyncQueueManager: INFO: Registered sync handler for entity type: cut_fill_records 
2026-10-02T12:23:49.3887943Z [INFO] TrackingSyncRegistrar: Registered sync handler for cut_fill_records
2026-10-02T12:23:49.3888350Z TrackingSyncRegistrar: INFO: Registered sync handler for cut_fill_records 
2026-10-02T12:23:49.3888820Z [INFO] SyncQueueManager: Registered sync handler for entity type: land_clearing_records
2026-10-02T12:23:49.3889296Z SyncQueueManager: INFO: Registered sync handler for entity type: land_clearing_records 
2026-10-02T12:23:49.3889756Z [INFO] TrackingSyncRegistrar: Registered sync handler for land_clearing_records
2026-10-02T12:23:49.3890195Z TrackingSyncRegistrar: INFO: Registered sync handler for land_clearing_records 
2026-10-02T12:23:49.3890889Z [INFO] SyncQueueManager: Registered sync handler for entity type: inventory_items
2026-10-02T12:23:49.3891326Z SyncQueueManager: INFO: Registered sync handler for entity type: inventory_items 
2026-10-02T12:23:49.3891729Z [INFO] TrackingSyncRegistrar: Registered sync handler for inventory_items
2026-10-02T12:23:49.3892143Z TrackingSyncRegistrar: INFO: Registered sync handler for inventory_items 
2026-10-02T12:23:49.3892622Z [INFO] SyncQueueManager: Registered sync handler for entity type: inventory_transactions
2026-10-02T12:23:49.3894827Z SyncQueueManager: INFO: Registered sync handler for entity type: inventory_transactions 
2026-10-02T12:23:49.3895314Z [INFO] TrackingSyncRegistrar: Registered sync handler for inventory_transactions
2026-10-02T12:23:49.3895786Z TrackingSyncRegistrar: INFO: Registered sync handler for inventory_transactions 
2026-10-02T12:23:49.3896252Z [INFO] SyncQueueManager: Registered sync handler for entity type: attendance_records
2026-10-02T12:23:49.3896708Z SyncQueueManager: INFO: Registered sync handler for entity type: attendance_records 
2026-10-02T12:23:49.3897135Z [INFO] AttendanceSyncRegistrar: Registered sync handler for attendance_records
2026-10-02T12:23:49.3897521Z AttendanceSyncRegistrar: INFO: Registered sync handler for attendance_records 
2026-10-02T12:23:49.3897851Z [INFO] SyncQueueManager: Registered sync handler for entity type: daily_logs
2026-10-02T12:23:49.3898200Z SyncQueueManager: INFO: Registered sync handler for entity type: daily_logs 
2026-10-02T12:23:49.3898546Z [INFO] DailyLogSyncRegistrar: Registered sync handler for daily_logs
2026-10-02T12:23:49.3898879Z DailyLogSyncRegistrar: INFO: Registered sync handler for daily_logs 
2026-10-02T12:23:49.3899282Z [INFO] SyncQueueManager: Registered sync handler for entity type: equipment_checks
2026-10-02T12:23:49.3899887Z SyncQueueManager: INFO: Registered sync handler for entity type: equipment_checks 
2026-10-02T12:23:49.3900305Z [INFO] EquipmentCheckSyncRegistrar: Registered sync handler for equipment_checks
2026-10-02T12:23:49.3900734Z EquipmentCheckSyncRegistrar: INFO: Registered sync handler for equipment_checks 
2026-10-02T12:23:49.3901098Z [INFO] SyncQueueManager: Registered sync handler for entity type: benchmarks
2026-10-02T12:23:49.3901478Z SyncQueueManager: INFO: Registered sync handler for entity type: benchmarks 
2026-10-02T12:23:49.3901830Z [INFO] BenchmarkSyncRegistrar: Registered sync handler for benchmarks
2026-10-02T12:23:49.3902185Z BenchmarkSyncRegistrar: INFO: Registered sync handler for benchmarks 
2026-10-02T12:23:49.3902373Z [INFO] GoRouter: Full paths for routes:
2026-10-02T12:23:49.3902647Z ├─/login (LoginPage)
2026-10-02T12:23:49.3902913Z ├─/privacy-gate (PrivacyAckPage)
2026-10-02T12:23:49.3903516Z ├─/__interaction-fixture (AppInteractionFixturePage)
2026-10-02T12:23:49.3903945Z │ └─/__interaction-fixture/form (AppInteractionFixturePage)
2026-10-02T12:23:49.3904174Z ├─ (ShellRoute)
2026-10-02T12:23:49.3904442Z │ ├─/ (BlocProvider<DashboardCubit>)
2026-10-02T12:23:49.3904702Z │ ├─/tools (GroupLandingPage)
2026-10-02T12:23:49.3905015Z │ │ └─/tools/data-bucket (DataBucketListPage)
2026-10-02T12:23:49.3905267Z │ │   ├─/tools/data-bucket/upload 
2026-10-02T12:23:49.3905504Z │ │   └─/tools/data-bucket/:id 
2026-10-02T12:23:49.3905753Z │ ├─/operations (GroupLandingPage)
2026-10-02T12:23:49.3906041Z │ │ ├─/operations/cut-fill (CutFillListScreen)
2026-10-02T12:23:49.3906276Z │ │ │ ├─/operations/cut-fill/form 
2026-10-02T12:23:49.3906522Z │ │ │ └─/operations/cut-fill/:id/form 
2026-10-02T12:23:49.3906940Z │ │ ├─/operations/land-clearing (LandClearingSummaryScreen)
2026-10-02T12:23:49.3907214Z │ │ │ ├─/operations/land-clearing/form 
2026-10-02T12:23:49.3907481Z │ │ │ ├─/operations/land-clearing/:id 
2026-10-02T12:23:49.3907765Z │ │ │ └─/operations/land-clearing/:id/form 
2026-10-02T12:23:49.3908135Z │ │ └─/operations/benchmark-db (BenchmarkListScreen)
2026-10-02T12:23:49.3908518Z │ │   ├─/operations/benchmark-db/form (BenchmarkFormScreen)
2026-10-02T12:23:49.3909071Z │ │   ├─/operations/benchmark-db/:id 
2026-10-02T12:23:49.3909349Z │ │   └─/operations/benchmark-db/:id/form 
2026-10-02T12:23:49.3909596Z │ ├─/teams (GroupLandingPage)
2026-10-02T12:23:49.3909861Z │ │ ├─/teams/attendance (AttendanceScreen)
2026-10-02T12:23:49.3910095Z │ │ │ └─/teams/attendance/form 
2026-10-02T12:23:49.3910369Z │ │ ├─/teams/daily-log (DailyLogListScreen)
2026-10-02T12:23:49.3910608Z │ │ │ ├─/teams/daily-log/form 
2026-10-02T12:23:49.3910848Z │ │ │ └─/teams/daily-log/:id/form 
2026-10-02T12:23:49.3911161Z │ │ ├─/teams/inventory (InventoryDashboardScreen)
2026-10-02T12:23:49.3911388Z │ │ │ ├─/teams/inventory/form 
2026-10-02T12:23:49.3911622Z │ │ │ ├─/teams/inventory/:id 
2026-10-02T12:23:49.3911858Z │ │ │ └─/teams/inventory/:id/form 
2026-10-02T12:23:49.3912194Z │ │ ├─/teams/equipment-check (EquipmentHistoryScreen)
2026-10-02T12:23:49.3912614Z │ │ │ ├─/teams/equipment-check/form 
2026-10-02T12:23:49.3912889Z │ │ │ └─/teams/equipment-check/:id 
2026-10-02T12:23:49.3913387Z │ │ └─/teams/timeline (TimelinePage)
2026-10-02T12:23:49.3913657Z │ └─/settings (SettingsPage)
2026-10-02T12:23:49.3915713Z │   └─/settings/profile/form (ProfileEditPage)
2026-10-02T12:23:49.3915958Z ├─/reports/config (Widget)
2026-10-02T12:23:49.3916295Z └─/notifications (BlocProvider<NotificationCubit>)
2026-10-02T12:23:49.3916479Z known full paths for route names:
2026-10-02T12:23:49.3916638Z   login => /login
2026-10-02T12:23:49.3916825Z   privacy-gate => /privacy-gate
2026-10-02T12:23:49.3917063Z   interaction-fixture => /__interaction-fixture
2026-10-02T12:23:49.3917354Z   interaction-fixture-form => /__interaction-fixture/form
2026-10-02T12:23:49.3917512Z   dashboard => /
2026-10-02T12:23:49.3917665Z   tools => /tools
2026-10-02T12:23:49.3917859Z   data-bucket => /tools/data-bucket
2026-10-02T12:23:49.3918093Z   data-bucket-upload => /tools/data-bucket/upload
2026-10-02T12:23:49.3918332Z   data-bucket-detail => /tools/data-bucket/:id
2026-10-02T12:23:49.3918517Z   operations => /operations
2026-10-02T12:23:49.3918723Z   cut-fill => /operations/cut-fill
2026-10-02T12:23:49.3918948Z   cut-fill-create => /operations/cut-fill/form
2026-10-02T12:23:49.3919176Z   cut-fill-edit => /operations/cut-fill/:id/form
2026-10-02T12:23:49.3919389Z   land-clearing => /operations/land-clearing
2026-10-02T12:23:49.3919666Z   land-clearing-create => /operations/land-clearing/form
2026-10-02T12:23:49.3919932Z   land-clearing-detail => /operations/land-clearing/:id
2026-10-02T12:23:49.3920219Z   land-clearing-edit => /operations/land-clearing/:id/form
2026-10-02T12:23:49.3920419Z   benchmark-db => /operations/benchmark-db
2026-10-02T12:23:49.3920651Z   benchmark-form => /operations/benchmark-db/form
2026-10-02T12:23:49.3920892Z   benchmark-detail => /operations/benchmark-db/:id
2026-10-02T12:23:49.3921146Z   benchmark-edit => /operations/benchmark-db/:id/form
2026-10-02T12:23:49.3921315Z   teams => /teams
2026-10-02T12:23:49.3921496Z   attendance => /teams/attendance
2026-10-02T12:23:49.3921698Z   attendance-form => /teams/attendance/form
2026-10-02T12:23:49.3922092Z   daily-log => /teams/daily-log
2026-10-02T12:23:49.3922290Z   daily-log-form => /teams/daily-log/form
2026-10-02T12:23:49.3922530Z   daily-log-record-form => /teams/daily-log/:id/form
2026-10-02T12:23:49.3922713Z   inventory => /teams/inventory
2026-10-02T12:23:49.3924437Z   inventory-form => /teams/inventory/form
2026-10-02T12:23:49.3924671Z   inventory-detail => /teams/inventory/:id
2026-10-02T12:23:49.3924890Z   inventory-edit => /teams/inventory/:id/form
2026-10-02T12:23:49.3925095Z   equipment-check => /teams/equipment-check
2026-10-02T12:23:49.3925351Z   equipment-check-form => /teams/equipment-check/form
2026-10-02T12:23:49.3925610Z   equipment-check-detail => /teams/equipment-check/:id
2026-10-02T12:23:49.3925782Z   timeline => /teams/timeline
2026-10-02T12:23:49.3925933Z   settings => /settings
2026-10-02T12:23:49.3926140Z   settings-profile => /settings/profile/form
2026-10-02T12:23:49.3926331Z   report-config => /reports/config
2026-10-02T12:23:49.3926519Z   notifications => /notifications
2026-10-02T12:23:49.3926536Z 
2026-10-02T12:23:49.3926739Z GoRouter: INFO: Full paths for routes:
2026-10-02T12:23:49.3926988Z ├─/login (LoginPage)
2026-10-02T12:23:49.3927248Z ├─/privacy-gate (PrivacyAckPage)
2026-10-02T12:23:49.3927602Z ├─/__interaction-fixture (AppInteractionFixturePage)
2026-10-02T12:23:49.3927991Z │ └─/__interaction-fixture/form (AppInteractionFixturePage)
2026-10-02T12:23:49.3928195Z ├─ (ShellRoute)
2026-10-02T12:23:49.3928453Z │ ├─/ (BlocProvider<DashboardCubit>)
2026-10-02T12:23:49.3928704Z │ ├─/tools (GroupLandingPage)
2026-10-02T12:23:49.3928997Z │ │ └─/tools/data-bucket (DataBucketListPage)
2026-10-02T12:23:49.3929249Z │ │   ├─/tools/data-bucket/upload 
2026-10-02T12:23:49.3929486Z │ │   └─/tools/data-bucket/:id 
2026-10-02T12:23:49.3929740Z │ ├─/operations (GroupLandingPage)
2026-10-02T12:23:49.3930246Z │ │ ├─/operations/cut-fill (CutFillListScreen)
2026-10-02T12:23:49.3930500Z │ │ │ ├─/operations/cut-fill/form 
2026-10-02T12:23:49.3930763Z │ │ │ └─/operations/cut-fill/:id/form 
2026-10-02T12:23:49.3931188Z │ │ ├─/operations/land-clearing (LandClearingSummaryScreen)
2026-10-02T12:23:49.3931447Z │ │ │ ├─/operations/land-clearing/form 
2026-10-02T12:23:49.3931701Z │ │ │ ├─/operations/land-clearing/:id 
2026-10-02T12:23:49.3931965Z │ │ │ └─/operations/land-clearing/:id/form 
2026-10-02T12:23:49.3932290Z │ │ └─/operations/benchmark-db (BenchmarkListScreen)
2026-10-02T12:23:49.3932616Z │ │   ├─/operations/benchmark-db/form (BenchmarkFormScreen)
2026-10-02T12:23:49.3932868Z │ │   ├─/operations/benchmark-db/:id 
2026-10-02T12:23:49.3933359Z │ │   └─/operations/benchmark-db/:id/form 
2026-10-02T12:23:49.3933602Z │ ├─/teams (GroupLandingPage)
2026-10-02T12:23:49.3933859Z │ │ ├─/teams/attendance (AttendanceScreen)
2026-10-02T12:23:49.3934091Z │ │ │ └─/teams/attendance/form 
2026-10-02T12:23:49.3934380Z │ │ ├─/teams/daily-log (DailyLogListScreen)
2026-10-02T12:23:49.3934604Z │ │ │ ├─/teams/daily-log/form 
2026-10-02T12:23:49.3934913Z │ │ │ └─/teams/daily-log/:id/form 
2026-10-02T12:23:49.3935250Z │ │ ├─/teams/inventory (InventoryDashboardScreen)
2026-10-02T12:23:49.3935486Z │ │ │ ├─/teams/inventory/form 
2026-10-02T12:23:49.3935713Z │ │ │ ├─/teams/inventory/:id 
2026-10-02T12:23:49.3935954Z │ │ │ └─/teams/inventory/:id/form 
2026-10-02T12:23:49.3936285Z │ │ ├─/teams/equipment-check (EquipmentHistoryScreen)
2026-10-02T12:23:49.3936527Z │ │ │ ├─/teams/equipment-check/form 
2026-10-02T12:23:49.3936761Z │ │ │ └─/teams/equipment-check/:id 
2026-10-02T12:23:49.3936998Z │ │ └─/teams/timeline (TimelinePage)
2026-10-02T12:23:49.3937224Z │ └─/settings (SettingsPage)
2026-10-02T12:23:49.3937505Z │   └─/settings/profile/form (ProfileEditPage)
2026-10-02T12:23:49.3937719Z ├─/reports/config (Widget)
2026-10-02T12:23:49.3938037Z └─/notifications (BlocProvider<NotificationCubit>)
2026-10-02T12:23:49.3938222Z known full paths for route names:
2026-10-02T12:23:49.3938388Z   login => /login
2026-10-02T12:23:49.3938582Z   privacy-gate => /privacy-gate
2026-10-02T12:23:49.3938803Z   interaction-fixture => /__interaction-fixture
2026-10-02T12:23:49.3939287Z   interaction-fixture-form => /__interaction-fixture/form
2026-10-02T12:23:49.3939444Z   dashboard => /
2026-10-02T12:23:49.3939586Z   tools => /tools
2026-10-02T12:23:49.3939768Z   data-bucket => /tools/data-bucket
2026-10-02T12:23:49.3939993Z   data-bucket-upload => /tools/data-bucket/upload
2026-10-02T12:23:49.3940202Z   data-bucket-detail => /tools/data-bucket/:id
2026-10-02T12:23:49.3940372Z   operations => /operations
2026-10-02T12:23:49.3940550Z   cut-fill => /operations/cut-fill
2026-10-02T12:23:49.3940770Z   cut-fill-create => /operations/cut-fill/form
2026-10-02T12:23:49.3940984Z   cut-fill-edit => /operations/cut-fill/:id/form
2026-10-02T12:23:49.3941184Z   land-clearing => /operations/land-clearing
2026-10-02T12:23:49.3941438Z   land-clearing-create => /operations/land-clearing/form
2026-10-02T12:23:49.3941688Z   land-clearing-detail => /operations/land-clearing/:id
2026-10-02T12:23:49.3941958Z   land-clearing-edit => /operations/land-clearing/:id/form
2026-10-02T12:23:49.3942175Z   benchmark-db => /operations/benchmark-db
2026-10-02T12:23:49.3942405Z   benchmark-form => /operations/benchmark-db/form
2026-10-02T12:23:49.3943496Z   benchmark-detail => /operations/benchmark-db/:id
2026-10-02T12:23:49.3943799Z   benchmark-edit => /operations/benchmark-db/:id/form
2026-10-02T12:23:49.3943958Z   teams => /teams
2026-10-02T12:23:49.3944144Z   attendance => /teams/attendance
2026-10-02T12:23:49.3944341Z   attendance-form => /teams/attendance/form
2026-10-02T12:23:49.3944518Z   daily-log => /teams/daily-log
2026-10-02T12:23:49.3944711Z   daily-log-form => /teams/daily-log/form
2026-10-02T12:23:49.3944954Z   daily-log-record-form => /teams/daily-log/:id/form
2026-10-02T12:23:49.3945125Z   inventory => /teams/inventory
2026-10-02T12:23:49.3945312Z   inventory-form => /teams/inventory/form
2026-10-02T12:23:49.3945673Z   inventory-detail => /teams/inventory/:id
2026-10-02T12:23:49.3945884Z   inventory-edit => /teams/inventory/:id/form
2026-10-02T12:23:49.3946098Z   equipment-check => /teams/equipment-check
2026-10-02T12:23:49.3946339Z   equipment-check-form => /teams/equipment-check/form
2026-10-02T12:23:49.3948572Z   equipment-check-detail => /teams/equipment-check/:id
2026-10-02T12:23:49.3948768Z   timeline => /teams/timeline
2026-10-02T12:23:49.3948924Z   settings => /settings
2026-10-02T12:23:49.3949132Z   settings-profile => /settings/profile/form
2026-10-02T12:23:49.3949320Z   report-config => /reports/config
2026-10-02T12:23:49.3949502Z   notifications => /notifications
2026-10-02T12:23:49.3949646Z  
2026-10-02T12:23:49.3949886Z [INFO] GoRouter: setting initial location /login
2026-10-02T12:23:49.3950428Z GoRouter: INFO: setting initial location /login 
2026-10-02T12:23:49.3951500Z [INFO] GoRouter: Using WidgetsApp configuration
2026-10-02T12:23:49.3951788Z GoRouter: INFO: Using WidgetsApp configuration 
2026-10-02T12:23:49.3952002Z [FINE] supabase.auth: Saving session
2026-10-02T12:23:49.3961228Z [FINEST] supabase.auth: Saving session: Session(providerToken: <redacted>, providerRefreshToken: <redacted>, expiresIn: 3600, tokenType: bearer, user: User(id: cb041494-fccd-493b-b73b-50e952366ea8, appMetadata: {provider: email, providers: [email]}, userMetadata: {email_verified: true}, aud: authenticated, confirmationSentAt: null, recoverySentAt: null, emailChangeSentAt: null, newEmail: null, invitedAt: null, actionLink: null, email: ***, phone: , createdAt: 2026-08-29T08:04:41.039217Z, confirmedAt: 2026-08-29T08:04:41.068013Z, emailConfirmedAt: 2026-08-29T08:04:41.068013Z, phoneConfirmedAt: null, lastSignInAt: 2026-10-02T12:16:15.455046275Z, role: authenticated, updatedAt: 2026-10-02T12:16:15.462019Z, identities: [UserIdentity(id: cb041494-fccd-493b-b73b-50e952366ea8, userId: cb041494-fccd-493b-b73b-50e952366ea8, identityData: {email: ***, email_verified: false, phone_verified: false, sub: cb041494-fccd-493b-b73b-50e952366ea8}, identityId: 8d3c9ac0-0cb4-431a-ba43-538637ad8247, provider: email, createdAt: 2026-08-29T08:04:41.062276Z, lastSignInAt: 2026-08-29T08:04:41.062165Z, updatedAt: 2026-08-29T08:04:41.062276Z)], factors: null, isAnonymous: false), accessToken: <redacted>, refreshToken: <redacted>
2026-10-02T12:23:49.3977520Z [FINEST] supabase.auth: onAuthStateChange: AuthState(event: signedIn, session: Session(providerToken: <redacted>, providerRefreshToken: <redacted>, expiresIn: 3600, tokenType: bearer, user: User(id: cb041494-fccd-493b-b73b-50e952366ea8, appMetadata: {provider: email, providers: [email]}, userMetadata: {email_verified: true}, aud: authenticated, confirmationSentAt: null, recoverySentAt: null, emailChangeSentAt: null, newEmail: null, invitedAt: null, actionLink: null, email: ***, phone: , createdAt: 2026-08-29T08:04:41.039217Z, confirmedAt: 2026-08-29T08:04:41.068013Z, emailConfirmedAt: 2026-08-29T08:04:41.068013Z, phoneConfirmedAt: null, lastSignInAt: 2026-10-02T12:16:15.455046275Z, role: authenticated, updatedAt: 2026-10-02T12:16:15.462019Z, identities: [UserIdentity(id: cb041494-fccd-493b-b73b-50e952366ea8, userId: cb041494-fccd-493b-b73b-50e952366ea8, identityData: {email: ***, email_verified: false, phone_verified: false, sub: cb041494-fccd-493b-b73b-50e952366ea8}, identityId: 8d3c9ac0-0cb4-431a-ba43-538637ad8247, provider: email, createdAt: 2026-08-29T08:04:41.062276Z, lastSignInAt: 2026-08-29T08:04:41.062165Z, updatedAt: 2026-08-29T08:04:41.062276Z)], factors: null, isAnonymous: false), accessToken: <redacted>, refreshToken: <redacted>, fromBroadcast: false, signOutReason: null)
2026-10-02T12:23:49.3979019Z [FINEST] supabase.postgrest: Request: GET ***/rest/v1/users?select=%2A&id=eq.cb041494-fccd-493b-b73b-50e952366ea8
2026-10-02T12:23:49.3980000Z [INFO] GoRouter: redirecting to RouteMatchList#a054e(uri: /privacy-gate, matches: [RouteMatch#ab8be(route: GoRoute#2c7c3(name: "privacy-gate", path: "/privacy-gate"))])
2026-10-02T12:23:49.3981110Z GoRouter: INFO: redirecting to RouteMatchList#a054e(uri: /privacy-gate, matches: [RouteMatch#ab8be(route: GoRoute#2c7c3(name: "privacy-gate", path: "/privacy-gate"))]) 
2026-10-02T12:23:49.3981330Z [INFO] GoRouter: going to /
2026-10-02T12:23:49.3981515Z GoRouter: INFO: going to / 
2026-10-02T12:23:49.3982680Z [INFO] GoRouter: Using WidgetsApp configuration
2026-10-02T12:23:49.3983192Z GoRouter: INFO: Using WidgetsApp configuration 
2026-10-02T12:23:49.3984433Z [FINEST] supabase.postgrest: Request: GET ***/rest/v1/attendance_records?select=%2A%2Cusers%21attendance_records_user_id_fkey%28name%29&deleted_at=is.null
2026-10-02T12:23:49.3985268Z [FINEST] supabase.postgrest: Request: GET ***/rest/v1/equipment_checks?select=%2A&deleted_at=is.null
2026-10-02T12:23:49.3987469Z [FINE] SyncQueueManager: No pending sync items to process.
2026-10-02T12:23:49.3989161Z [FINEST] supabase.postgrest: Request: GET ***/rest/v1/cut_fill_records?select=%2A&deleted_at=is.null
2026-10-02T12:23:49.3989425Z [INFO] GoRouter: going to /operations/land-clearing
2026-10-02T12:23:49.3989674Z GoRouter: INFO: going to /operations/land-clearing 
2026-10-02T12:23:49.3990488Z [FINEST] supabase.postgrest: Request: GET ***/rest/v1/land_clearing_records?select=%2A&deleted_at=is.null
2026-10-02T12:23:49.3991748Z [INFO] GoRouter: Using WidgetsApp configuration
2026-10-02T12:23:49.3991983Z GoRouter: INFO: Using WidgetsApp configuration 
2026-10-02T12:23:49.3992251Z [FINE] SyncQueueManager: No pending sync items to process.
2026-10-02T12:23:49.3993955Z [FINEST] supabase.postgrest: Request: GET ***/rest/v1/cut_fill_records?select=%2A&deleted_at=is.null
2026-10-02T12:23:49.3994759Z [FINEST] supabase.postgrest: Request: GET ***/rest/v1/inventory_items?select=%2A&deleted_at=is.null
2026-10-02T12:23:49.3996158Z [FINEST] supabase.postgrest: Request: GET ***/rest/v1/land_clearing_records?select=%2A&deleted_at=is.null
2026-10-02T12:23:49.3996494Z [INFO] GoRouter: getting location for name: "land-clearing-create"
2026-10-02T12:23:49.3996824Z GoRouter: INFO: getting location for name: "land-clearing-create" 
2026-10-02T12:23:49.3997097Z [INFO] GoRouter: pushing /operations/land-clearing/form
2026-10-02T12:23:49.3997360Z GoRouter: INFO: pushing /operations/land-clearing/form 
2026-10-02T12:23:49.3998390Z [FINEST] supabase.postgrest: Request: GET ***/rest/v1/inventory_items?select=%2A&deleted_at=is.null
2026-10-02T12:23:49.3998727Z [INFO] GoRouter: replace /operations/land-clearing/form?tab=plan
2026-10-02T12:23:49.3999034Z GoRouter: INFO: replace /operations/land-clearing/form?tab=plan 
2026-10-02T12:23:49.3999827Z [INFO] SyncQueueManager: Enqueuing offline item [zones_update_c36152d1-0089-4ccb-b20d-864592202e71_1790943380410024] for entity "zones" (update)
2026-10-02T12:23:49.4000624Z SyncQueueManager: INFO: Enqueuing offline item [zones_update_c36152d1-0089-4ccb-b20d-864592202e71_1790943380410024] for entity "zones" (update) 
2026-10-02T12:23:49.4000960Z [INFO] SyncQueueManager: Processing 1 pending sync queue items.
2026-10-02T12:23:49.4001305Z SyncQueueManager: INFO: Processing 1 pending sync queue items. 
2026-10-02T12:23:49.4002045Z [INFO] SyncQueueManager: Syncing queue item [zones_update_c36152d1-0089-4ccb-b20d-864592202e71_1790943380410024] (zones:update)
2026-10-02T12:23:49.4002769Z SyncQueueManager: INFO: Syncing queue item [zones_update_c36152d1-0089-4ccb-b20d-864592202e71_1790943380410024] (zones:update) 
2026-10-02T12:23:49.4004858Z [FINEST] supabase.postgrest: Request: GET ***/rest/v1/zones?select=updated_at&id=eq.c36152d1-0089-4ccb-b20d-864592202e71
2026-10-02T12:23:49.4005213Z [FINER] supabase.auth: Access token expires in 359 ticks
2026-10-02T12:23:49.4005822Z [FINEST] supabase.postgrest: Request: POST ***/rest/v1/zones
2026-10-02T12:23:49.4006788Z [INFO] SyncQueueManager: Successfully synced queue item [zones_update_c36152d1-0089-4ccb-b20d-864592202e71_1790943380410024].
2026-10-02T12:23:49.4007481Z SyncQueueManager: INFO: Successfully synced queue item [zones_update_c36152d1-0089-4ccb-b20d-864592202e71_1790943380410024]. 
2026-10-02T12:23:49.4008052Z [INFO] GoRouter: replace /operations/land-clearing/form?tab=actual
2026-10-02T12:23:49.4008730Z GoRouter: INFO: replace /operations/land-clearing/form?tab=actual 
2026-10-02T12:23:49.4009741Z [INFO] SyncQueueManager: Enqueuing offline item [land_clearing_records_update_edb83e1a-b8bc-42a5-aa3b-8e8f6cd5305e_1790943386143714] for entity "land_clearing_records" (update)
2026-10-02T12:23:49.4010776Z SyncQueueManager: INFO: Enqueuing offline item [land_clearing_records_update_edb83e1a-b8bc-42a5-aa3b-8e8f6cd5305e_1790943386143714] for entity "land_clearing_records" (update) 
2026-10-02T12:23:49.4011161Z [INFO] SyncQueueManager: Processing 1 pending sync queue items.
2026-10-02T12:23:49.4011501Z SyncQueueManager: INFO: Processing 1 pending sync queue items. 
2026-10-02T12:23:49.4012387Z [INFO] SyncQueueManager: Syncing queue item [land_clearing_records_update_edb83e1a-b8bc-42a5-aa3b-8e8f6cd5305e_1790943386143714] (land_clearing_records:update)
2026-10-02T12:23:49.4013609Z SyncQueueManager: INFO: Syncing queue item [land_clearing_records_update_edb83e1a-b8bc-42a5-aa3b-8e8f6cd5305e_1790943386143714] (land_clearing_records:update) 
2026-10-02T12:23:49.4014918Z [FINEST] supabase.postgrest: Request: POST ***/rest/v1/land_clearing_records?select=%2A
2026-10-02T12:23:49.4015214Z [INFO] GoRouter: popping /operations/land-clearing
2026-10-02T12:23:49.4015457Z GoRouter: INFO: popping /operations/land-clearing 
2026-10-02T12:23:49.4016168Z [INFO] GoRouter: restoring /operations/land-clearing
2026-10-02T12:23:49.4016442Z GoRouter: INFO: restoring /operations/land-clearing 
2026-10-02T12:23:49.4017449Z [INFO] SyncQueueManager: Successfully synced queue item [land_clearing_records_update_edb83e1a-b8bc-42a5-aa3b-8e8f6cd5305e_1790943386143714].
2026-10-02T12:23:49.4018730Z SyncQueueManager: INFO: Successfully synced queue item [land_clearing_records_update_edb83e1a-b8bc-42a5-aa3b-8e8f6cd5305e_1790943386143714]. 
2026-10-02T12:23:49.4019312Z ##[endgroup]
2026-10-02T12:23:49.4019625Z [FINE] SyncQueueManager: No pending sync items to process.
2026-10-02T12:23:49.4020835Z [FINEST] supabase.postgrest: Request: GET ***/rest/v1/cut_fill_records?select=%2A&deleted_at=is.null
2026-10-02T12:23:49.4021204Z Running Gradle task 'assembleDebug'...                             41.3s
2026-10-02T12:23:49.4022074Z ✓ Built build/app/outputs/flutter-apk/app-debug.apk
2026-10-02T12:23:49.4022454Z Installing build/app/outputs/flutter-apk/app-debug.apk...          961ms
2026-10-02T12:23:49.4026665Z ##[group]✅ /home/runner/work/mine-flow-app/mine-flow-app/integration_test/journeys/reporting_journey_test.dart: Reporting Journey (STEP-45.9) login, navigate to feature screens, open reports, and verify mid-run config lock
2026-10-02T12:23:49.4027042Z [CONFIG] supabase.supabase_flutter: Initialize Supabase v2.17.2
2026-10-02T12:23:49.4028388Z [CONFIG] supabase.auth: Initialize GoTrueClient v2.27.2 with url: ***/auth/v1, autoRefreshToken: <redacted>, flowType: pkce, tickDuration: 0:00:10.000000, tickThreshold: 3
2026-10-02T12:23:49.4030639Z [FINEST] supabase.auth: Initialize with headers: {X-Client-Info: supabase-flutter/2.17.2; platform=Android; platform-version=sdk_gphone64_x86_64-userdebug 13 TE1A.240213.009 12342917 dev-keys; runtime=dart; runtime-version=3.13.1, apikey: <redacted>, Authorization: ***
2026-10-02T12:23:49.4030886Z [FINE] supabase.auth: Stopping auto refresh
2026-10-02T12:23:49.4031108Z [FINE] supabase.auth: Starting auto refresh
2026-10-02T12:23:49.4031918Z [CONFIG] supabase.postgrest: Initialize PostgrestClient with url: ***/rest/v1, schema: public
2026-10-02T12:23:49.4033599Z [FINEST] supabase.postgrest: Initialize with headers: {X-Client-Info: supabase-flutter/2.17.2; platform=Android; platform-version=sdk_gphone64_x86_64-userdebug 13 TE1A.240213.009 12342917 dev-keys; runtime=dart; runtime-version=3.13.1}
2026-10-02T12:23:49.4034529Z [CONFIG] supabase.functions: Initialize FunctionsClient v2.7.1 with url '***/functions/v1' and region 'null'
2026-10-02T12:23:49.4036120Z [FINEST] supabase.functions: Initialize with headers: {X-Client-Info: supabase-flutter/2.17.2; platform=Android; platform-version=sdk_gphone64_x86_64-userdebug 13 TE1A.240213.009 12342917 dev-keys; runtime=dart; runtime-version=3.13.1}
2026-10-02T12:23:49.4037023Z [CONFIG] supabase.storage: Initialize SupabaseStorageClient v2.8.0 with url: ***/storage/v1, retryAttempts: 0
2026-10-02T12:23:49.4038329Z [FINEST] supabase.storage: Initialize with headers: {X-Client-Info: supabase-flutter/2.17.2; platform=Android; platform-version=sdk_gphone64_x86_64-userdebug 13 TE1A.240213.009 12342917 dev-keys; runtime=dart; runtime-version=3.13.1}
2026-10-02T12:23:49.4039271Z [CONFIG] supabase.realtime: Initialize RealtimeClient with endpoint: wss://rpdnonpivoyhghzolyzv.supabase.co/realtime/v1, timeout: 0:00:10.000000, heartbeatIntervalMs: 25000, logLevel: null
2026-10-02T12:23:49.4040701Z [FINEST] supabase.realtime: Initialize with headers: {apikey: <redacted>, X-Client-Info: supabase-flutter/2.17.2; platform=Android; platform-version=sdk_gphone64_x86_64-userdebug 13 TE1A.240213.009 12342917 dev-keys; runtime=dart; runtime-version=3.13.1}, params: {apikey: <redacted>}
2026-10-02T12:23:49.4041127Z [CONFIG] supabase.supabase: Initialize SupabaseClient v2.16.1 with no custom access token
2026-10-02T12:23:49.4041786Z [FINEST] supabase.auth: onAuthStateChange: AuthState(event: initialSession, session: null, fromBroadcast: false, signOutReason: null)
2026-10-02T12:23:49.4042048Z [FINE] supabase.supabase_flutter: Starting deeplink observer
2026-10-02T12:23:49.4042351Z [INFO] supabase.supabase_flutter: ***** Supabase init completed *****
2026-10-02T12:23:49.4042655Z supabase.supabase_flutter: INFO: ***** Supabase init completed ***** 
2026-10-02T12:23:49.4043329Z [INFO] ConnectivityService: Connectivity changed → online
2026-10-02T12:23:49.4043695Z ConnectivityService: INFO: Connectivity changed → online 
2026-10-02T12:23:49.4044063Z [INFO] SyncQueueManager: Network connectivity restored. Triggering queue sync.
2026-10-02T12:23:49.4044417Z SyncQueueManager: INFO: Network connectivity restored. Triggering queue sync. 
2026-10-02T12:23:49.4044681Z [FINE] SyncQueueManager: No pending sync items to process.
2026-10-02T12:23:49.4045108Z [INFO] SyncQueueManager: Registered sync handler for entity type: data_bucket_metadata_sync
2026-10-02T12:23:49.4046072Z SyncQueueManager: INFO: Registered sync handler for entity type: data_bucket_metadata_sync 
2026-10-02T12:23:49.4046491Z [INFO] DataBucketSyncRegistrar: Registered sync handler for data_bucket_metadata_sync
2026-10-02T12:23:49.4046885Z DataBucketSyncRegistrar: INFO: Registered sync handler for data_bucket_metadata_sync 
2026-10-02T12:23:49.4047255Z [INFO] SyncQueueManager: Registered sync handler for entity type: cut_fill_records
2026-10-02T12:23:49.4047623Z SyncQueueManager: INFO: Registered sync handler for entity type: cut_fill_records 
2026-10-02T12:23:49.4047955Z [INFO] TrackingSyncRegistrar: Registered sync handler for cut_fill_records
2026-10-02T12:23:49.4048292Z TrackingSyncRegistrar: INFO: Registered sync handler for cut_fill_records 
2026-10-02T12:23:49.4048699Z [INFO] SyncQueueManager: Registered sync handler for entity type: land_clearing_records
2026-10-02T12:23:49.4049081Z SyncQueueManager: INFO: Registered sync handler for entity type: land_clearing_records 
2026-10-02T12:23:49.4049468Z [INFO] TrackingSyncRegistrar: Registered sync handler for land_clearing_records
2026-10-02T12:23:49.4049872Z TrackingSyncRegistrar: INFO: Registered sync handler for land_clearing_records 
2026-10-02T12:23:49.4050269Z [INFO] SyncQueueManager: Registered sync handler for entity type: inventory_items
2026-10-02T12:23:49.4050673Z SyncQueueManager: INFO: Registered sync handler for entity type: inventory_items 
2026-10-02T12:23:49.4051026Z [INFO] TrackingSyncRegistrar: Registered sync handler for inventory_items
2026-10-02T12:23:49.4051378Z TrackingSyncRegistrar: INFO: Registered sync handler for inventory_items 
2026-10-02T12:23:49.4052584Z [INFO] SyncQueueManager: Registered sync handler for entity type: inventory_transactions
2026-10-02T12:23:49.4053567Z SyncQueueManager: INFO: Registered sync handler for entity type: inventory_transactions 
2026-10-02T12:23:49.4054024Z [INFO] TrackingSyncRegistrar: Registered sync handler for inventory_transactions
2026-10-02T12:23:49.4055093Z TrackingSyncRegistrar: INFO: Registered sync handler for inventory_transactions 
2026-10-02T12:23:49.4055836Z [INFO] SyncQueueManager: Registered sync handler for entity type: attendance_records
2026-10-02T12:23:49.4056339Z SyncQueueManager: INFO: Registered sync handler for entity type: attendance_records 
2026-10-02T12:23:49.4057263Z [INFO] AttendanceSyncRegistrar: Registered sync handler for attendance_records
2026-10-02T12:23:49.4057695Z AttendanceSyncRegistrar: INFO: Registered sync handler for attendance_records 
2026-10-02T12:23:49.4058098Z [INFO] SyncQueueManager: Registered sync handler for entity type: daily_logs
2026-10-02T12:23:49.4058480Z SyncQueueManager: INFO: Registered sync handler for entity type: daily_logs 
2026-10-02T12:23:49.4058828Z [INFO] DailyLogSyncRegistrar: Registered sync handler for daily_logs
2026-10-02T12:23:49.4059205Z DailyLogSyncRegistrar: INFO: Registered sync handler for daily_logs 
2026-10-02T12:23:49.4059637Z [INFO] SyncQueueManager: Registered sync handler for entity type: equipment_checks
2026-10-02T12:23:49.4060056Z SyncQueueManager: INFO: Registered sync handler for entity type: equipment_checks 
2026-10-02T12:23:49.4060484Z [INFO] EquipmentCheckSyncRegistrar: Registered sync handler for equipment_checks
2026-10-02T12:23:49.4061314Z EquipmentCheckSyncRegistrar: INFO: Registered sync handler for equipment_checks 
2026-10-02T12:23:49.4061725Z [INFO] SyncQueueManager: Registered sync handler for entity type: benchmarks
2026-10-02T12:23:49.4062132Z SyncQueueManager: INFO: Registered sync handler for entity type: benchmarks 
2026-10-02T12:23:49.4062492Z [INFO] BenchmarkSyncRegistrar: Registered sync handler for benchmarks
2026-10-02T12:23:49.4062859Z BenchmarkSyncRegistrar: INFO: Registered sync handler for benchmarks 
2026-10-02T12:23:49.4063277Z [INFO] GoRouter: Full paths for routes:
2026-10-02T12:23:49.4063585Z ├─/login (LoginPage)
2026-10-02T12:23:49.4063881Z ├─/privacy-gate (PrivacyAckPage)
2026-10-02T12:23:49.4064241Z ├─/__interaction-fixture (AppInteractionFixturePage)
2026-10-02T12:23:49.4064880Z │ └─/__interaction-fixture/form (AppInteractionFixturePage)
2026-10-02T12:23:49.4065114Z ├─ (ShellRoute)
2026-10-02T12:23:49.4065384Z │ ├─/ (BlocProvider<DashboardCubit>)
2026-10-02T12:23:49.4065633Z │ ├─/tools (GroupLandingPage)
2026-10-02T12:23:49.4065935Z │ │ └─/tools/data-bucket (DataBucketListPage)
2026-10-02T12:23:49.4066201Z │ │   ├─/tools/data-bucket/upload 
2026-10-02T12:23:49.4066461Z │ │   └─/tools/data-bucket/:id 
2026-10-02T12:23:49.4066728Z │ ├─/operations (GroupLandingPage)
2026-10-02T12:23:49.4067044Z │ │ ├─/operations/cut-fill (CutFillListScreen)
2026-10-02T12:23:49.4067290Z │ │ │ ├─/operations/cut-fill/form 
2026-10-02T12:23:49.4067557Z │ │ │ └─/operations/cut-fill/:id/form 
2026-10-02T12:23:49.4067981Z │ │ ├─/operations/land-clearing (LandClearingSummaryScreen)
2026-10-02T12:23:49.4068297Z │ │ │ ├─/operations/land-clearing/form 
2026-10-02T12:23:49.4068563Z │ │ │ ├─/operations/land-clearing/:id 
2026-10-02T12:23:49.4068825Z │ │ │ └─/operations/land-clearing/:id/form 
2026-10-02T12:23:49.4069170Z │ │ └─/operations/benchmark-db (BenchmarkListScreen)
2026-10-02T12:23:49.4069533Z │ │   ├─/operations/benchmark-db/form (BenchmarkFormScreen)
2026-10-02T12:23:49.4069786Z │ │   ├─/operations/benchmark-db/:id 
2026-10-02T12:23:49.4070043Z │ │   └─/operations/benchmark-db/:id/form 
2026-10-02T12:23:49.4070277Z │ ├─/teams (GroupLandingPage)
2026-10-02T12:23:49.4070530Z │ │ ├─/teams/attendance (AttendanceScreen)
2026-10-02T12:23:49.4070749Z │ │ │ └─/teams/attendance/form 
2026-10-02T12:23:49.4071503Z │ │ ├─/teams/daily-log (DailyLogListScreen)
2026-10-02T12:23:49.4071759Z │ │ │ ├─/teams/daily-log/form 
2026-10-02T12:23:49.4072000Z │ │ │ └─/teams/daily-log/:id/form 
2026-10-02T12:23:49.4072307Z │ │ ├─/teams/inventory (InventoryDashboardScreen)
2026-10-02T12:23:49.4072533Z │ │ │ ├─/teams/inventory/form 
2026-10-02T12:23:49.4073834Z │ │ │ ├─/teams/inventory/:id 
2026-10-02T12:23:49.4074162Z │ │ │ └─/teams/inventory/:id/form 
2026-10-02T12:23:49.4074529Z │ │ ├─/teams/equipment-check (EquipmentHistoryScreen)
2026-10-02T12:23:49.4074830Z │ │ │ ├─/teams/equipment-check/form 
2026-10-02T12:23:49.4075109Z │ │ │ └─/teams/equipment-check/:id 
2026-10-02T12:23:49.4075375Z │ │ └─/teams/timeline (TimelinePage)
2026-10-02T12:23:49.4075631Z │ └─/settings (SettingsPage)
2026-10-02T12:23:49.4076424Z │   └─/settings/profile/form (ProfileEditPage)
2026-10-02T12:23:49.4076725Z ├─/reports/config (Widget)
2026-10-02T12:23:49.4077091Z └─/notifications (BlocProvider<NotificationCubit>)
2026-10-02T12:23:49.4077296Z known full paths for route names:
2026-10-02T12:23:49.4077470Z   login => /login
2026-10-02T12:23:49.4078069Z   privacy-gate => /privacy-gate
2026-10-02T12:23:49.4078327Z   interaction-fixture => /__interaction-fixture
2026-10-02T12:23:49.4078641Z   interaction-fixture-form => /__interaction-fixture/form
2026-10-02T12:23:49.4078816Z   dashboard => /
2026-10-02T12:23:49.4078997Z   tools => /tools
2026-10-02T12:23:49.4079191Z   data-bucket => /tools/data-bucket
2026-10-02T12:23:49.4079851Z   data-bucket-upload => /tools/data-bucket/upload
2026-10-02T12:23:49.4080091Z   data-bucket-detail => /tools/data-bucket/:id
2026-10-02T12:23:49.4080268Z   operations => /operations
2026-10-02T12:23:49.4080462Z   cut-fill => /operations/cut-fill
2026-10-02T12:23:49.4080695Z   cut-fill-create => /operations/cut-fill/form
2026-10-02T12:23:49.4080937Z   cut-fill-edit => /operations/cut-fill/:id/form
2026-10-02T12:23:49.4081167Z   land-clearing => /operations/land-clearing
2026-10-02T12:23:49.4081464Z   land-clearing-create => /operations/land-clearing/form
2026-10-02T12:23:49.4081755Z   land-clearing-detail => /operations/land-clearing/:id
2026-10-02T12:23:49.4082107Z   land-clearing-edit => /operations/land-clearing/:id/form
2026-10-02T12:23:49.4082336Z   benchmark-db => /operations/benchmark-db
2026-10-02T12:23:49.4082588Z   benchmark-form => /operations/benchmark-db/form
2026-10-02T12:23:49.4082822Z   benchmark-detail => /operations/benchmark-db/:id
2026-10-02T12:23:49.4083277Z   benchmark-edit => /operations/benchmark-db/:id/form
2026-10-02T12:23:49.4083763Z   teams => /teams
2026-10-02T12:23:49.4083965Z   attendance => /teams/attendance
2026-10-02T12:23:49.4084154Z   attendance-form => /teams/attendance/form
2026-10-02T12:23:49.4084276Z   daily-log => /teams/daily-log
2026-10-02T12:23:49.4084396Z   daily-log-form => /teams/daily-log/form
2026-10-02T12:23:49.4084551Z   daily-log-record-form => /teams/daily-log/:id/form
2026-10-02T12:23:49.4084662Z   inventory => /teams/inventory
2026-10-02T12:23:49.4084787Z   inventory-form => /teams/inventory/form
2026-10-02T12:23:49.4084909Z   inventory-detail => /teams/inventory/:id
2026-10-02T12:23:49.4085102Z   inventory-edit => /teams/inventory/:id/form
2026-10-02T12:23:49.4085326Z   equipment-check => /teams/equipment-check
2026-10-02T12:23:49.4085596Z   equipment-check-form => /teams/equipment-check/form
2026-10-02T12:23:49.4085881Z   equipment-check-detail => /teams/equipment-check/:id
2026-10-02T12:23:49.4086058Z   timeline => /teams/timeline
2026-10-02T12:23:49.4086226Z   settings => /settings
2026-10-02T12:23:49.4086454Z   settings-profile => /settings/profile/form
2026-10-02T12:23:49.4086648Z   report-config => /reports/config
2026-10-02T12:23:49.4086845Z   notifications => /notifications
2026-10-02T12:23:49.4086857Z 
2026-10-02T12:23:49.4087066Z GoRouter: INFO: Full paths for routes:
2026-10-02T12:23:49.4087346Z ├─/login (LoginPage)
2026-10-02T12:23:49.4087608Z ├─/privacy-gate (PrivacyAckPage)
2026-10-02T12:23:49.4087973Z ├─/__interaction-fixture (AppInteractionFixturePage)
2026-10-02T12:23:49.4088383Z │ └─/__interaction-fixture/form (AppInteractionFixturePage)
2026-10-02T12:23:49.4088607Z ├─ (ShellRoute)
2026-10-02T12:23:49.4088860Z │ ├─/ (BlocProvider<DashboardCubit>)
2026-10-02T12:23:49.4089095Z │ ├─/tools (GroupLandingPage)
2026-10-02T12:23:49.4089393Z │ │ └─/tools/data-bucket (DataBucketListPage)
2026-10-02T12:23:49.4089912Z │ │   ├─/tools/data-bucket/upload 
2026-10-02T12:23:49.4090204Z │ │   └─/tools/data-bucket/:id 
2026-10-02T12:23:49.4090463Z │ ├─/operations (GroupLandingPage)
2026-10-02T12:23:49.4090772Z │ │ ├─/operations/cut-fill (CutFillListScreen)
2026-10-02T12:23:49.4091017Z │ │ │ ├─/operations/cut-fill/form 
2026-10-02T12:23:49.4091281Z │ │ │ └─/operations/cut-fill/:id/form 
2026-10-02T12:23:49.4091691Z │ │ ├─/operations/land-clearing (LandClearingSummaryScreen)
2026-10-02T12:23:49.4091946Z │ │ │ ├─/operations/land-clearing/form 
2026-10-02T12:23:49.4092196Z │ │ │ ├─/operations/land-clearing/:id 
2026-10-02T12:23:49.4092463Z │ │ │ └─/operations/land-clearing/:id/form 
2026-10-02T12:23:49.4092814Z │ │ └─/operations/benchmark-db (BenchmarkListScreen)
2026-10-02T12:23:49.4093532Z │ │   ├─/operations/benchmark-db/form (BenchmarkFormScreen)
2026-10-02T12:23:49.4093812Z │ │   ├─/operations/benchmark-db/:id 
2026-10-02T12:23:49.4094093Z │ │   └─/operations/benchmark-db/:id/form 
2026-10-02T12:23:49.4094385Z │ ├─/teams (GroupLandingPage)
2026-10-02T12:23:49.4094688Z │ │ ├─/teams/attendance (AttendanceScreen)
2026-10-02T12:23:49.4094934Z │ │ │ └─/teams/attendance/form 
2026-10-02T12:23:49.4095241Z │ │ ├─/teams/daily-log (DailyLogListScreen)
2026-10-02T12:23:49.4095483Z │ │ │ ├─/teams/daily-log/form 
2026-10-02T12:23:49.4095738Z │ │ │ └─/teams/daily-log/:id/form 
2026-10-02T12:23:49.4096075Z │ │ ├─/teams/inventory (InventoryDashboardScreen)
2026-10-02T12:23:49.4096320Z │ │ │ ├─/teams/inventory/form 
2026-10-02T12:23:49.4096538Z │ │ │ ├─/teams/inventory/:id 
2026-10-02T12:23:49.4096768Z │ │ │ └─/teams/inventory/:id/form 
2026-10-02T12:23:49.4097117Z │ │ ├─/teams/equipment-check (EquipmentHistoryScreen)
2026-10-02T12:23:49.4097382Z │ │ │ ├─/teams/equipment-check/form 
2026-10-02T12:23:49.4097620Z │ │ │ └─/teams/equipment-check/:id 
2026-10-02T12:23:49.4097854Z │ │ └─/teams/timeline (TimelinePage)
2026-10-02T12:23:49.4098071Z │ └─/settings (SettingsPage)
2026-10-02T12:23:49.4098363Z │   └─/settings/profile/form (ProfileEditPage)
2026-10-02T12:23:49.4098631Z ├─/reports/config (Widget)
2026-10-02T12:23:49.4098956Z └─/notifications (BlocProvider<NotificationCubit>)
2026-10-02T12:23:49.4099386Z known full paths for route names:
2026-10-02T12:23:49.4099545Z   login => /login
2026-10-02T12:23:49.4099734Z   privacy-gate => /privacy-gate
2026-10-02T12:23:49.4099981Z   interaction-fixture => /__interaction-fixture
2026-10-02T12:23:49.4100290Z   interaction-fixture-form => /__interaction-fixture/form
2026-10-02T12:23:49.4100457Z   dashboard => /
2026-10-02T12:23:49.4100618Z   tools => /tools
2026-10-02T12:23:49.4100801Z   data-bucket => /tools/data-bucket
2026-10-02T12:23:49.4101034Z   data-bucket-upload => /tools/data-bucket/upload
2026-10-02T12:23:49.4101263Z   data-bucket-detail => /tools/data-bucket/:id
2026-10-02T12:23:49.4101450Z   operations => /operations
2026-10-02T12:23:49.4101631Z   cut-fill => /operations/cut-fill
2026-10-02T12:23:49.4101834Z   cut-fill-create => /operations/cut-fill/form
2026-10-02T12:23:49.4102236Z   cut-fill-edit => /operations/cut-fill/:id/form
2026-10-02T12:23:49.4102439Z   land-clearing => /operations/land-clearing
2026-10-02T12:23:49.4102716Z   land-clearing-create => /operations/land-clearing/form
2026-10-02T12:23:49.4103246Z   land-clearing-detail => /operations/land-clearing/:id
2026-10-02T12:23:49.4103568Z   land-clearing-edit => /operations/land-clearing/:id/form
2026-10-02T12:23:49.4103794Z   benchmark-db => /operations/benchmark-db
2026-10-02T12:23:49.4104055Z   benchmark-form => /operations/benchmark-db/form
2026-10-02T12:23:49.4104310Z   benchmark-detail => /operations/benchmark-db/:id
2026-10-02T12:23:49.4104575Z   benchmark-edit => /operations/benchmark-db/:id/form
2026-10-02T12:23:49.4104737Z   teams => /teams
2026-10-02T12:23:49.4104927Z   attendance => /teams/attendance
2026-10-02T12:23:49.4105143Z   attendance-form => /teams/attendance/form
2026-10-02T12:23:49.4105328Z   daily-log => /teams/daily-log
2026-10-02T12:23:49.4105529Z   daily-log-form => /teams/daily-log/form
2026-10-02T12:23:49.4106195Z   daily-log-record-form => /teams/daily-log/:id/form
2026-10-02T12:23:49.4106397Z   inventory => /teams/inventory
2026-10-02T12:23:49.4106611Z   inventory-form => /teams/inventory/form
2026-10-02T12:23:49.4106837Z   inventory-detail => /teams/inventory/:id
2026-10-02T12:23:49.4107068Z   inventory-edit => /teams/inventory/:id/form
2026-10-02T12:23:49.4107293Z   equipment-check => /teams/equipment-check
2026-10-02T12:23:49.4107565Z   equipment-check-form => /teams/equipment-check/form
2026-10-02T12:23:49.4107846Z   equipment-check-detail => /teams/equipment-check/:id
2026-10-02T12:23:49.4108027Z   timeline => /teams/timeline
2026-10-02T12:23:49.4108200Z   settings => /settings
2026-10-02T12:23:49.4108428Z   settings-profile => /settings/profile/form
2026-10-02T12:23:49.4108647Z   report-config => /reports/config
2026-10-02T12:23:49.4108840Z   notifications => /notifications
2026-10-02T12:23:49.4108994Z  
2026-10-02T12:23:49.4109239Z [INFO] GoRouter: setting initial location /login
2026-10-02T12:23:49.4109497Z GoRouter: INFO: setting initial location /login 
2026-10-02T12:23:49.4109742Z [INFO] GoRouter: Using WidgetsApp configuration
2026-10-02T12:23:49.4110223Z GoRouter: INFO: Using WidgetsApp configuration 
2026-10-02T12:23:49.4110424Z [FINE] supabase.auth: Saving session
2026-10-02T12:23:49.4117673Z [FINEST] supabase.auth: Saving session: Session(providerToken: <redacted>, providerRefreshToken: <redacted>, expiresIn: 3600, tokenType: bearer, user: User(id: cb041494-fccd-493b-b73b-50e952366ea8, appMetadata: {provider: email, providers: [email]}, userMetadata: {email_verified: true}, aud: authenticated, confirmationSentAt: null, recoverySentAt: null, emailChangeSentAt: null, newEmail: null, invitedAt: null, actionLink: null, email: ***, phone: , createdAt: 2026-08-29T08:04:41.039217Z, confirmedAt: 2026-08-29T08:04:41.068013Z, emailConfirmedAt: 2026-08-29T08:04:41.068013Z, phoneConfirmedAt: null, lastSignInAt: 2026-10-02T12:17:23.798395398Z, role: authenticated, updatedAt: 2026-10-02T12:17:23.804621Z, identities: [UserIdentity(id: cb041494-fccd-493b-b73b-50e952366ea8, userId: cb041494-fccd-493b-b73b-50e952366ea8, identityData: {email: ***, email_verified: false, phone_verified: false, sub: cb041494-fccd-493b-b73b-50e952366ea8}, identityId: 8d3c9ac0-0cb4-431a-ba43-538637ad8247, provider: email, createdAt: 2026-08-29T08:04:41.062276Z, lastSignInAt: 2026-08-29T08:04:41.062165Z, updatedAt: 2026-08-29T08:04:41.062276Z)], factors: null, isAnonymous: false), accessToken: <redacted>, refreshToken: <redacted>
2026-10-02T12:23:49.4128078Z [FINEST] supabase.auth: onAuthStateChange: AuthState(event: signedIn, session: Session(providerToken: <redacted>, providerRefreshToken: <redacted>, expiresIn: 3600, tokenType: bearer, user: User(id: cb041494-fccd-493b-b73b-50e952366ea8, appMetadata: {provider: email, providers: [email]}, userMetadata: {email_verified: true}, aud: authenticated, confirmationSentAt: null, recoverySentAt: null, emailChangeSentAt: null, newEmail: null, invitedAt: null, actionLink: null, email: ***, phone: , createdAt: 2026-08-29T08:04:41.039217Z, confirmedAt: 2026-08-29T08:04:41.068013Z, emailConfirmedAt: 2026-08-29T08:04:41.068013Z, phoneConfirmedAt: null, lastSignInAt: 2026-10-02T12:17:23.798395398Z, role: authenticated, updatedAt: 2026-10-02T12:17:23.804621Z, identities: [UserIdentity(id: cb041494-fccd-493b-b73b-50e952366ea8, userId: cb041494-fccd-493b-b73b-50e952366ea8, identityData: {email: ***, email_verified: false, phone_verified: false, sub: cb041494-fccd-493b-b73b-50e952366ea8}, identityId: 8d3c9ac0-0cb4-431a-ba43-538637ad8247, provider: email, createdAt: 2026-08-29T08:04:41.062276Z, lastSignInAt: 2026-08-29T08:04:41.062165Z, updatedAt: 2026-08-29T08:04:41.062276Z)], factors: null, isAnonymous: false), accessToken: <redacted>, refreshToken: <redacted>, fromBroadcast: false, signOutReason: null)
2026-10-02T12:23:49.4128976Z [FINEST] supabase.postgrest: Request: GET ***/rest/v1/users?select=%2A&id=eq.cb041494-fccd-493b-b73b-50e952366ea8
2026-10-02T12:23:49.4129563Z [INFO] GoRouter: redirecting to RouteMatchList#1b082(uri: /privacy-gate, matches: [RouteMatch#7ee4a(route: GoRoute#1ac4a(name: "privacy-gate", path: "/privacy-gate"))])
2026-10-02T12:23:49.4130375Z GoRouter: INFO: redirecting to RouteMatchList#1b082(uri: /privacy-gate, matches: [RouteMatch#7ee4a(route: GoRoute#1ac4a(name: "privacy-gate", path: "/privacy-gate"))]) 
2026-10-02T12:23:49.4130501Z [INFO] GoRouter: going to /
2026-10-02T12:23:49.4130602Z GoRouter: INFO: going to / 
2026-10-02T12:23:49.4130749Z [INFO] GoRouter: Using WidgetsApp configuration
2026-10-02T12:23:49.4130950Z GoRouter: INFO: Using WidgetsApp configuration 
2026-10-02T12:23:49.4132666Z [FINEST] supabase.postgrest: Request: GET ***/rest/v1/attendance_records?select=%2A%2Cusers%21attendance_records_user_id_fkey%28name%29&deleted_at=is.null
2026-10-02T12:23:49.4133827Z [FINEST] supabase.postgrest: Request: GET ***/rest/v1/equipment_checks?select=%2A&deleted_at=is.null
2026-10-02T12:23:49.4134150Z [FINE] SyncQueueManager: No pending sync items to process.
2026-10-02T12:23:49.4135013Z [FINEST] supabase.postgrest: Request: GET ***/rest/v1/cut_fill_records?select=%2A&deleted_at=is.null
2026-10-02T12:23:49.4135257Z [INFO] GoRouter: going to /operations/cut-fill
2026-10-02T12:23:49.4135733Z GoRouter: INFO: going to /operations/cut-fill 
2026-10-02T12:23:49.4136582Z [FINEST] supabase.postgrest: Request: GET ***/rest/v1/land_clearing_records?select=%2A&deleted_at=is.null
2026-10-02T12:23:49.4136834Z [INFO] GoRouter: Using WidgetsApp configuration
2026-10-02T12:23:49.4137091Z GoRouter: INFO: Using WidgetsApp configuration 
2026-10-02T12:23:49.4137398Z [FINE] SyncQueueManager: No pending sync items to process.
2026-10-02T12:23:49.4138043Z [FINEST] supabase.postgrest: Request: GET ***/rest/v1/cut_fill_records?select=%2A&deleted_at=is.null
2026-10-02T12:23:49.4138905Z [FINEST] supabase.postgrest: Request: GET ***/rest/v1/inventory_items?select=%2A&deleted_at=is.null
2026-10-02T12:23:49.4139777Z [FINEST] supabase.postgrest: Request: GET ***/rest/v1/land_clearing_records?select=%2A&deleted_at=is.null
2026-10-02T12:23:49.4140217Z [INFO] ReportingRepositoryImpl: Generating report: Laporan Volume Cut/Fill
2026-10-02T12:23:49.4140969Z ReportingRepositoryImpl: INFO: Generating report: Laporan Volume Cut/Fill 
2026-10-02T12:23:49.4143481Z [FINEST] supabase.postgrest: Request: GET ***/rest/v1/cut_fill_records?select=%2A%2Czones%21inner%28name%2Ccategory%29&site_id=eq.f47ac10b-58cc-4372-a567-0e02b2c3d479&measured_at=gte.2026-09-28T00%3A00%3A00.000&measured_at=lte.2026-10-04T23%3A59%3A59.000&deleted_at=is.null&order=measured_at.asc.nullslast
2026-10-02T12:23:49.4144761Z [FINEST] supabase.postgrest: Request: GET ***/rest/v1/inventory_items?select=%2A&deleted_at=is.null
2026-10-02T12:23:49.4145163Z [INFO] PdfService: Generating PDF for Laporan Volume Cut/Fill (14 records)
2026-10-02T12:23:49.4145833Z PdfService: INFO: Generating PDF for Laporan Volume Cut/Fill (14 records) 
2026-10-02T12:23:49.4146178Z Helvetica-Bold has no Unicode support see https://github.com/DavBfr/dart_pdf/wiki/Fonts-Management
2026-10-02T12:23:49.4146739Z Helvetica has no Unicode support see https://github.com/DavBfr/dart_pdf/wiki/Fonts-Management
2026-10-02T12:23:49.4147353Z Unable to find a font to draw "—" (U+2014) try to provide a TextStyle.fontFallback
2026-10-02T12:23:49.4147960Z Unable to find a font to draw "—" (U+2014) try to provide a TextStyle.fontFallback
2026-10-02T12:23:49.4148232Z [INFO] PdfService: PDF generated successfully: 5978 bytes
2026-10-02T12:23:49.4148526Z PdfService: INFO: PDF generated successfully: 5978 bytes 
2026-10-02T12:23:49.4148740Z [INFO] GoRouter: going to /teams/attendance
2026-10-02T12:23:49.4148950Z GoRouter: INFO: going to /teams/attendance 
2026-10-02T12:23:49.4149193Z [INFO] GoRouter: Using WidgetsApp configuration
2026-10-02T12:23:49.4149438Z GoRouter: INFO: Using WidgetsApp configuration 
2026-10-02T12:23:49.4150630Z [FINEST] supabase.postgrest: Request: GET ***/rest/v1/attendance_records?select=%2A%2Cusers%21attendance_records_user_id_fkey%28name%29&deleted_at=is.null
2026-10-02T12:23:49.4151028Z [INFO] ReportingRepositoryImpl: Generating report: Laporan Kehadiran
2026-10-02T12:23:49.4151426Z ReportingRepositoryImpl: INFO: Generating report: Laporan Kehadiran 
2026-10-02T12:23:49.4153492Z [FINEST] supabase.postgrest: Request: GET ***/rest/v1/attendance_records?select=%2A%2Cusers%21attendance_records_user_id_fkey%28name%29&site_id=eq.f47ac10b-58cc-4372-a567-0e02b2c3d479&date=gte.2026-10-02T00%3A00%3A00.000&date=lte.2026-10-02T00%3A00%3A00.000&deleted_at=is.null&order=date.asc.nullslast
2026-10-02T12:23:49.4153867Z [INFO] PdfService: Generating PDF for Laporan Kehadiran (6 records)
2026-10-02T12:23:49.4154198Z PdfService: INFO: Generating PDF for Laporan Kehadiran (6 records) 
2026-10-02T12:23:49.4154527Z Helvetica-Bold has no Unicode support see https://github.com/DavBfr/dart_pdf/wiki/Fonts-Management
2026-10-02T12:23:49.4154972Z Helvetica has no Unicode support see https://github.com/DavBfr/dart_pdf/wiki/Fonts-Management
2026-10-02T12:23:49.4155626Z Unable to find a font to draw "—" (U+2014) try to provide a TextStyle.fontFallback
2026-10-02T12:23:49.4156148Z Unable to find a font to draw "—" (U+2014) try to provide a TextStyle.fontFallback
2026-10-02T12:23:49.4156751Z [INFO] PdfService: PDF generated successfully: 5280 bytes
2026-10-02T12:23:49.4157665Z PdfService: INFO: PDF generated successfully: 5280 bytes 
2026-10-02T12:23:49.4158233Z ##[endgroup]
2026-10-02T12:23:49.4158643Z Running Gradle task 'assembleDebug'...                             41.4s
2026-10-02T12:23:49.4159122Z ✓ Built build/app/outputs/flutter-apk/app-debug.apk
2026-10-02T12:23:49.4159922Z Installing build/app/outputs/flutter-apk/app-debug.apk...        1,080ms
2026-10-02T12:23:49.4161372Z ##[group]✅ /home/runner/work/mine-flow-app/mine-flow-app/integration_test/journeys/auth_journey_test.dart: Auth Journey (STEP-45.3) login, session restore, logout, and invalid login E2E
2026-10-02T12:23:49.4161602Z [CONFIG] supabase.supabase_flutter: Initialize Supabase v2.17.2
2026-10-02T12:23:49.4162733Z [CONFIG] supabase.auth: Initialize GoTrueClient v2.27.2 with url: ***/auth/v1, autoRefreshToken: <redacted>, flowType: pkce, tickDuration: 0:00:10.000000, tickThreshold: 3
2026-10-02T12:23:49.4164831Z [FINEST] supabase.auth: Initialize with headers: {X-Client-Info: supabase-flutter/2.17.2; platform=Android; platform-version=sdk_gphone64_x86_64-userdebug 13 TE1A.240213.009 12342917 dev-keys; runtime=dart; runtime-version=3.13.1, apikey: <redacted>, Authorization: ***
2026-10-02T12:23:49.4165454Z [FINE] supabase.auth: Stopping auto refresh
2026-10-02T12:23:49.4165621Z [FINE] supabase.auth: Starting auto refresh
2026-10-02T12:23:49.4166108Z [CONFIG] supabase.postgrest: Initialize PostgrestClient with url: ***/rest/v1, schema: public
2026-10-02T12:23:49.4167173Z [FINEST] supabase.postgrest: Initialize with headers: {X-Client-Info: supabase-flutter/2.17.2; platform=Android; platform-version=sdk_gphone64_x86_64-userdebug 13 TE1A.240213.009 12342917 dev-keys; runtime=dart; runtime-version=3.13.1}
2026-10-02T12:23:49.4168107Z [CONFIG] supabase.functions: Initialize FunctionsClient v2.7.1 with url '***/functions/v1' and region 'null'
2026-10-02T12:23:49.4169094Z [FINEST] supabase.functions: Initialize with headers: {X-Client-Info: supabase-flutter/2.17.2; platform=Android; platform-version=sdk_gphone64_x86_64-userdebug 13 TE1A.240213.009 12342917 dev-keys; runtime=dart; runtime-version=3.13.1}
2026-10-02T12:23:49.4169961Z [CONFIG] supabase.storage: Initialize SupabaseStorageClient v2.8.0 with url: ***/storage/v1, retryAttempts: 0
2026-10-02T12:23:49.4170941Z [FINEST] supabase.storage: Initialize with headers: {X-Client-Info: supabase-flutter/2.17.2; platform=Android; platform-version=sdk_gphone64_x86_64-userdebug 13 TE1A.240213.009 12342917 dev-keys; runtime=dart; runtime-version=3.13.1}
2026-10-02T12:23:49.4172078Z [CONFIG] supabase.realtime: Initialize RealtimeClient with endpoint: wss://rpdnonpivoyhghzolyzv.supabase.co/realtime/v1, timeout: 0:00:10.000000, heartbeatIntervalMs: 25000, logLevel: null
2026-10-02T12:23:49.4174114Z [FINEST] supabase.realtime: Initialize with headers: {apikey: <redacted>, X-Client-Info: supabase-flutter/2.17.2; platform=Android; platform-version=sdk_gphone64_x86_64-userdebug 13 TE1A.240213.009 12342917 dev-keys; runtime=dart; runtime-version=3.13.1}, params: {apikey: <redacted>}
2026-10-02T12:23:49.4174646Z [CONFIG] supabase.supabase: Initialize SupabaseClient v2.16.1 with no custom access token
2026-10-02T12:23:49.4175455Z [FINEST] supabase.auth: onAuthStateChange: AuthState(event: initialSession, session: null, fromBroadcast: false, signOutReason: null)
2026-10-02T12:23:49.4175789Z [FINE] supabase.supabase_flutter: Starting deeplink observer
2026-10-02T12:23:49.4176186Z [INFO] supabase.supabase_flutter: ***** Supabase init completed *****
2026-10-02T12:23:49.4176590Z supabase.supabase_flutter: INFO: ***** Supabase init completed ***** 
2026-10-02T12:23:49.4177028Z [INFO] ConnectivityService: Connectivity changed → online
2026-10-02T12:23:49.4177425Z ConnectivityService: INFO: Connectivity changed → online 
2026-10-02T12:23:49.4177862Z [INFO] SyncQueueManager: Network connectivity restored. Triggering queue sync.
2026-10-02T12:23:49.4178287Z SyncQueueManager: INFO: Network connectivity restored. Triggering queue sync. 
2026-10-02T12:23:49.4178818Z [FINE] SyncQueueManager: No pending sync items to process.
2026-10-02T12:23:49.4179335Z [INFO] SyncQueueManager: Registered sync handler for entity type: data_bucket_metadata_sync
2026-10-02T12:23:49.4179901Z SyncQueueManager: INFO: Registered sync handler for entity type: data_bucket_metadata_sync 
2026-10-02T12:23:49.4180377Z [INFO] DataBucketSyncRegistrar: Registered sync handler for data_bucket_metadata_sync
2026-10-02T12:23:49.4180841Z DataBucketSyncRegistrar: INFO: Registered sync handler for data_bucket_metadata_sync 
2026-10-02T12:23:49.4181281Z [INFO] SyncQueueManager: Registered sync handler for entity type: cut_fill_records
2026-10-02T12:23:49.4181717Z SyncQueueManager: INFO: Registered sync handler for entity type: cut_fill_records 
2026-10-02T12:23:49.4182119Z [INFO] TrackingSyncRegistrar: Registered sync handler for cut_fill_records
2026-10-02T12:23:49.4182533Z TrackingSyncRegistrar: INFO: Registered sync handler for cut_fill_records 
2026-10-02T12:23:49.4183261Z [INFO] SyncQueueManager: Registered sync handler for entity type: land_clearing_records
2026-10-02T12:23:49.4184175Z SyncQueueManager: INFO: Registered sync handler for entity type: land_clearing_records 
2026-10-02T12:23:49.4184463Z [INFO] TrackingSyncRegistrar: Registered sync handler for land_clearing_records
2026-10-02T12:23:49.4184713Z TrackingSyncRegistrar: INFO: Registered sync handler for land_clearing_records 
2026-10-02T12:23:49.4185155Z [INFO] SyncQueueManager: Registered sync handler for entity type: inventory_items
2026-10-02T12:23:49.4185605Z SyncQueueManager: INFO: Registered sync handler for entity type: inventory_items 
2026-10-02T12:23:49.4186005Z [INFO] TrackingSyncRegistrar: Registered sync handler for inventory_items
2026-10-02T12:23:49.4186248Z TrackingSyncRegistrar: INFO: Registered sync handler for inventory_items 
2026-10-02T12:23:49.4186739Z [INFO] SyncQueueManager: Registered sync handler for entity type: inventory_transactions
2026-10-02T12:23:49.4187241Z SyncQueueManager: INFO: Registered sync handler for entity type: inventory_transactions 
2026-10-02T12:23:49.4187696Z [INFO] TrackingSyncRegistrar: Registered sync handler for inventory_transactions
2026-10-02T12:23:49.4188130Z TrackingSyncRegistrar: INFO: Registered sync handler for inventory_transactions 
2026-10-02T12:23:49.4188576Z [INFO] SyncQueueManager: Registered sync handler for entity type: attendance_records
2026-10-02T12:23:49.4189037Z SyncQueueManager: INFO: Registered sync handler for entity type: attendance_records 
2026-10-02T12:23:49.4189474Z [INFO] AttendanceSyncRegistrar: Registered sync handler for attendance_records
2026-10-02T12:23:49.4189787Z AttendanceSyncRegistrar: INFO: Registered sync handler for attendance_records 
2026-10-02T12:23:49.4190011Z [INFO] SyncQueueManager: Registered sync handler for entity type: daily_logs
2026-10-02T12:23:49.4190240Z SyncQueueManager: INFO: Registered sync handler for entity type: daily_logs 
2026-10-02T12:23:49.4190448Z [INFO] DailyLogSyncRegistrar: Registered sync handler for daily_logs
2026-10-02T12:23:49.4190859Z DailyLogSyncRegistrar: INFO: Registered sync handler for daily_logs 
2026-10-02T12:23:49.4191311Z [INFO] SyncQueueManager: Registered sync handler for entity type: equipment_checks
2026-10-02T12:23:49.4191751Z SyncQueueManager: INFO: Registered sync handler for entity type: equipment_checks 
2026-10-02T12:23:49.4192224Z [INFO] EquipmentCheckSyncRegistrar: Registered sync handler for equipment_checks
2026-10-02T12:23:49.4192687Z EquipmentCheckSyncRegistrar: INFO: Registered sync handler for equipment_checks 
2026-10-02T12:23:49.4193245Z [INFO] SyncQueueManager: Registered sync handler for entity type: benchmarks
2026-10-02T12:23:49.4193496Z SyncQueueManager: INFO: Registered sync handler for entity type: benchmarks 
2026-10-02T12:23:49.4193912Z [INFO] BenchmarkSyncRegistrar: Registered sync handler for benchmarks
2026-10-02T12:23:49.4194249Z BenchmarkSyncRegistrar: INFO: Registered sync handler for benchmarks 
2026-10-02T12:23:49.4194469Z [INFO] GoRouter: Full paths for routes:
2026-10-02T12:23:49.4194953Z ├─/login (LoginPage)
2026-10-02T12:23:49.4195239Z ├─/privacy-gate (PrivacyAckPage)
2026-10-02T12:23:49.4195611Z ├─/__interaction-fixture (AppInteractionFixturePage)
2026-10-02T12:23:49.4196026Z │ └─/__interaction-fixture/form (AppInteractionFixturePage)
2026-10-02T12:23:49.4196249Z ├─ (ShellRoute)
2026-10-02T12:23:49.4196533Z │ ├─/ (BlocProvider<DashboardCubit>)
2026-10-02T12:23:49.4196797Z │ ├─/tools (GroupLandingPage)
2026-10-02T12:23:49.4197114Z │ │ └─/tools/data-bucket (DataBucketListPage)
2026-10-02T12:23:49.4197384Z │ │   ├─/tools/data-bucket/upload 
2026-10-02T12:23:49.4197639Z │ │   └─/tools/data-bucket/:id 
2026-10-02T12:23:49.4197921Z │ ├─/operations (GroupLandingPage)
2026-10-02T12:23:49.4198177Z │ │ ├─/operations/cut-fill (CutFillListScreen)
2026-10-02T12:23:49.4198353Z │ │ │ ├─/operations/cut-fill/form 
2026-10-02T12:23:49.4198508Z │ │ │ └─/operations/cut-fill/:id/form 
2026-10-02T12:23:49.4198751Z │ │ ├─/operations/land-clearing (LandClearingSummaryScreen)
2026-10-02T12:23:49.4199094Z │ │ │ ├─/operations/land-clearing/form 
2026-10-02T12:23:49.4199370Z │ │ │ ├─/operations/land-clearing/:id 
2026-10-02T12:23:49.4199667Z │ │ │ └─/operations/land-clearing/:id/form 
2026-10-02T12:23:49.4200037Z │ │ └─/operations/benchmark-db (BenchmarkListScreen)
2026-10-02T12:23:49.4200420Z │ │   ├─/operations/benchmark-db/form (BenchmarkFormScreen)
2026-10-02T12:23:49.4200687Z │ │   ├─/operations/benchmark-db/:id 
2026-10-02T12:23:49.4200970Z │ │   └─/operations/benchmark-db/:id/form 
2026-10-02T12:23:49.4201237Z │ ├─/teams (GroupLandingPage)
2026-10-02T12:23:49.4201531Z │ │ ├─/teams/attendance (AttendanceScreen)
2026-10-02T12:23:49.4201788Z │ │ │ └─/teams/attendance/form 
2026-10-02T12:23:49.4202099Z │ │ ├─/teams/daily-log (DailyLogListScreen)
2026-10-02T12:23:49.4202355Z │ │ │ ├─/teams/daily-log/form 
2026-10-02T12:23:49.4202919Z │ │ │ └─/teams/daily-log/:id/form 
2026-10-02T12:23:49.4203686Z │ │ ├─/teams/inventory (InventoryDashboardScreen)
2026-10-02T12:23:49.4203991Z │ │ │ ├─/teams/inventory/form 
2026-10-02T12:23:49.4204245Z │ │ │ ├─/teams/inventory/:id 
2026-10-02T12:23:49.4204505Z │ │ │ └─/teams/inventory/:id/form 
2026-10-02T12:23:49.4204866Z │ │ ├─/teams/equipment-check (EquipmentHistoryScreen)
2026-10-02T12:23:49.4205145Z │ │ │ ├─/teams/equipment-check/form 
2026-10-02T12:23:49.4205304Z │ │ │ └─/teams/equipment-check/:id 
2026-10-02T12:23:49.4205456Z │ │ └─/teams/timeline (TimelinePage)
2026-10-02T12:23:49.4205599Z │ └─/settings (SettingsPage)
2026-10-02T12:23:49.4205783Z │   └─/settings/profile/form (ProfileEditPage)
2026-10-02T12:23:49.4206042Z ├─/reports/config (Widget)
2026-10-02T12:23:49.4206413Z └─/notifications (BlocProvider<NotificationCubit>)
2026-10-02T12:23:49.4206611Z known full paths for route names:
2026-10-02T12:23:49.4206771Z   login => /login
2026-10-02T12:23:49.4206984Z   privacy-gate => /privacy-gate
2026-10-02T12:23:49.4207224Z   interaction-fixture => /__interaction-fixture
2026-10-02T12:23:49.4207522Z   interaction-fixture-form => /__interaction-fixture/form
2026-10-02T12:23:49.4207694Z   dashboard => /
2026-10-02T12:23:49.4207852Z   tools => /tools
2026-10-02T12:23:49.4208050Z   data-bucket => /tools/data-bucket
2026-10-02T12:23:49.4208305Z   data-bucket-upload => /tools/data-bucket/upload
2026-10-02T12:23:49.4208548Z   data-bucket-detail => /tools/data-bucket/:id
2026-10-02T12:23:49.4208736Z   operations => /operations
2026-10-02T12:23:49.4208939Z   cut-fill => /operations/cut-fill
2026-10-02T12:23:49.4209173Z   cut-fill-create => /operations/cut-fill/form
2026-10-02T12:23:49.4209399Z   cut-fill-edit => /operations/cut-fill/:id/form
2026-10-02T12:23:49.4209623Z   land-clearing => /operations/land-clearing
2026-10-02T12:23:49.4209919Z   land-clearing-create => /operations/land-clearing/form
2026-10-02T12:23:49.4210203Z   land-clearing-detail => /operations/land-clearing/:id
2026-10-02T12:23:49.4210512Z   land-clearing-edit => /operations/land-clearing/:id/form
2026-10-02T12:23:49.4210742Z   benchmark-db => /operations/benchmark-db
2026-10-02T12:23:49.4211197Z   benchmark-form => /operations/benchmark-db/form
2026-10-02T12:23:49.4211355Z   benchmark-detail => /operations/benchmark-db/:id
2026-10-02T12:23:49.4211514Z   benchmark-edit => /operations/benchmark-db/:id/form
2026-10-02T12:23:49.4211608Z   teams => /teams
2026-10-02T12:23:49.4211713Z   attendance => /teams/attendance
2026-10-02T12:23:49.4211921Z   attendance-form => /teams/attendance/form
2026-10-02T12:23:49.4212120Z   daily-log => /teams/daily-log
2026-10-02T12:23:49.4212338Z   daily-log-form => /teams/daily-log/form
2026-10-02T12:23:49.4212606Z   daily-log-record-form => /teams/daily-log/:id/form
2026-10-02T12:23:49.4212791Z   inventory => /teams/inventory
2026-10-02T12:23:49.4213219Z   inventory-form => /teams/inventory/form
2026-10-02T12:23:49.4213441Z   inventory-detail => /teams/inventory/:id
2026-10-02T12:23:49.4213677Z   inventory-edit => /teams/inventory/:id/form
2026-10-02T12:23:49.4213897Z   equipment-check => /teams/equipment-check
2026-10-02T12:23:49.4214168Z   equipment-check-form => /teams/equipment-check/form
2026-10-02T12:23:49.4214465Z   equipment-check-detail => /teams/equipment-check/:id
2026-10-02T12:23:49.4214654Z   timeline => /teams/timeline
2026-10-02T12:23:49.4214829Z   settings => /settings
2026-10-02T12:23:49.4215069Z   settings-profile => /settings/profile/form
2026-10-02T12:23:49.4215272Z   report-config => /reports/config
2026-10-02T12:23:49.4215473Z   notifications => /notifications
2026-10-02T12:23:49.4215485Z 
2026-10-02T12:23:49.4215694Z GoRouter: INFO: Full paths for routes:
2026-10-02T12:23:49.4215972Z ├─/login (LoginPage)
2026-10-02T12:23:49.4216233Z ├─/privacy-gate (PrivacyAckPage)
2026-10-02T12:23:49.4216454Z ├─/__interaction-fixture (AppInteractionFixturePage)
2026-10-02T12:23:49.4216878Z │ └─/__interaction-fixture/form (AppInteractionFixturePage)
2026-10-02T12:23:49.4217057Z ├─ (ShellRoute)
2026-10-02T12:23:49.4217496Z │ ├─/ (BlocProvider<DashboardCubit>)
2026-10-02T12:23:49.4217796Z │ ├─/tools (GroupLandingPage)
2026-10-02T12:23:49.4218145Z │ │ └─/tools/data-bucket (DataBucketListPage)
2026-10-02T12:23:49.4218431Z │ │   ├─/tools/data-bucket/upload 
2026-10-02T12:23:49.4218688Z │ │   └─/tools/data-bucket/:id 
2026-10-02T12:23:49.4218975Z │ ├─/operations (GroupLandingPage)
2026-10-02T12:23:49.4219315Z │ │ ├─/operations/cut-fill (CutFillListScreen)
2026-10-02T12:23:49.4219497Z │ │ │ ├─/operations/cut-fill/form 
2026-10-02T12:23:49.4219652Z │ │ │ └─/operations/cut-fill/:id/form 
2026-10-02T12:23:49.4219892Z │ │ ├─/operations/land-clearing (LandClearingSummaryScreen)
2026-10-02T12:23:49.4220044Z │ │ │ ├─/operations/land-clearing/form 
2026-10-02T12:23:49.4220192Z │ │ │ ├─/operations/land-clearing/:id 
2026-10-02T12:23:49.4220439Z │ │ │ └─/operations/land-clearing/:id/form 
2026-10-02T12:23:49.4220788Z │ │ └─/operations/benchmark-db (BenchmarkListScreen)
2026-10-02T12:23:49.4221225Z │ │   ├─/operations/benchmark-db/form (BenchmarkFormScreen)
2026-10-02T12:23:49.4221498Z │ │   ├─/operations/benchmark-db/:id 
2026-10-02T12:23:49.4221795Z │ │   └─/operations/benchmark-db/:id/form 
2026-10-02T12:23:49.4222094Z │ ├─/teams (GroupLandingPage)
2026-10-02T12:23:49.4222404Z │ │ ├─/teams/attendance (AttendanceScreen)
2026-10-02T12:23:49.4222661Z │ │ │ └─/teams/attendance/form 
2026-10-02T12:23:49.4224608Z │ │ ├─/teams/daily-log (DailyLogListScreen)
2026-10-02T12:23:49.4224926Z │ │ │ ├─/teams/daily-log/form 
2026-10-02T12:23:49.4225190Z │ │ │ └─/teams/daily-log/:id/form 
2026-10-02T12:23:49.4225531Z │ │ ├─/teams/inventory (InventoryDashboardScreen)
2026-10-02T12:23:49.4225784Z │ │ │ ├─/teams/inventory/form 
2026-10-02T12:23:49.4226023Z │ │ │ ├─/teams/inventory/:id 
2026-10-02T12:23:49.4226279Z │ │ │ └─/teams/inventory/:id/form 
2026-10-02T12:23:49.4226650Z │ │ ├─/teams/equipment-check (EquipmentHistoryScreen)
2026-10-02T12:23:49.4226923Z │ │ │ ├─/teams/equipment-check/form 
2026-10-02T12:23:49.4227225Z │ │ │ └─/teams/equipment-check/:id 
2026-10-02T12:23:49.4227512Z │ │ └─/teams/timeline (TimelinePage)
2026-10-02T12:23:49.4227751Z │ └─/settings (SettingsPage)
2026-10-02T12:23:49.4228357Z │   └─/settings/profile/form (ProfileEditPage)
2026-10-02T12:23:49.4228621Z ├─/reports/config (Widget)
2026-10-02T12:23:49.4228994Z └─/notifications (BlocProvider<NotificationCubit>)
2026-10-02T12:23:49.4229194Z known full paths for route names:
2026-10-02T12:23:49.4229363Z   login => /login
2026-10-02T12:23:49.4229564Z   privacy-gate => /privacy-gate
2026-10-02T12:23:49.4229821Z   interaction-fixture => /__interaction-fixture
2026-10-02T12:23:49.4230123Z   interaction-fixture-form => /__interaction-fixture/form
2026-10-02T12:23:49.4230298Z   dashboard => /
2026-10-02T12:23:49.4230469Z   tools => /tools
2026-10-02T12:23:49.4231222Z   data-bucket => /tools/data-bucket
2026-10-02T12:23:49.4231506Z   data-bucket-upload => /tools/data-bucket/upload
2026-10-02T12:23:49.4231757Z   data-bucket-detail => /tools/data-bucket/:id
2026-10-02T12:23:49.4232194Z   operations => /operations
2026-10-02T12:23:49.4232841Z   cut-fill => /operations/cut-fill
2026-10-02T12:23:49.4233423Z   cut-fill-create => /operations/cut-fill/form
2026-10-02T12:23:49.4233692Z   cut-fill-edit => /operations/cut-fill/:id/form
2026-10-02T12:23:49.4233914Z   land-clearing => /operations/land-clearing
2026-10-02T12:23:49.4234205Z   land-clearing-create => /operations/land-clearing/form
2026-10-02T12:23:49.4234499Z   land-clearing-detail => /operations/land-clearing/:id
2026-10-02T12:23:49.4234799Z   land-clearing-edit => /operations/land-clearing/:id/form
2026-10-02T12:23:49.4235048Z   benchmark-db => /operations/benchmark-db
2026-10-02T12:23:49.4235310Z   benchmark-form => /operations/benchmark-db/form
2026-10-02T12:23:49.4235568Z   benchmark-detail => /operations/benchmark-db/:id
2026-10-02T12:23:49.4235842Z   benchmark-edit => /operations/benchmark-db/:id/form
2026-10-02T12:23:49.4236018Z   teams => /teams
2026-10-02T12:23:49.4236217Z   attendance => /teams/attendance
2026-10-02T12:23:49.4236654Z   attendance-form => /teams/attendance/form
2026-10-02T12:23:49.4236824Z   daily-log => /teams/daily-log
2026-10-02T12:23:49.4236967Z   daily-log-form => /teams/daily-log/form
2026-10-02T12:23:49.4237139Z   daily-log-record-form => /teams/daily-log/:id/form
2026-10-02T12:23:49.4237334Z   inventory => /teams/inventory
2026-10-02T12:23:49.4237551Z   inventory-form => /teams/inventory/form
2026-10-02T12:23:49.4237770Z   inventory-detail => /teams/inventory/:id
2026-10-02T12:23:49.4237996Z   inventory-edit => /teams/inventory/:id/form
2026-10-02T12:23:49.4238210Z   equipment-check => /teams/equipment-check
2026-10-02T12:23:49.4238498Z   equipment-check-form => /teams/equipment-check/form
2026-10-02T12:23:49.4238791Z   equipment-check-detail => /teams/equipment-check/:id
2026-10-02T12:23:49.4238983Z   timeline => /teams/timeline
2026-10-02T12:23:49.4239162Z   settings => /settings
2026-10-02T12:23:49.4239406Z   settings-profile => /settings/profile/form
2026-10-02T12:23:49.4239621Z   report-config => /reports/config
2026-10-02T12:23:49.4239809Z   notifications => /notifications
2026-10-02T12:23:49.4239895Z  
2026-10-02T12:23:49.4240406Z [INFO] GoRouter: setting initial location /login
2026-10-02T12:23:49.4240657Z GoRouter: INFO: setting initial location /login 
2026-10-02T12:23:49.4240906Z [INFO] GoRouter: Using WidgetsApp configuration
2026-10-02T12:23:49.4241159Z GoRouter: INFO: Using WidgetsApp configuration 
2026-10-02T12:23:49.4241370Z [FINE] supabase.auth: Saving session
2026-10-02T12:23:49.4248107Z [FINEST] supabase.auth: Saving session: Session(providerToken: <redacted>, providerRefreshToken: <redacted>, expiresIn: 3600, tokenType: bearer, user: User(id: cb041494-fccd-493b-b73b-50e952366ea8, appMetadata: {provider: email, providers: [email]}, userMetadata: {email_verified: true}, aud: authenticated, confirmationSentAt: null, recoverySentAt: null, emailChangeSentAt: null, newEmail: null, invitedAt: null, actionLink: null, email: ***, phone: , createdAt: 2026-08-29T08:04:41.039217Z, confirmedAt: 2026-08-29T08:04:41.068013Z, emailConfirmedAt: 2026-08-29T08:04:41.068013Z, phoneConfirmedAt: null, lastSignInAt: 2026-10-02T12:18:25.820873669Z, role: authenticated, updatedAt: 2026-10-02T12:18:25.833696Z, identities: [UserIdentity(id: cb041494-fccd-493b-b73b-50e952366ea8, userId: cb041494-fccd-493b-b73b-50e952366ea8, identityData: {email: ***, email_verified: false, phone_verified: false, sub: cb041494-fccd-493b-b73b-50e952366ea8}, identityId: 8d3c9ac0-0cb4-431a-ba43-538637ad8247, provider: email, createdAt: 2026-08-29T08:04:41.062276Z, lastSignInAt: 2026-08-29T08:04:41.062165Z, updatedAt: 2026-08-29T08:04:41.062276Z)], factors: null, isAnonymous: false), accessToken: <redacted>, refreshToken: <redacted>
2026-10-02T12:23:49.4256239Z [FINEST] supabase.auth: onAuthStateChange: AuthState(event: signedIn, session: Session(providerToken: <redacted>, providerRefreshToken: <redacted>, expiresIn: 3600, tokenType: bearer, user: User(id: cb041494-fccd-493b-b73b-50e952366ea8, appMetadata: {provider: email, providers: [email]}, userMetadata: {email_verified: true}, aud: authenticated, confirmationSentAt: null, recoverySentAt: null, emailChangeSentAt: null, newEmail: null, invitedAt: null, actionLink: null, email: ***, phone: , createdAt: 2026-08-29T08:04:41.039217Z, confirmedAt: 2026-08-29T08:04:41.068013Z, emailConfirmedAt: 2026-08-29T08:04:41.068013Z, phoneConfirmedAt: null, lastSignInAt: 2026-10-02T12:18:25.820873669Z, role: authenticated, updatedAt: 2026-10-02T12:18:25.833696Z, identities: [UserIdentity(id: cb041494-fccd-493b-b73b-50e952366ea8, userId: cb041494-fccd-493b-b73b-50e952366ea8, identityData: {email: ***, email_verified: false, phone_verified: false, sub: cb041494-fccd-493b-b73b-50e952366ea8}, identityId: 8d3c9ac0-0cb4-431a-ba43-538637ad8247, provider: email, createdAt: 2026-08-29T08:04:41.062276Z, lastSignInAt: 2026-08-29T08:04:41.062165Z, updatedAt: 2026-08-29T08:04:41.062276Z)], factors: null, isAnonymous: false), accessToken: <redacted>, refreshToken: <redacted>, fromBroadcast: false, signOutReason: null)
2026-10-02T12:23:49.4257459Z [FINEST] supabase.postgrest: Request: GET ***/rest/v1/users?select=%2A&id=eq.cb041494-fccd-493b-b73b-50e952366ea8
2026-10-02T12:23:49.4258930Z [INFO] GoRouter: redirecting to RouteMatchList#fd422(uri: /privacy-gate, matches: [RouteMatch#1bd61(route: GoRoute#189af(name: "privacy-gate", path: "/privacy-gate"))])
2026-10-02T12:23:49.4259947Z GoRouter: INFO: redirecting to RouteMatchList#fd422(uri: /privacy-gate, matches: [RouteMatch#1bd61(route: GoRoute#189af(name: "privacy-gate", path: "/privacy-gate"))]) 
2026-10-02T12:23:49.4260501Z [INFO] supabase.supabase_flutter: Supabase is already initialized. Skipping reinitialization.
2026-10-02T12:23:49.4260965Z supabase.supabase_flutter: INFO: Supabase is already initialized. Skipping reinitialization. 
2026-10-02T12:23:49.4261263Z [INFO] supabase.supabase_flutter: Supabase is already initialized. Skipping reinitialization.
2026-10-02T12:23:49.4261740Z [INFO] SyncQueueManager: Registered sync handler for entity type: data_bucket_metadata_sync
2026-10-02T12:23:49.4262248Z SyncQueueManager: INFO: Registered sync handler for entity type: data_bucket_metadata_sync 
2026-10-02T12:23:49.4262776Z [INFO] SyncQueueManager: Registered sync handler for entity type: data_bucket_metadata_sync
2026-10-02T12:23:49.4263732Z [INFO] DataBucketSyncRegistrar: Registered sync handler for data_bucket_metadata_sync
2026-10-02T12:23:49.4264949Z DataBucketSyncRegistrar: INFO: Registered sync handler for data_bucket_metadata_sync 
2026-10-02T12:23:49.4265468Z [INFO] DataBucketSyncRegistrar: Registered sync handler for data_bucket_metadata_sync
2026-10-02T12:23:49.4265736Z [INFO] SyncQueueManager: Registered sync handler for entity type: cut_fill_records
2026-10-02T12:23:49.4266425Z SyncQueueManager: INFO: Registered sync handler for entity type: cut_fill_records 
2026-10-02T12:23:49.4267254Z [INFO] SyncQueueManager: Registered sync handler for entity type: cut_fill_records
2026-10-02T12:23:49.4267671Z [INFO] TrackingSyncRegistrar: Registered sync handler for cut_fill_records
2026-10-02T12:23:49.4268395Z TrackingSyncRegistrar: INFO: Registered sync handler for cut_fill_records 
2026-10-02T12:23:49.4268795Z [INFO] TrackingSyncRegistrar: Registered sync handler for cut_fill_records
2026-10-02T12:23:49.4269473Z [INFO] SyncQueueManager: Registered sync handler for entity type: land_clearing_records
2026-10-02T12:23:49.4269944Z SyncQueueManager: INFO: Registered sync handler for entity type: land_clearing_records 
2026-10-02T12:23:49.4270400Z [INFO] SyncQueueManager: Registered sync handler for entity type: land_clearing_records
2026-10-02T12:23:49.4270824Z [INFO] TrackingSyncRegistrar: Registered sync handler for land_clearing_records
2026-10-02T12:23:49.4271244Z TrackingSyncRegistrar: INFO: Registered sync handler for land_clearing_records 
2026-10-02T12:23:49.4287342Z [INFO] TrackingSyncRegistrar: Registered sync handler for land_clearing_records
2026-10-02T12:23:49.4287840Z [INFO] SyncQueueManager: Registered sync handler for entity type: inventory_items
2026-10-02T12:23:49.4288353Z SyncQueueManager: INFO: Registered sync handler for entity type: inventory_items 
2026-10-02T12:23:49.4288802Z [INFO] SyncQueueManager: Registered sync handler for entity type: inventory_items
2026-10-02T12:23:49.4289228Z [INFO] TrackingSyncRegistrar: Registered sync handler for inventory_items
2026-10-02T12:23:49.4289655Z TrackingSyncRegistrar: INFO: Registered sync handler for inventory_items 
2026-10-02T12:23:49.4290053Z [INFO] TrackingSyncRegistrar: Registered sync handler for inventory_items
2026-10-02T12:23:49.4290554Z [INFO] SyncQueueManager: Registered sync handler for entity type: inventory_transactions
2026-10-02T12:23:49.4291047Z SyncQueueManager: INFO: Registered sync handler for entity type: inventory_transactions 
2026-10-02T12:23:49.4291337Z [INFO] SyncQueueManager: Registered sync handler for entity type: inventory_transactions
2026-10-02T12:23:49.4291826Z [INFO] TrackingSyncRegistrar: Registered sync handler for inventory_transactions
2026-10-02T12:23:49.4292512Z TrackingSyncRegistrar: INFO: Registered sync handler for inventory_transactions 
2026-10-02T12:23:49.4293183Z [INFO] TrackingSyncRegistrar: Registered sync handler for inventory_transactions
2026-10-02T12:23:49.4293671Z [INFO] SyncQueueManager: Registered sync handler for entity type: attendance_records
2026-10-02T12:23:49.4294116Z SyncQueueManager: INFO: Registered sync handler for entity type: attendance_records 
2026-10-02T12:23:49.4294570Z [INFO] SyncQueueManager: Registered sync handler for entity type: attendance_records
2026-10-02T12:23:49.4295012Z [INFO] AttendanceSyncRegistrar: Registered sync handler for attendance_records
2026-10-02T12:23:49.4295471Z AttendanceSyncRegistrar: INFO: Registered sync handler for attendance_records 
2026-10-02T12:23:49.4295916Z [INFO] AttendanceSyncRegistrar: Registered sync handler for attendance_records
2026-10-02T12:23:49.4296308Z [INFO] SyncQueueManager: Registered sync handler for entity type: daily_logs
2026-10-02T12:23:49.4296559Z SyncQueueManager: INFO: Registered sync handler for entity type: daily_logs 
2026-10-02T12:23:49.4296784Z [INFO] SyncQueueManager: Registered sync handler for entity type: daily_logs
2026-10-02T12:23:49.4297091Z [INFO] DailyLogSyncRegistrar: Registered sync handler for daily_logs
2026-10-02T12:23:49.4297473Z DailyLogSyncRegistrar: INFO: Registered sync handler for daily_logs 
2026-10-02T12:23:49.4297831Z [INFO] DailyLogSyncRegistrar: Registered sync handler for daily_logs
2026-10-02T12:23:49.4298275Z [INFO] SyncQueueManager: Registered sync handler for entity type: equipment_checks
2026-10-02T12:23:49.4298722Z SyncQueueManager: INFO: Registered sync handler for entity type: equipment_checks 
2026-10-02T12:23:49.4299170Z [INFO] SyncQueueManager: Registered sync handler for entity type: equipment_checks
2026-10-02T12:23:49.4299631Z [INFO] EquipmentCheckSyncRegistrar: Registered sync handler for equipment_checks
2026-10-02T12:23:49.4300101Z EquipmentCheckSyncRegistrar: INFO: Registered sync handler for equipment_checks 
2026-10-02T12:23:49.4300571Z [INFO] EquipmentCheckSyncRegistrar: Registered sync handler for equipment_checks
2026-10-02T12:23:49.4300972Z [INFO] SyncQueueManager: Registered sync handler for entity type: benchmarks
2026-10-02T12:23:49.4301525Z SyncQueueManager: INFO: Registered sync handler for entity type: benchmarks 
2026-10-02T12:23:49.4301932Z [INFO] SyncQueueManager: Registered sync handler for entity type: benchmarks
2026-10-02T12:23:49.4302329Z [INFO] BenchmarkSyncRegistrar: Registered sync handler for benchmarks
2026-10-02T12:23:49.4302717Z BenchmarkSyncRegistrar: INFO: Registered sync handler for benchmarks 
2026-10-02T12:23:49.4303453Z [INFO] BenchmarkSyncRegistrar: Registered sync handler for benchmarks
2026-10-02T12:23:49.4304486Z [FINEST] supabase.postgrest: Request: GET ***/rest/v1/users?select=%2A&id=eq.cb041494-fccd-493b-b73b-50e952366ea8
2026-10-02T12:23:49.4305147Z [FINEST] supabase.postgrest: Request: GET ***/rest/v1/users?select=%2A&id=eq.cb041494-fccd-493b-b73b-50e952366ea8
2026-10-02T12:23:49.4305337Z [INFO] supabase.auth: Signing out user with scope: local
2026-10-02T12:23:49.4305510Z supabase.auth: INFO: Signing out user with scope: local 
2026-10-02T12:23:49.4305849Z [INFO] supabase.auth: Signing out user with scope: local
2026-10-02T12:23:49.4306065Z [FINE] supabase.auth: Removing session
2026-10-02T12:23:49.4306276Z [FINE] supabase.auth: Removing session
2026-10-02T12:23:49.4307088Z [FINEST] supabase.auth: onAuthStateChange: AuthState(event: signedOut, session: null, fromBroadcast: false, signOutReason: userInitiated)
2026-10-02T12:23:49.4307891Z [FINEST] supabase.auth: onAuthStateChange: AuthState(event: signedOut, session: null, fromBroadcast: false, signOutReason: userInitiated)
2026-10-02T12:23:49.4308717Z [INFO] GoRouter: redirecting to RouteMatchList#2a793(uri: /login, matches: [RouteMatch#b2ea2(route: GoRoute#cf33d(name: "login", path: "/login"))])
2026-10-02T12:23:49.4309550Z GoRouter: INFO: redirecting to RouteMatchList#2a793(uri: /login, matches: [RouteMatch#b2ea2(route: GoRoute#cf33d(name: "login", path: "/login"))]) 
2026-10-02T12:23:49.4310632Z [INFO] GoRouter: redirecting to RouteMatchList#2a793(uri: /login, matches: [RouteMatch#b2ea2(route: GoRoute#cf33d(name: "login", path: "/login"))])
2026-10-02T12:23:49.4311236Z ##[endgroup]
2026-10-02T12:23:49.4311607Z Running Gradle task 'assembleDebug'...                             43.1s
2026-10-02T12:23:49.4312118Z ✓ Built build/app/outputs/flutter-apk/app-debug.apk
2026-10-02T12:23:49.4312531Z Installing build/app/outputs/flutter-apk/app-debug.apk...          943ms
2026-10-02T12:23:49.4315274Z ##[group]✅ /home/runner/work/mine-flow-app/mine-flow-app/integration_test/journeys/daily_log_journey_test.dart: Daily Log Journey (STEP-45.4) login, create structured daily log with zone CreatableCombobox, assert attribution (CF-006/007), list visibility, and draft isolation (CF-008) E2E
2026-10-02T12:23:49.4315653Z [CONFIG] supabase.supabase_flutter: Initialize Supabase v2.17.2
2026-10-02T12:23:49.4317011Z [CONFIG] supabase.auth: Initialize GoTrueClient v2.27.2 with url: ***/auth/v1, autoRefreshToken: <redacted>, flowType: pkce, tickDuration: 0:00:10.000000, tickThreshold: 3
2026-10-02T12:23:49.4318864Z [FINEST] supabase.auth: Initialize with headers: {X-Client-Info: supabase-flutter/2.17.2; platform=Android; platform-version=sdk_gphone64_x86_64-userdebug 13 TE1A.240213.009 12342917 dev-keys; runtime=dart; runtime-version=3.13.1, apikey: <redacted>, Authorization: ***
2026-10-02T12:23:49.4319139Z [FINE] supabase.auth: Stopping auto refresh
2026-10-02T12:23:49.4319363Z [FINE] supabase.auth: Starting auto refresh
2026-10-02T12:23:49.4320239Z [CONFIG] supabase.postgrest: Initialize PostgrestClient with url: ***/rest/v1, schema: public
2026-10-02T12:23:49.4321688Z [FINEST] supabase.postgrest: Initialize with headers: {X-Client-Info: supabase-flutter/2.17.2; platform=Android; platform-version=sdk_gphone64_x86_64-userdebug 13 TE1A.240213.009 12342917 dev-keys; runtime=dart; runtime-version=3.13.1}
2026-10-02T12:23:49.4322489Z [CONFIG] supabase.functions: Initialize FunctionsClient v2.7.1 with url '***/functions/v1' and region 'null'
2026-10-02T12:23:49.4325150Z [FINEST] supabase.functions: Initialize with headers: {X-Client-Info: supabase-flutter/2.17.2; platform=Android; platform-version=sdk_gphone64_x86_64-userdebug 13 TE1A.240213.009 12342917 dev-keys; runtime=dart; runtime-version=3.13.1}
2026-10-02T12:23:49.4326409Z [CONFIG] supabase.storage: Initialize SupabaseStorageClient v2.8.0 with url: ***/storage/v1, retryAttempts: 0
2026-10-02T12:23:49.4327838Z [FINEST] supabase.storage: Initialize with headers: {X-Client-Info: supabase-flutter/2.17.2; platform=Android; platform-version=sdk_gphone64_x86_64-userdebug 13 TE1A.240213.009 12342917 dev-keys; runtime=dart; runtime-version=3.13.1}
2026-10-02T12:23:49.4329002Z [CONFIG] supabase.realtime: Initialize RealtimeClient with endpoint: wss://rpdnonpivoyhghzolyzv.supabase.co/realtime/v1, timeout: 0:00:10.000000, heartbeatIntervalMs: 25000, logLevel: null
2026-10-02T12:23:49.4330829Z [FINEST] supabase.realtime: Initialize with headers: {apikey: <redacted>, X-Client-Info: supabase-flutter/2.17.2; platform=Android; platform-version=sdk_gphone64_x86_64-userdebug 13 TE1A.240213.009 12342917 dev-keys; runtime=dart; runtime-version=3.13.1}, params: {apikey: <redacted>}
2026-10-02T12:23:49.4331338Z [CONFIG] supabase.supabase: Initialize SupabaseClient v2.16.1 with no custom access token
2026-10-02T12:23:49.4332144Z [FINEST] supabase.auth: onAuthStateChange: AuthState(event: initialSession, session: null, fromBroadcast: false, signOutReason: null)
2026-10-02T12:23:49.4332478Z [FINE] supabase.supabase_flutter: Starting deeplink observer
2026-10-02T12:23:49.4332872Z [INFO] supabase.supabase_flutter: ***** Supabase init completed *****
2026-10-02T12:23:49.4333498Z supabase.supabase_flutter: INFO: ***** Supabase init completed ***** 
2026-10-02T12:23:49.4333952Z [INFO] ConnectivityService: Connectivity changed → online
2026-10-02T12:23:49.4334363Z ConnectivityService: INFO: Connectivity changed → online 
2026-10-02T12:23:49.4335024Z [INFO] SyncQueueManager: Network connectivity restored. Triggering queue sync.
2026-10-02T12:23:49.4335496Z SyncQueueManager: INFO: Network connectivity restored. Triggering queue sync. 
2026-10-02T12:23:49.4335818Z [FINE] SyncQueueManager: No pending sync items to process.
2026-10-02T12:23:49.4336335Z [INFO] SyncQueueManager: Registered sync handler for entity type: data_bucket_metadata_sync
2026-10-02T12:23:49.4336851Z SyncQueueManager: INFO: Registered sync handler for entity type: data_bucket_metadata_sync 
2026-10-02T12:23:49.4337348Z [INFO] DataBucketSyncRegistrar: Registered sync handler for data_bucket_metadata_sync
2026-10-02T12:23:49.4337826Z DataBucketSyncRegistrar: INFO: Registered sync handler for data_bucket_metadata_sync 
2026-10-02T12:23:49.4338284Z [INFO] SyncQueueManager: Registered sync handler for entity type: cut_fill_records
2026-10-02T12:23:49.4338738Z SyncQueueManager: INFO: Registered sync handler for entity type: cut_fill_records 
2026-10-02T12:23:49.4339155Z [INFO] TrackingSyncRegistrar: Registered sync handler for cut_fill_records
2026-10-02T12:23:49.4339582Z TrackingSyncRegistrar: INFO: Registered sync handler for cut_fill_records 
2026-10-02T12:23:49.4340073Z [INFO] SyncQueueManager: Registered sync handler for entity type: land_clearing_records
2026-10-02T12:23:49.4340539Z SyncQueueManager: INFO: Registered sync handler for entity type: land_clearing_records 
2026-10-02T12:23:49.4340994Z [INFO] TrackingSyncRegistrar: Registered sync handler for land_clearing_records
2026-10-02T12:23:49.4341442Z TrackingSyncRegistrar: INFO: Registered sync handler for land_clearing_records 
2026-10-02T12:23:49.4341895Z [INFO] SyncQueueManager: Registered sync handler for entity type: inventory_items
2026-10-02T12:23:49.4342346Z SyncQueueManager: INFO: Registered sync handler for entity type: inventory_items 
2026-10-02T12:23:49.4342742Z [INFO] TrackingSyncRegistrar: Registered sync handler for inventory_items
2026-10-02T12:23:49.4343426Z TrackingSyncRegistrar: INFO: Registered sync handler for inventory_items 
2026-10-02T12:23:49.4343934Z [INFO] SyncQueueManager: Registered sync handler for entity type: inventory_transactions
2026-10-02T12:23:49.4344423Z SyncQueueManager: INFO: Registered sync handler for entity type: inventory_transactions 
2026-10-02T12:23:49.4345084Z [INFO] TrackingSyncRegistrar: Registered sync handler for inventory_transactions
2026-10-02T12:23:49.4345523Z TrackingSyncRegistrar: INFO: Registered sync handler for inventory_transactions 
2026-10-02T12:23:49.4345993Z [INFO] SyncQueueManager: Registered sync handler for entity type: attendance_records
2026-10-02T12:23:49.4346476Z SyncQueueManager: INFO: Registered sync handler for entity type: attendance_records 
2026-10-02T12:23:49.4346779Z [INFO] AttendanceSyncRegistrar: Registered sync handler for attendance_records
2026-10-02T12:23:49.4347032Z AttendanceSyncRegistrar: INFO: Registered sync handler for attendance_records 
2026-10-02T12:23:49.4347266Z [INFO] SyncQueueManager: Registered sync handler for entity type: daily_logs
2026-10-02T12:23:49.4347602Z SyncQueueManager: INFO: Registered sync handler for entity type: daily_logs 
2026-10-02T12:23:49.4347972Z [INFO] DailyLogSyncRegistrar: Registered sync handler for daily_logs
2026-10-02T12:23:49.4348373Z DailyLogSyncRegistrar: INFO: Registered sync handler for daily_logs 
2026-10-02T12:23:49.4348822Z [INFO] SyncQueueManager: Registered sync handler for entity type: equipment_checks
2026-10-02T12:23:49.4349271Z SyncQueueManager: INFO: Registered sync handler for entity type: equipment_checks 
2026-10-02T12:23:49.4349734Z [INFO] EquipmentCheckSyncRegistrar: Registered sync handler for equipment_checks
2026-10-02T12:23:49.4350197Z EquipmentCheckSyncRegistrar: INFO: Registered sync handler for equipment_checks 
2026-10-02T12:23:49.4350595Z [INFO] SyncQueueManager: Registered sync handler for entity type: benchmarks
2026-10-02T12:23:49.4351004Z SyncQueueManager: INFO: Registered sync handler for entity type: benchmarks 
2026-10-02T12:23:49.4351369Z [INFO] BenchmarkSyncRegistrar: Registered sync handler for benchmarks
2026-10-02T12:23:49.4351940Z BenchmarkSyncRegistrar: INFO: Registered sync handler for benchmarks 
2026-10-02T12:23:49.4352151Z [INFO] GoRouter: Full paths for routes:
2026-10-02T12:23:49.4352450Z ├─/login (LoginPage)
2026-10-02T12:23:49.4352727Z ├─/privacy-gate (PrivacyAckPage)
2026-10-02T12:23:49.4353369Z ├─/__interaction-fixture (AppInteractionFixturePage)
2026-10-02T12:23:49.4353779Z │ └─/__interaction-fixture/form (AppInteractionFixturePage)
2026-10-02T12:23:49.4353989Z ├─ (ShellRoute)
2026-10-02T12:23:49.4354249Z │ ├─/ (BlocProvider<DashboardCubit>)
2026-10-02T12:23:49.4354488Z │ ├─/tools (GroupLandingPage)
2026-10-02T12:23:49.4354780Z │ │ └─/tools/data-bucket (DataBucketListPage)
2026-10-02T12:23:49.4355028Z │ │   ├─/tools/data-bucket/upload 
2026-10-02T12:23:49.4355260Z │ │   └─/tools/data-bucket/:id 
2026-10-02T12:23:49.4355517Z │ ├─/operations (GroupLandingPage)
2026-10-02T12:23:49.4355840Z │ │ ├─/operations/cut-fill (CutFillListScreen)
2026-10-02T12:23:49.4356108Z │ │ │ ├─/operations/cut-fill/form 
2026-10-02T12:23:49.4356412Z │ │ │ └─/operations/cut-fill/:id/form 
2026-10-02T12:23:49.4356835Z │ │ ├─/operations/land-clearing (LandClearingSummaryScreen)
2026-10-02T12:23:49.4357138Z │ │ │ ├─/operations/land-clearing/form 
2026-10-02T12:23:49.4357407Z │ │ │ ├─/operations/land-clearing/:id 
2026-10-02T12:23:49.4357709Z │ │ │ └─/operations/land-clearing/:id/form 
2026-10-02T12:23:49.4358078Z │ │ └─/operations/benchmark-db (BenchmarkListScreen)
2026-10-02T12:23:49.4358463Z │ │   ├─/operations/benchmark-db/form (BenchmarkFormScreen)
2026-10-02T12:23:49.4358750Z │ │   ├─/operations/benchmark-db/:id 
2026-10-02T12:23:49.4359057Z │ │   └─/operations/benchmark-db/:id/form 
2026-10-02T12:23:49.4359330Z │ ├─/teams (GroupLandingPage)
2026-10-02T12:23:49.4359622Z │ │ ├─/teams/attendance (AttendanceScreen)
2026-10-02T12:23:49.4359877Z │ │ │ └─/teams/attendance/form 
2026-10-02T12:23:49.4360184Z │ │ ├─/teams/daily-log (DailyLogListScreen)
2026-10-02T12:23:49.4360454Z │ │ │ ├─/teams/daily-log/form 
2026-10-02T12:23:49.4360751Z │ │ │ └─/teams/daily-log/:id/form 
2026-10-02T12:23:49.4361094Z │ │ ├─/teams/inventory (InventoryDashboardScreen)
2026-10-02T12:23:49.4361347Z │ │ │ ├─/teams/inventory/form 
2026-10-02T12:23:49.4361918Z │ │ │ ├─/teams/inventory/:id 
2026-10-02T12:23:49.4362189Z │ │ │ └─/teams/inventory/:id/form 
2026-10-02T12:23:49.4362577Z │ │ ├─/teams/equipment-check (EquipmentHistoryScreen)
2026-10-02T12:23:49.4362872Z │ │ │ ├─/teams/equipment-check/form 
2026-10-02T12:23:49.4363382Z │ │ │ └─/teams/equipment-check/:id 
2026-10-02T12:23:49.4363663Z │ │ └─/teams/timeline (TimelinePage)
2026-10-02T12:23:49.4363920Z │ └─/settings (SettingsPage)
2026-10-02T12:23:49.4364240Z │   └─/settings/profile/form (ProfileEditPage)
2026-10-02T12:23:49.4364494Z ├─/reports/config (Widget)
2026-10-02T12:23:49.4364841Z └─/notifications (BlocProvider<NotificationCubit>)
2026-10-02T12:23:49.4365042Z known full paths for route names:
2026-10-02T12:23:49.4365213Z   login => /login
2026-10-02T12:23:49.4365402Z   privacy-gate => /privacy-gate
2026-10-02T12:23:49.4365856Z   interaction-fixture => /__interaction-fixture
2026-10-02T12:23:49.4366106Z   interaction-fixture-form => /__interaction-fixture/form
2026-10-02T12:23:49.4366220Z   dashboard => /
2026-10-02T12:23:49.4366315Z   tools => /tools
2026-10-02T12:23:49.4366433Z   data-bucket => /tools/data-bucket
2026-10-02T12:23:49.4366581Z   data-bucket-upload => /tools/data-bucket/upload
2026-10-02T12:23:49.4366719Z   data-bucket-detail => /tools/data-bucket/:id
2026-10-02T12:23:49.4366828Z   operations => /operations
2026-10-02T12:23:49.4366940Z   cut-fill => /operations/cut-fill
2026-10-02T12:23:49.4367067Z   cut-fill-create => /operations/cut-fill/form
2026-10-02T12:23:49.4367355Z   cut-fill-edit => /operations/cut-fill/:id/form
2026-10-02T12:23:49.4367582Z   land-clearing => /operations/land-clearing
2026-10-02T12:23:49.4367878Z   land-clearing-create => /operations/land-clearing/form
2026-10-02T12:23:49.4368176Z   land-clearing-detail => /operations/land-clearing/:id
2026-10-02T12:23:49.4368512Z   land-clearing-edit => /operations/land-clearing/:id/form
2026-10-02T12:23:49.4368740Z   benchmark-db => /operations/benchmark-db
2026-10-02T12:23:49.4369006Z   benchmark-form => /operations/benchmark-db/form
2026-10-02T12:23:49.4369262Z   benchmark-detail => /operations/benchmark-db/:id
2026-10-02T12:23:49.4369530Z   benchmark-edit => /operations/benchmark-db/:id/form
2026-10-02T12:23:49.4369695Z   teams => /teams
2026-10-02T12:23:49.4369897Z   attendance => /teams/attendance
2026-10-02T12:23:49.4370117Z   attendance-form => /teams/attendance/form
2026-10-02T12:23:49.4370300Z   daily-log => /teams/daily-log
2026-10-02T12:23:49.4370505Z   daily-log-form => /teams/daily-log/form
2026-10-02T12:23:49.4370765Z   daily-log-record-form => /teams/daily-log/:id/form
2026-10-02T12:23:49.4370947Z   inventory => /teams/inventory
2026-10-02T12:23:49.4371158Z   inventory-form => /teams/inventory/form
2026-10-02T12:23:49.4371366Z   inventory-detail => /teams/inventory/:id
2026-10-02T12:23:49.4371593Z   inventory-edit => /teams/inventory/:id/form
2026-10-02T12:23:49.4371811Z   equipment-check => /teams/equipment-check
2026-10-02T12:23:49.4372079Z   equipment-check-form => /teams/equipment-check/form
2026-10-02T12:23:49.4372598Z   equipment-check-detail => /teams/equipment-check/:id
2026-10-02T12:23:49.4372789Z   timeline => /teams/timeline
2026-10-02T12:23:49.4373755Z   settings => /settings
2026-10-02T12:23:49.4374015Z   settings-profile => /settings/profile/form
2026-10-02T12:23:49.4374224Z   report-config => /reports/config
2026-10-02T12:23:49.4374419Z   notifications => /notifications
2026-10-02T12:23:49.4374430Z 
2026-10-02T12:23:49.4374631Z GoRouter: INFO: Full paths for routes:
2026-10-02T12:23:49.4374908Z ├─/login (LoginPage)
2026-10-02T12:23:49.4375161Z ├─/privacy-gate (PrivacyAckPage)
2026-10-02T12:23:49.4375579Z ├─/__interaction-fixture (AppInteractionFixturePage)
2026-10-02T12:23:49.4375996Z │ └─/__interaction-fixture/form (AppInteractionFixturePage)
2026-10-02T12:23:49.4376216Z ├─ (ShellRoute)
2026-10-02T12:23:49.4376517Z │ ├─/ (BlocProvider<DashboardCubit>)
2026-10-02T12:23:49.4376785Z │ ├─/tools (GroupLandingPage)
2026-10-02T12:23:49.4377113Z │ │ └─/tools/data-bucket (DataBucketListPage)
2026-10-02T12:23:49.4377402Z │ │   ├─/tools/data-bucket/upload 
2026-10-02T12:23:49.4377654Z │ │   └─/tools/data-bucket/:id 
2026-10-02T12:23:49.4377923Z │ ├─/operations (GroupLandingPage)
2026-10-02T12:23:49.4378250Z │ │ ├─/operations/cut-fill (CutFillListScreen)
2026-10-02T12:23:49.4378515Z │ │ │ ├─/operations/cut-fill/form 
2026-10-02T12:23:49.4378790Z │ │ │ └─/operations/cut-fill/:id/form 
2026-10-02T12:23:49.4379211Z │ │ ├─/operations/land-clearing (LandClearingSummaryScreen)
2026-10-02T12:23:49.4379495Z │ │ │ ├─/operations/land-clearing/form 
2026-10-02T12:23:49.4379771Z │ │ │ ├─/operations/land-clearing/:id 
2026-10-02T12:23:49.4380065Z │ │ │ └─/operations/land-clearing/:id/form 
2026-10-02T12:23:49.4380444Z │ │ └─/operations/benchmark-db (BenchmarkListScreen)
2026-10-02T12:23:49.4381105Z │ │   ├─/operations/benchmark-db/form (BenchmarkFormScreen)
2026-10-02T12:23:49.4381432Z │ │   ├─/operations/benchmark-db/:id 
2026-10-02T12:23:49.4381731Z │ │   └─/operations/benchmark-db/:id/form 
2026-10-02T12:23:49.4382023Z │ ├─/teams (GroupLandingPage)
2026-10-02T12:23:49.4382311Z │ │ ├─/teams/attendance (AttendanceScreen)
2026-10-02T12:23:49.4382557Z │ │ │ └─/teams/attendance/form 
2026-10-02T12:23:49.4382851Z │ │ ├─/teams/daily-log (DailyLogListScreen)
2026-10-02T12:23:49.4383926Z │ │ │ ├─/teams/daily-log/form 
2026-10-02T12:23:49.4384231Z │ │ │ └─/teams/daily-log/:id/form 
2026-10-02T12:23:49.4384580Z │ │ ├─/teams/inventory (InventoryDashboardScreen)
2026-10-02T12:23:49.4384843Z │ │ │ ├─/teams/inventory/form 
2026-10-02T12:23:49.4385807Z │ │ │ ├─/teams/inventory/:id 
2026-10-02T12:23:49.4386128Z │ │ │ └─/teams/inventory/:id/form 
2026-10-02T12:23:49.4386494Z │ │ ├─/teams/equipment-check (EquipmentHistoryScreen)
2026-10-02T12:23:49.4388532Z │ │ │ ├─/teams/equipment-check/form 
2026-10-02T12:23:49.4388985Z │ │ │ └─/teams/equipment-check/:id 
2026-10-02T12:23:49.4389241Z │ │ └─/teams/timeline (TimelinePage)
2026-10-02T12:23:49.4389395Z │ └─/settings (SettingsPage)
2026-10-02T12:23:49.4389602Z │   └─/settings/profile/form (ProfileEditPage)
2026-10-02T12:23:49.4389745Z ├─/reports/config (Widget)
2026-10-02T12:23:49.4390322Z └─/notifications (BlocProvider<NotificationCubit>)
2026-10-02T12:23:49.4390540Z known full paths for route names:
2026-10-02T12:23:49.4390705Z   login => /login
2026-10-02T12:23:49.4390911Z   privacy-gate => /privacy-gate
2026-10-02T12:23:49.4391161Z   interaction-fixture => /__interaction-fixture
2026-10-02T12:23:49.4391360Z   interaction-fixture-form => /__interaction-fixture/form
2026-10-02T12:23:49.4391466Z   dashboard => /
2026-10-02T12:23:49.4391558Z   tools => /tools
2026-10-02T12:23:49.4391675Z   data-bucket => /tools/data-bucket
2026-10-02T12:23:49.4391818Z   data-bucket-upload => /tools/data-bucket/upload
2026-10-02T12:23:49.4391952Z   data-bucket-detail => /tools/data-bucket/:id
2026-10-02T12:23:49.4392069Z   operations => /operations
2026-10-02T12:23:49.4392183Z   cut-fill => /operations/cut-fill
2026-10-02T12:23:49.4392311Z   cut-fill-create => /operations/cut-fill/form
2026-10-02T12:23:49.4392645Z   cut-fill-edit => /operations/cut-fill/:id/form
2026-10-02T12:23:49.4393210Z   land-clearing => /operations/land-clearing
2026-10-02T12:23:49.4393527Z   land-clearing-create => /operations/land-clearing/form
2026-10-02T12:23:49.4393814Z   land-clearing-detail => /operations/land-clearing/:id
2026-10-02T12:23:49.4394106Z   land-clearing-edit => /operations/land-clearing/:id/form
2026-10-02T12:23:49.4394316Z   benchmark-db => /operations/benchmark-db
2026-10-02T12:23:49.4394547Z   benchmark-form => /operations/benchmark-db/form
2026-10-02T12:23:49.4394791Z   benchmark-detail => /operations/benchmark-db/:id
2026-10-02T12:23:49.4395046Z   benchmark-edit => /operations/benchmark-db/:id/form
2026-10-02T12:23:49.4395205Z   teams => /teams
2026-10-02T12:23:49.4395389Z   attendance => /teams/attendance
2026-10-02T12:23:49.4395604Z   attendance-form => /teams/attendance/form
2026-10-02T12:23:49.4395783Z   daily-log => /teams/daily-log
2026-10-02T12:23:49.4395980Z   daily-log-form => /teams/daily-log/form
2026-10-02T12:23:49.4396238Z   daily-log-record-form => /teams/daily-log/:id/form
2026-10-02T12:23:49.4396412Z   inventory => /teams/inventory
2026-10-02T12:23:49.4396613Z   inventory-form => /teams/inventory/form
2026-10-02T12:23:49.4396813Z   inventory-detail => /teams/inventory/:id
2026-10-02T12:23:49.4397025Z   inventory-edit => /teams/inventory/:id/form
2026-10-02T12:23:49.4397233Z   equipment-check => /teams/equipment-check
2026-10-02T12:23:49.4397492Z   equipment-check-form => /teams/equipment-check/form
2026-10-02T12:23:49.4397759Z   equipment-check-detail => /teams/equipment-check/:id
2026-10-02T12:23:49.4397941Z   timeline => /teams/timeline
2026-10-02T12:23:49.4398113Z   settings => /settings
2026-10-02T12:23:49.4398328Z   settings-profile => /settings/profile/form
2026-10-02T12:23:49.4398520Z   report-config => /reports/config
2026-10-02T12:23:49.4398901Z   notifications => /notifications
2026-10-02T12:23:49.4399050Z  
2026-10-02T12:23:49.4399286Z [INFO] GoRouter: setting initial location /login
2026-10-02T12:23:49.4399524Z GoRouter: INFO: setting initial location /login 
2026-10-02T12:23:49.4399757Z [INFO] GoRouter: Using WidgetsApp configuration
2026-10-02T12:23:49.4399987Z GoRouter: INFO: Using WidgetsApp configuration 
2026-10-02T12:23:49.4400176Z [FINE] supabase.auth: Saving session
2026-10-02T12:23:49.4408206Z [FINEST] supabase.auth: Saving session: Session(providerToken: <redacted>, providerRefreshToken: <redacted>, expiresIn: 3600, tokenType: bearer, user: User(id: 355abeff-c33f-44cb-9cec-9138928d157f, appMetadata: {provider: email, providers: [email]}, userMetadata: {email_verified: true}, aud: authenticated, confirmationSentAt: null, recoverySentAt: null, emailChangeSentAt: null, newEmail: null, invitedAt: null, actionLink: null, email: ***, phone: , createdAt: 2026-08-29T08:04:53.727793Z, confirmedAt: 2026-08-29T08:04:53.733335Z, emailConfirmedAt: 2026-08-29T08:04:53.733335Z, phoneConfirmedAt: null, lastSignInAt: 2026-10-02T12:19:23.033894739Z, role: authenticated, updatedAt: 2026-10-02T12:19:23.03911Z, identities: [UserIdentity(id: 355abeff-c33f-44cb-9cec-9138928d157f, userId: 355abeff-c33f-44cb-9cec-9138928d157f, identityData: {email: ***, email_verified: false, phone_verified: false, sub: 355abeff-c33f-44cb-9cec-9138928d157f}, identityId: cb0a6e29-2325-4f5e-b562-b93c8d871dbe, provider: email, createdAt: 2026-08-29T08:04:53.731068Z, lastSignInAt: 2026-08-29T08:04:53.730992Z, updatedAt: 2026-08-29T08:04:53.731068Z)], factors: null, isAnonymous: false), accessToken: <redacted>, refreshToken: <redacted>
2026-10-02T12:23:49.4417111Z [FINEST] supabase.auth: onAuthStateChange: AuthState(event: signedIn, session: Session(providerToken: <redacted>, providerRefreshToken: <redacted>, expiresIn: 3600, tokenType: bearer, user: User(id: 355abeff-c33f-44cb-9cec-9138928d157f, appMetadata: {provider: email, providers: [email]}, userMetadata: {email_verified: true}, aud: authenticated, confirmationSentAt: null, recoverySentAt: null, emailChangeSentAt: null, newEmail: null, invitedAt: null, actionLink: null, email: ***, phone: , createdAt: 2026-08-29T08:04:53.727793Z, confirmedAt: 2026-08-29T08:04:53.733335Z, emailConfirmedAt: 2026-08-29T08:04:53.733335Z, phoneConfirmedAt: null, lastSignInAt: 2026-10-02T12:19:23.033894739Z, role: authenticated, updatedAt: 2026-10-02T12:19:23.03911Z, identities: [UserIdentity(id: 355abeff-c33f-44cb-9cec-9138928d157f, userId: 355abeff-c33f-44cb-9cec-9138928d157f, identityData: {email: ***, email_verified: false, phone_verified: false, sub: 355abeff-c33f-44cb-9cec-9138928d157f}, identityId: cb0a6e29-2325-4f5e-b562-b93c8d871dbe, provider: email, createdAt: 2026-08-29T08:04:53.731068Z, lastSignInAt: 2026-08-29T08:04:53.730992Z, updatedAt: 2026-08-29T08:04:53.731068Z)], factors: null, isAnonymous: false), accessToken: <redacted>, refreshToken: <redacted>, fromBroadcast: false, signOutReason: null)
2026-10-02T12:23:49.4418511Z [FINEST] supabase.postgrest: Request: GET ***/rest/v1/users?select=%2A&id=eq.355abeff-c33f-44cb-9cec-9138928d157f
2026-10-02T12:23:49.4419541Z [INFO] GoRouter: redirecting to RouteMatchList#9f7bb(uri: /privacy-gate, matches: [RouteMatch#4dc52(route: GoRoute#f7ce7(name: "privacy-gate", path: "/privacy-gate"))])
2026-10-02T12:23:49.4420566Z GoRouter: INFO: redirecting to RouteMatchList#9f7bb(uri: /privacy-gate, matches: [RouteMatch#4dc52(route: GoRoute#f7ce7(name: "privacy-gate", path: "/privacy-gate"))]) 
2026-10-02T12:23:49.4420767Z [INFO] GoRouter: going to /
2026-10-02T12:23:49.4420951Z GoRouter: INFO: going to / 
2026-10-02T12:23:49.4421206Z [INFO] GoRouter: Using WidgetsApp configuration
2026-10-02T12:23:49.4421448Z GoRouter: INFO: Using WidgetsApp configuration 
2026-10-02T12:23:49.4422725Z [FINEST] supabase.postgrest: Request: GET ***/rest/v1/attendance_records?select=%2A%2Cusers%21attendance_records_user_id_fkey%28name%29&deleted_at=is.null
2026-10-02T12:23:49.4424253Z [FINEST] supabase.postgrest: Request: GET ***/rest/v1/equipment_checks?select=%2A&deleted_at=is.null
2026-10-02T12:23:49.4424587Z [FINE] SyncQueueManager: No pending sync items to process.
2026-10-02T12:23:49.4425431Z [FINEST] supabase.postgrest: Request: GET ***/rest/v1/cut_fill_records?select=%2A&deleted_at=is.null
2026-10-02T12:23:49.4425657Z [INFO] GoRouter: going to /teams/daily-log
2026-10-02T12:23:49.4425864Z GoRouter: INFO: going to /teams/daily-log 
2026-10-02T12:23:49.4427062Z [FINEST] supabase.postgrest: Request: GET ***/rest/v1/land_clearing_records?select=%2A&deleted_at=is.null
2026-10-02T12:23:49.4427341Z [INFO] GoRouter: Using WidgetsApp configuration
2026-10-02T12:23:49.4427590Z GoRouter: INFO: Using WidgetsApp configuration 
2026-10-02T12:23:49.4429193Z [FINEST] supabase.postgrest: Request: GET ***/rest/v1/users?select=%2A&deleted_at=is.null&is_active=eq.true&site_id=eq.f47ac10b-58cc-4372-a567-0e02b2c3d479&order=name.asc.nullslast
2026-10-02T12:23:49.4430154Z [FINEST] supabase.postgrest: Request: GET ***/rest/v1/daily_logs?select=%2A&deleted_at=is.null
2026-10-02T12:23:49.4431257Z [FINEST] supabase.postgrest: Request: GET ***/rest/v1/inventory_items?select=%2A&deleted_at=is.null
2026-10-02T12:23:49.4432044Z [INFO] GoRouter: getting location for name: "daily-log-form", queryParameters: {foremanId: 355abeff-c33f-44cb-9cec-9138928d157f}
2026-10-02T12:23:49.4433271Z GoRouter: INFO: getting location for name: "daily-log-form", queryParameters: {foremanId: 355abeff-c33f-44cb-9cec-9138928d157f} 
2026-10-02T12:23:49.4433825Z [INFO] GoRouter: pushing /teams/daily-log/form?foremanId=355abeff-c33f-44cb-9cec-9138928d157f
2026-10-02T12:23:49.4434343Z GoRouter: INFO: pushing /teams/daily-log/form?foremanId=355abeff-c33f-44cb-9cec-9138928d157f 
2026-10-02T12:23:49.4435204Z [FINEST] supabase.postgrest: Request: GET ***/rest/v1/daily_logs?select=%2A&deleted_at=is.null
2026-10-02T12:23:49.4436084Z [INFO] SyncQueueManager: Enqueuing offline item [zones_update_4c0d05df-04c5-4274-a98a-bb585c3f5bbb_1790943566572786] for entity "zones" (update)
2026-10-02T12:23:49.4436971Z SyncQueueManager: INFO: Enqueuing offline item [zones_update_4c0d05df-04c5-4274-a98a-bb585c3f5bbb_1790943566572786] for entity "zones" (update) 
2026-10-02T12:23:49.4438149Z [INFO] SyncQueueManager: Enqueuing offline item [daily_logs_update_35cc2c12-f419-423e-b4d3-d67a8c899776_1790943566762595] for entity "daily_logs" (update)
2026-10-02T12:23:49.4439104Z SyncQueueManager: INFO: Enqueuing offline item [daily_logs_update_35cc2c12-f419-423e-b4d3-d67a8c899776_1790943566762595] for entity "daily_logs" (update) 
2026-10-02T12:23:49.4439465Z [INFO] SyncQueueManager: Processing 2 pending sync queue items.
2026-10-02T12:23:49.4439827Z SyncQueueManager: INFO: Processing 2 pending sync queue items. 
2026-10-02T12:23:49.4440231Z [FINE] SyncQueueManager: Queue processing already in progress. Skipping.
2026-10-02T12:23:49.4440985Z [INFO] SyncQueueManager: Syncing queue item [zones_update_4c0d05df-04c5-4274-a98a-bb585c3f5bbb_1790943566572786] (zones:update)
2026-10-02T12:23:49.4441733Z SyncQueueManager: INFO: Syncing queue item [zones_update_4c0d05df-04c5-4274-a98a-bb585c3f5bbb_1790943566572786] (zones:update) 
2026-10-02T12:23:49.4442772Z [FINEST] supabase.postgrest: Request: GET ***/rest/v1/zones?select=updated_at&id=eq.4c0d05df-04c5-4274-a98a-bb585c3f5bbb
2026-10-02T12:23:49.4444025Z [FINEST] supabase.postgrest: Request: POST ***/rest/v1/zones
2026-10-02T12:23:49.4444963Z [INFO] SyncQueueManager: Enqueuing offline item [daily_logs_update_35cc2c12-f419-423e-b4d3-d67a8c899776_1790943568067321] for entity "daily_logs" (update)
2026-10-02T12:23:49.4445895Z SyncQueueManager: INFO: Enqueuing offline item [daily_logs_update_35cc2c12-f419-423e-b4d3-d67a8c899776_1790943568067321] for entity "daily_logs" (update) 
2026-10-02T12:23:49.4446302Z [FINE] SyncQueueManager: Queue processing already in progress. Skipping.
2026-10-02T12:23:49.4448011Z [FINEST] supabase.postgrest: PostgrestException(message: new row violates row-level security policy for table "zones", code: 42501, details: Forbidden, hint: null) from request: ***/rest/v1/zones
2026-10-02T12:23:49.4449104Z [FINE] supabase.postgrest: PostgrestException(message: new row violates row-level security policy for table "zones", code: 42501, details: Forbidden, hint: null) from request
2026-10-02T12:23:49.4450790Z [WARNING] SyncQueueManager: Failed to sync item [zones_update_4c0d05df-04c5-4274-a98a-bb585c3f5bbb_1790943566572786] (Attempt 1/3): PostgrestException(message: new row violates row-level security policy for table "zones", code: 42501, details: Forbidden, hint: null)
2026-10-02T12:23:49.4452422Z SyncQueueManager: WARNING: Failed to sync item [zones_update_4c0d05df-04c5-4274-a98a-bb585c3f5bbb_1790943566572786] (Attempt 1/3): PostgrestException(message: new row violates row-level security policy for table "zones", code: 42501, details: Forbidden, hint: null) 
2026-10-02T12:23:49.4453495Z [INFO] SyncQueueManager: Syncing queue item [daily_logs_update_35cc2c12-f419-423e-b4d3-d67a8c899776_1790943566762595] (daily_logs:update)
2026-10-02T12:23:49.4454331Z SyncQueueManager: INFO: Syncing queue item [daily_logs_update_35cc2c12-f419-423e-b4d3-d67a8c899776_1790943566762595] (daily_logs:update) 
2026-10-02T12:23:49.4455178Z [INFO] DailyLogSyncRegistrar: Processing daily log sync item [daily_logs_update_35cc2c12-f419-423e-b4d3-d67a8c899776_1790943566762595]: update
2026-10-02T12:23:49.4456014Z DailyLogSyncRegistrar: INFO: Processing daily log sync item [daily_logs_update_35cc2c12-f419-423e-b4d3-d67a8c899776_1790943566762595]: update 
2026-10-02T12:23:49.4457014Z [FINEST] supabase.postgrest: Request: GET ***/rest/v1/daily_logs?select=%2A&id=eq.35cc2c12-f419-423e-b4d3-d67a8c899776
2026-10-02T12:23:49.4457653Z [FINEST] supabase.postgrest: Request: POST ***/rest/v1/daily_logs
2026-10-02T12:23:49.4457964Z [FINER] supabase.auth: Access token expires in 359 ticks
2026-10-02T12:23:49.4459819Z [FINEST] supabase.postgrest: PostgrestException(message: insert or update on table "daily_logs" violates foreign key constraint "daily_logs_zone_id_fkey", code: 23503, details: Key is not present in table "zones"., hint: null) from request: ***/rest/v1/daily_logs
2026-10-02T12:23:49.4461226Z [FINE] supabase.postgrest: PostgrestException(message: insert or update on table "daily_logs" violates foreign key constraint "daily_logs_zone_id_fkey", code: 23503, details: Key is not present in table "zones"., hint: null) from request
2026-10-02T12:23:49.4463697Z [WARNING] SyncQueueManager: Failed to sync item [daily_logs_update_35cc2c12-f419-423e-b4d3-d67a8c899776_1790943566762595] (Attempt 1/3): PostgrestException(message: insert or update on table "daily_logs" violates foreign key constraint "daily_logs_zone_id_fkey", code: 23503, details: Key is not present in table "zones"., hint: null)
2026-10-02T12:23:49.4465751Z SyncQueueManager: WARNING: Failed to sync item [daily_logs_update_35cc2c12-f419-423e-b4d3-d67a8c899776_1790943566762595] (Attempt 1/3): PostgrestException(message: insert or update on table "daily_logs" violates foreign key constraint "daily_logs_zone_id_fkey", code: 23503, details: Key is not present in table "zones"., hint: null) 
2026-10-02T12:23:49.4466671Z [INFO] SyncQueueManager: Enqueuing offline item [daily_logs_update_35cc2c12-f419-423e-b4d3-d67a8c899776_1790943569000750] for entity "daily_logs" (update)
2026-10-02T12:23:49.4467603Z SyncQueueManager: INFO: Enqueuing offline item [daily_logs_update_35cc2c12-f419-423e-b4d3-d67a8c899776_1790943569000750] for entity "daily_logs" (update) 
2026-10-02T12:23:49.4468516Z [INFO] SyncQueueManager: Enqueuing offline item [daily_logs_update_35cc2c12-f419-423e-b4d3-d67a8c899776_1790943569206239] for entity "daily_logs" (update)
2026-10-02T12:23:49.4469442Z SyncQueueManager: INFO: Enqueuing offline item [daily_logs_update_35cc2c12-f419-423e-b4d3-d67a8c899776_1790943569206239] for entity "daily_logs" (update) 
2026-10-02T12:23:49.4469860Z [INFO] SyncQueueManager: Processing 5 pending sync queue items.
2026-10-02T12:23:49.4470253Z SyncQueueManager: INFO: Processing 5 pending sync queue items. 
2026-10-02T12:23:49.4470849Z [FINE] SyncQueueManager: Queue processing already in progress. Skipping.
2026-10-02T12:23:49.4471072Z [INFO] GoRouter: popping /teams/daily-log
2026-10-02T12:23:49.4471307Z GoRouter: INFO: popping /teams/daily-log 
2026-10-02T12:23:49.4471532Z [INFO] GoRouter: restoring /teams/daily-log
2026-10-02T12:23:49.4471742Z GoRouter: INFO: restoring /teams/daily-log 
2026-10-02T12:23:49.4472480Z [INFO] SyncQueueManager: Syncing queue item [zones_update_4c0d05df-04c5-4274-a98a-bb585c3f5bbb_1790943566572786] (zones:update)
2026-10-02T12:23:49.4473490Z SyncQueueManager: INFO: Syncing queue item [zones_update_4c0d05df-04c5-4274-a98a-bb585c3f5bbb_1790943566572786] (zones:update) 
2026-10-02T12:23:49.4474498Z [FINEST] supabase.postgrest: Request: GET ***/rest/v1/zones?select=updated_at&id=eq.4c0d05df-04c5-4274-a98a-bb585c3f5bbb
2026-10-02T12:23:49.4475323Z [FINEST] supabase.postgrest: Request: GET ***/rest/v1/daily_logs?select=%2A&deleted_at=is.null
2026-10-02T12:23:49.4476131Z [FINEST] supabase.postgrest: Request: GET ***/rest/v1/daily_logs?select=%2A&deleted_at=is.null
2026-10-02T12:23:49.4476713Z [FINEST] supabase.postgrest: Request: POST ***/rest/v1/zones
2026-10-02T12:23:49.4478164Z [FINEST] supabase.postgrest: PostgrestException(message: new row violates row-level security policy for table "zones", code: 42501, details: Forbidden, hint: null) from request: ***/rest/v1/zones
2026-10-02T12:23:49.4479198Z [FINE] supabase.postgrest: PostgrestException(message: new row violates row-level security policy for table "zones", code: 42501, details: Forbidden, hint: null) from request
2026-10-02T12:23:49.4480857Z [WARNING] SyncQueueManager: Failed to sync item [zones_update_4c0d05df-04c5-4274-a98a-bb585c3f5bbb_1790943566572786] (Attempt 2/3): PostgrestException(message: new row violates row-level security policy for table "zones", code: 42501, details: Forbidden, hint: null)
2026-10-02T12:23:49.4482533Z SyncQueueManager: WARNING: Failed to sync item [zones_update_4c0d05df-04c5-4274-a98a-bb585c3f5bbb_1790943566572786] (Attempt 2/3): PostgrestException(message: new row violates row-level security policy for table "zones", code: 42501, details: Forbidden, hint: null) 
2026-10-02T12:23:49.4483847Z [INFO] SyncQueueManager: Syncing queue item [daily_logs_update_35cc2c12-f419-423e-b4d3-d67a8c899776_1790943566762595] (daily_logs:update)
2026-10-02T12:23:49.4484954Z SyncQueueManager: INFO: Syncing queue item [daily_logs_update_35cc2c12-f419-423e-b4d3-d67a8c899776_1790943566762595] (daily_logs:update) 
2026-10-02T12:23:49.4485784Z [INFO] DailyLogSyncRegistrar: Processing daily log sync item [daily_logs_update_35cc2c12-f419-423e-b4d3-d67a8c899776_1790943566762595]: update
2026-10-02T12:23:49.4486605Z DailyLogSyncRegistrar: INFO: Processing daily log sync item [daily_logs_update_35cc2c12-f419-423e-b4d3-d67a8c899776_1790943566762595]: update 
2026-10-02T12:23:49.4487600Z [FINEST] supabase.postgrest: Request: GET ***/rest/v1/daily_logs?select=%2A&id=eq.35cc2c12-f419-423e-b4d3-d67a8c899776
2026-10-02T12:23:49.4488242Z [FINEST] supabase.postgrest: Request: POST ***/rest/v1/daily_logs
2026-10-02T12:23:49.4490046Z [FINEST] supabase.postgrest: PostgrestException(message: insert or update on table "daily_logs" violates foreign key constraint "daily_logs_zone_id_fkey", code: 23503, details: Key is not present in table "zones"., hint: null) from request: ***/rest/v1/daily_logs
2026-10-02T12:23:49.4491454Z [FINE] supabase.postgrest: PostgrestException(message: insert or update on table "daily_logs" violates foreign key constraint "daily_logs_zone_id_fkey", code: 23503, details: Key is not present in table "zones"., hint: null) from request
2026-10-02T12:23:49.4493731Z [WARNING] SyncQueueManager: Failed to sync item [daily_logs_update_35cc2c12-f419-423e-b4d3-d67a8c899776_1790943566762595] (Attempt 2/3): PostgrestException(message: insert or update on table "daily_logs" violates foreign key constraint "daily_logs_zone_id_fkey", code: 23503, details: Key is not present in table "zones"., hint: null)
2026-10-02T12:23:49.4495969Z SyncQueueManager: WARNING: Failed to sync item [daily_logs_update_35cc2c12-f419-423e-b4d3-d67a8c899776_1790943566762595] (Attempt 2/3): PostgrestException(message: insert or update on table "daily_logs" violates foreign key constraint "daily_logs_zone_id_fkey", code: 23503, details: Key is not present in table "zones"., hint: null) 
2026-10-02T12:23:49.4496815Z [INFO] SyncQueueManager: Syncing queue item [daily_logs_update_35cc2c12-f419-423e-b4d3-d67a8c899776_1790943568067321] (daily_logs:update)
2026-10-02T12:23:49.4497615Z SyncQueueManager: INFO: Syncing queue item [daily_logs_update_35cc2c12-f419-423e-b4d3-d67a8c899776_1790943568067321] (daily_logs:update) 
2026-10-02T12:23:49.4498462Z [INFO] DailyLogSyncRegistrar: Processing daily log sync item [daily_logs_update_35cc2c12-f419-423e-b4d3-d67a8c899776_1790943568067321]: update
2026-10-02T12:23:49.4499291Z DailyLogSyncRegistrar: INFO: Processing daily log sync item [daily_logs_update_35cc2c12-f419-423e-b4d3-d67a8c899776_1790943568067321]: update 
2026-10-02T12:23:49.4500326Z [FINEST] supabase.postgrest: Request: GET ***/rest/v1/daily_logs?select=%2A&id=eq.35cc2c12-f419-423e-b4d3-d67a8c899776
2026-10-02T12:23:49.4500976Z [FINEST] supabase.postgrest: Request: POST ***/rest/v1/daily_logs
2026-10-02T12:23:49.4502834Z [FINEST] supabase.postgrest: PostgrestException(message: insert or update on table "daily_logs" violates foreign key constraint "daily_logs_zone_id_fkey", code: 23503, details: Key is not present in table "zones"., hint: null) from request: ***/rest/v1/daily_logs
2026-10-02T12:23:49.4504516Z [FINE] supabase.postgrest: PostgrestException(message: insert or update on table "daily_logs" violates foreign key constraint "daily_logs_zone_id_fkey", code: 23503, details: Key is not present in table "zones"., hint: null) from request
2026-10-02T12:23:49.4506747Z [WARNING] SyncQueueManager: Failed to sync item [daily_logs_update_35cc2c12-f419-423e-b4d3-d67a8c899776_1790943568067321] (Attempt 1/3): PostgrestException(message: insert or update on table "daily_logs" violates foreign key constraint "daily_logs_zone_id_fkey", code: 23503, details: Key is not present in table "zones"., hint: null)
2026-10-02T12:23:49.4508779Z SyncQueueManager: WARNING: Failed to sync item [daily_logs_update_35cc2c12-f419-423e-b4d3-d67a8c899776_1790943568067321] (Attempt 1/3): PostgrestException(message: insert or update on table "daily_logs" violates foreign key constraint "daily_logs_zone_id_fkey", code: 23503, details: Key is not present in table "zones"., hint: null) 
2026-10-02T12:23:49.4509773Z [INFO] SyncQueueManager: Syncing queue item [daily_logs_update_35cc2c12-f419-423e-b4d3-d67a8c899776_1790943569000750] (daily_logs:update)
2026-10-02T12:23:49.4510564Z SyncQueueManager: INFO: Syncing queue item [daily_logs_update_35cc2c12-f419-423e-b4d3-d67a8c899776_1790943569000750] (daily_logs:update) 
2026-10-02T12:23:49.4511416Z [INFO] DailyLogSyncRegistrar: Processing daily log sync item [daily_logs_update_35cc2c12-f419-423e-b4d3-d67a8c899776_1790943569000750]: update
2026-10-02T12:23:49.4512250Z DailyLogSyncRegistrar: INFO: Processing daily log sync item [daily_logs_update_35cc2c12-f419-423e-b4d3-d67a8c899776_1790943569000750]: update 
2026-10-02T12:23:49.4513488Z [FINEST] supabase.postgrest: Request: GET ***/rest/v1/daily_logs?select=%2A&id=eq.35cc2c12-f419-423e-b4d3-d67a8c899776
2026-10-02T12:23:49.4514350Z [FINEST] supabase.postgrest: Request: GET ***/rest/v1/daily_logs?select=%2A&deleted_at=is.null
2026-10-02T12:23:49.4514975Z [FINEST] supabase.postgrest: Request: POST ***/rest/v1/daily_logs
2026-10-02T12:23:49.4515762Z [INFO] SyncQueueManager: Enqueuing offline item [daily_logs_update_user-a-draft-e2e_1790943571242351] for entity "daily_logs" (update)
2026-10-02T12:23:49.4516524Z SyncQueueManager: INFO: Enqueuing offline item [daily_logs_update_user-a-draft-e2e_1790943571242351] for entity "daily_logs" (update) 
2026-10-02T12:23:49.4516940Z [FINE] SyncQueueManager: Queue processing already in progress. Skipping.
2026-10-02T12:23:49.4517524Z ##[endgroup]
2026-10-02T12:23:49.4518820Z [FINEST] supabase.postgrest: Request: GET ***/rest/v1/daily_logs?select=%2A&deleted_at=is.null
2026-10-02T12:23:49.4519220Z Running Gradle task 'assembleDebug'...                             41.5s
2026-10-02T12:23:49.4519754Z ✓ Built build/app/outputs/flutter-apk/app-debug.apk
2026-10-02T12:23:49.4520159Z Installing build/app/outputs/flutter-apk/app-debug.apk...          965ms
2026-10-02T12:23:49.4520780Z ##[group]⏭️ Skipped tests
2026-10-02T12:23:49.4522592Z ⏭️ /home/runner/work/mine-flow-app/mine-flow-app/integration_test/journeys/data_bucket_journey_test.dart: Data Bucket Journey — Part A: Drive-dependent (STEP-45.8) real Drive upload, abandon/cancel, large-file ceiling (NR-004, NR-005) (skipped)
2026-10-02T12:23:49.4526427Z Unverified: Google Drive service-account credentials absent — supply GOOGLE_DRIVE_SERVICE_ACCOUNT_EMAIL and GOOGLE_DRIVE_SERVICE_ACCOUNT_KEY (plus GOOGLE_DRIVE_FOLDER_ID) via --dart-define to verify. STEP-48 defers this deliberately (PLAN decision D2): NR-004 real upload + abandon/cancel is RISK-0017 and NR-005 the large-file ceiling is RISK-0018, both re-justified as Deferred in substep 48.14 rather than closed. Part B below covers the non-Drive half of this feature for real.
2026-10-02T12:23:49.4526941Z ##[endgroup]
2026-10-02T12:23:49.4529385Z ##[group]✅ /home/runner/work/mine-flow-app/mine-flow-app/integration_test/journeys/data_bucket_journey_test.dart: Data Bucket Journey — Part B: staging metadata, no Drive (STEP-45.8) data-bucket route resolves in the shell and the list reflects the real geospatial_files metadata read from staging
2026-10-02T12:23:49.4529770Z [CONFIG] supabase.supabase_flutter: Initialize Supabase v2.17.2
2026-10-02T12:23:49.4531107Z [CONFIG] supabase.auth: Initialize GoTrueClient v2.27.2 with url: ***/auth/v1, autoRefreshToken: <redacted>, flowType: pkce, tickDuration: 0:00:10.000000, tickThreshold: 3
2026-10-02T12:23:49.4533264Z [FINEST] supabase.auth: Initialize with headers: {X-Client-Info: supabase-flutter/2.17.2; platform=Android; platform-version=sdk_gphone64_x86_64-userdebug 13 TE1A.240213.009 12342917 dev-keys; runtime=dart; runtime-version=3.13.1, apikey: <redacted>, Authorization: ***
2026-10-02T12:23:49.4533529Z [FINE] supabase.auth: Stopping auto refresh
2026-10-02T12:23:49.4533962Z [FINE] supabase.auth: Starting auto refresh
2026-10-02T12:23:49.4534828Z [CONFIG] supabase.postgrest: Initialize PostgrestClient with url: ***/rest/v1, schema: public
2026-10-02T12:23:49.4536279Z [FINEST] supabase.postgrest: Initialize with headers: {X-Client-Info: supabase-flutter/2.17.2; platform=Android; platform-version=sdk_gphone64_x86_64-userdebug 13 TE1A.240213.009 12342917 dev-keys; runtime=dart; runtime-version=3.13.1}
2026-10-02T12:23:49.4537206Z [CONFIG] supabase.functions: Initialize FunctionsClient v2.7.1 with url '***/functions/v1' and region 'null'
2026-10-02T12:23:49.4538652Z [FINEST] supabase.functions: Initialize with headers: {X-Client-Info: supabase-flutter/2.17.2; platform=Android; platform-version=sdk_gphone64_x86_64-userdebug 13 TE1A.240213.009 12342917 dev-keys; runtime=dart; runtime-version=3.13.1}
2026-10-02T12:23:49.4540596Z [CONFIG] supabase.storage: Initialize SupabaseStorageClient v2.8.0 with url: ***/storage/v1, retryAttempts: 0
2026-10-02T12:23:49.4542038Z [FINEST] supabase.storage: Initialize with headers: {X-Client-Info: supabase-flutter/2.17.2; platform=Android; platform-version=sdk_gphone64_x86_64-userdebug 13 TE1A.240213.009 12342917 dev-keys; runtime=dart; runtime-version=3.13.1}
2026-10-02T12:23:49.4543940Z [CONFIG] supabase.realtime: Initialize RealtimeClient with endpoint: wss://rpdnonpivoyhghzolyzv.supabase.co/realtime/v1, timeout: 0:00:10.000000, heartbeatIntervalMs: 25000, logLevel: null
2026-10-02T12:23:49.4545233Z [FINEST] supabase.realtime: Initialize with headers: {apikey: <redacted>, X-Client-Info: supabase-flutter/2.17.2; platform=Android; platform-version=sdk_gphone64_x86_64-userdebug 13 TE1A.240213.009 12342917 dev-keys; runtime=dart; runtime-version=3.13.1}, params: {apikey: <redacted>}
2026-10-02T12:23:49.4545904Z [CONFIG] supabase.supabase: Initialize SupabaseClient v2.16.1 with no custom access token
2026-10-02T12:23:49.4546714Z [FINEST] supabase.auth: onAuthStateChange: AuthState(event: initialSession, session: null, fromBroadcast: false, signOutReason: null)
2026-10-02T12:23:49.4546945Z [FINE] supabase.supabase_flutter: Starting deeplink observer
2026-10-02T12:23:49.4547154Z [INFO] supabase.supabase_flutter: ***** Supabase init completed *****
2026-10-02T12:23:49.4547373Z supabase.supabase_flutter: INFO: ***** Supabase init completed ***** 
2026-10-02T12:23:49.4547650Z [INFO] ConnectivityService: Connectivity changed → online
2026-10-02T12:23:49.4547865Z ConnectivityService: INFO: Connectivity changed → online 
2026-10-02T12:23:49.4548433Z [INFO] SyncQueueManager: Network connectivity restored. Triggering queue sync.
2026-10-02T12:23:49.4548880Z SyncQueueManager: INFO: Network connectivity restored. Triggering queue sync. 
2026-10-02T12:23:49.4549183Z [FINE] SyncQueueManager: No pending sync items to process.
2026-10-02T12:23:49.4549694Z [INFO] SyncQueueManager: Registered sync handler for entity type: data_bucket_metadata_sync
2026-10-02T12:23:49.4550191Z SyncQueueManager: INFO: Registered sync handler for entity type: data_bucket_metadata_sync 
2026-10-02T12:23:49.4550669Z [INFO] DataBucketSyncRegistrar: Registered sync handler for data_bucket_metadata_sync
2026-10-02T12:23:49.4551125Z DataBucketSyncRegistrar: INFO: Registered sync handler for data_bucket_metadata_sync 
2026-10-02T12:23:49.4551562Z [INFO] SyncQueueManager: Registered sync handler for entity type: cut_fill_records
2026-10-02T12:23:49.4552003Z SyncQueueManager: INFO: Registered sync handler for entity type: cut_fill_records 
2026-10-02T12:23:49.4552397Z [INFO] TrackingSyncRegistrar: Registered sync handler for cut_fill_records
2026-10-02T12:23:49.4552800Z TrackingSyncRegistrar: INFO: Registered sync handler for cut_fill_records 
2026-10-02T12:23:49.4553557Z [INFO] SyncQueueManager: Registered sync handler for entity type: land_clearing_records
2026-10-02T12:23:49.4554038Z SyncQueueManager: INFO: Registered sync handler for entity type: land_clearing_records 
2026-10-02T12:23:49.4554476Z [INFO] TrackingSyncRegistrar: Registered sync handler for land_clearing_records
2026-10-02T12:23:49.4555107Z TrackingSyncRegistrar: INFO: Registered sync handler for land_clearing_records 
2026-10-02T12:23:49.4555539Z [INFO] SyncQueueManager: Registered sync handler for entity type: inventory_items
2026-10-02T12:23:49.4555970Z SyncQueueManager: INFO: Registered sync handler for entity type: inventory_items 
2026-10-02T12:23:49.4556347Z [INFO] TrackingSyncRegistrar: Registered sync handler for inventory_items
2026-10-02T12:23:49.4556741Z TrackingSyncRegistrar: INFO: Registered sync handler for inventory_items 
2026-10-02T12:23:49.4557216Z [INFO] SyncQueueManager: Registered sync handler for entity type: inventory_transactions
2026-10-02T12:23:49.4557697Z SyncQueueManager: INFO: Registered sync handler for entity type: inventory_transactions 
2026-10-02T12:23:49.4558136Z [INFO] TrackingSyncRegistrar: Registered sync handler for inventory_transactions
2026-10-02T12:23:49.4558587Z TrackingSyncRegistrar: INFO: Registered sync handler for inventory_transactions 
2026-10-02T12:23:49.4559056Z [INFO] SyncQueueManager: Registered sync handler for entity type: attendance_records
2026-10-02T12:23:49.4559511Z SyncQueueManager: INFO: Registered sync handler for entity type: attendance_records 
2026-10-02T12:23:49.4559950Z [INFO] AttendanceSyncRegistrar: Registered sync handler for attendance_records
2026-10-02T12:23:49.4560404Z AttendanceSyncRegistrar: INFO: Registered sync handler for attendance_records 
2026-10-02T12:23:49.4560815Z [INFO] SyncQueueManager: Registered sync handler for entity type: daily_logs
2026-10-02T12:23:49.4561233Z SyncQueueManager: INFO: Registered sync handler for entity type: daily_logs 
2026-10-02T12:23:49.4561605Z [INFO] DailyLogSyncRegistrar: Registered sync handler for daily_logs
2026-10-02T12:23:49.4561986Z DailyLogSyncRegistrar: INFO: Registered sync handler for daily_logs 
2026-10-02T12:23:49.4562648Z [INFO] SyncQueueManager: Registered sync handler for entity type: equipment_checks
2026-10-02T12:23:49.4563372Z SyncQueueManager: INFO: Registered sync handler for entity type: equipment_checks 
2026-10-02T12:23:49.4563855Z [INFO] EquipmentCheckSyncRegistrar: Registered sync handler for equipment_checks
2026-10-02T12:23:49.4564317Z EquipmentCheckSyncRegistrar: INFO: Registered sync handler for equipment_checks 
2026-10-02T12:23:49.4564728Z [INFO] SyncQueueManager: Registered sync handler for entity type: benchmarks
2026-10-02T12:23:49.4565135Z SyncQueueManager: INFO: Registered sync handler for entity type: benchmarks 
2026-10-02T12:23:49.4565524Z [INFO] BenchmarkSyncRegistrar: Registered sync handler for benchmarks
2026-10-02T12:23:49.4565914Z BenchmarkSyncRegistrar: INFO: Registered sync handler for benchmarks 
2026-10-02T12:23:49.4566149Z [INFO] GoRouter: Full paths for routes:
2026-10-02T12:23:49.4566432Z ├─/login (LoginPage)
2026-10-02T12:23:49.4566711Z ├─/privacy-gate (PrivacyAckPage)
2026-10-02T12:23:49.4566970Z ├─/__interaction-fixture (AppInteractionFixturePage)
2026-10-02T12:23:49.4567501Z │ └─/__interaction-fixture/form (AppInteractionFixturePage)
2026-10-02T12:23:49.4567759Z ├─ (ShellRoute)
2026-10-02T12:23:49.4568053Z │ ├─/ (BlocProvider<DashboardCubit>)
2026-10-02T12:23:49.4568535Z │ ├─/tools (GroupLandingPage)
2026-10-02T12:23:49.4568886Z │ │ └─/tools/data-bucket (DataBucketListPage)
2026-10-02T12:23:49.4569176Z │ │   ├─/tools/data-bucket/upload 
2026-10-02T12:23:49.4569448Z │ │   └─/tools/data-bucket/:id 
2026-10-02T12:23:49.4569748Z │ ├─/operations (GroupLandingPage)
2026-10-02T12:23:49.4570071Z │ │ ├─/operations/cut-fill (CutFillListScreen)
2026-10-02T12:23:49.4570338Z │ │ │ ├─/operations/cut-fill/form 
2026-10-02T12:23:49.4570616Z │ │ │ └─/operations/cut-fill/:id/form 
2026-10-02T12:23:49.4571059Z │ │ ├─/operations/land-clearing (LandClearingSummaryScreen)
2026-10-02T12:23:49.4571353Z │ │ │ ├─/operations/land-clearing/form 
2026-10-02T12:23:49.4571638Z │ │ │ ├─/operations/land-clearing/:id 
2026-10-02T12:23:49.4571964Z │ │ │ └─/operations/land-clearing/:id/form 
2026-10-02T12:23:49.4572342Z │ │ └─/operations/benchmark-db (BenchmarkListScreen)
2026-10-02T12:23:49.4573419Z │ │   ├─/operations/benchmark-db/form (BenchmarkFormScreen)
2026-10-02T12:23:49.4573753Z │ │   ├─/operations/benchmark-db/:id 
2026-10-02T12:23:49.4574062Z │ │   └─/operations/benchmark-db/:id/form 
2026-10-02T12:23:49.4574333Z │ ├─/teams (GroupLandingPage)
2026-10-02T12:23:49.4574630Z │ │ ├─/teams/attendance (AttendanceScreen)
2026-10-02T12:23:49.4574893Z │ │ │ └─/teams/attendance/form 
2026-10-02T12:23:49.4575207Z │ │ ├─/teams/daily-log (DailyLogListScreen)
2026-10-02T12:23:49.4575479Z │ │ │ ├─/teams/daily-log/form 
2026-10-02T12:23:49.4575747Z │ │ │ └─/teams/daily-log/:id/form 
2026-10-02T12:23:49.4576103Z │ │ ├─/teams/inventory (InventoryDashboardScreen)
2026-10-02T12:23:49.4576371Z │ │ │ ├─/teams/inventory/form 
2026-10-02T12:23:49.4576577Z │ │ │ ├─/teams/inventory/:id 
2026-10-02T12:23:49.4576726Z │ │ │ └─/teams/inventory/:id/form 
2026-10-02T12:23:49.4576957Z │ │ ├─/teams/equipment-check (EquipmentHistoryScreen)
2026-10-02T12:23:49.4577109Z │ │ │ ├─/teams/equipment-check/form 
2026-10-02T12:23:49.4577265Z │ │ │ └─/teams/equipment-check/:id 
2026-10-02T12:23:49.4577404Z │ │ └─/teams/timeline (TimelinePage)
2026-10-02T12:23:49.4577764Z │ └─/settings (SettingsPage)
2026-10-02T12:23:49.4578116Z │   └─/settings/profile/form (ProfileEditPage)
2026-10-02T12:23:49.4578366Z ├─/reports/config (Widget)
2026-10-02T12:23:49.4578728Z └─/notifications (BlocProvider<NotificationCubit>)
2026-10-02T12:23:49.4578933Z known full paths for route names:
2026-10-02T12:23:49.4579094Z   login => /login
2026-10-02T12:23:49.4579286Z   privacy-gate => /privacy-gate
2026-10-02T12:23:49.4579766Z   interaction-fixture => /__interaction-fixture
2026-10-02T12:23:49.4580081Z   interaction-fixture-form => /__interaction-fixture/form
2026-10-02T12:23:49.4580245Z   dashboard => /
2026-10-02T12:23:49.4580412Z   tools => /tools
2026-10-02T12:23:49.4580610Z   data-bucket => /tools/data-bucket
2026-10-02T12:23:49.4581065Z   data-bucket-upload => /tools/data-bucket/upload
2026-10-02T12:23:49.4581302Z   data-bucket-detail => /tools/data-bucket/:id
2026-10-02T12:23:49.4581502Z   operations => /operations
2026-10-02T12:23:49.4581695Z   cut-fill => /operations/cut-fill
2026-10-02T12:23:49.4581922Z   cut-fill-create => /operations/cut-fill/form
2026-10-02T12:23:49.4582147Z   cut-fill-edit => /operations/cut-fill/:id/form
2026-10-02T12:23:49.4582366Z   land-clearing => /operations/land-clearing
2026-10-02T12:23:49.4583747Z   land-clearing-create => /operations/land-clearing/form
2026-10-02T12:23:49.4584551Z   land-clearing-detail => /operations/land-clearing/:id
2026-10-02T12:23:49.4585010Z   land-clearing-edit => /operations/land-clearing/:id/form
2026-10-02T12:23:49.4585246Z   benchmark-db => /operations/benchmark-db
2026-10-02T12:23:49.4585504Z   benchmark-form => /operations/benchmark-db/form
2026-10-02T12:23:49.4585768Z   benchmark-detail => /operations/benchmark-db/:id
2026-10-02T12:23:49.4586057Z   benchmark-edit => /operations/benchmark-db/:id/form
2026-10-02T12:23:49.4586227Z   teams => /teams
2026-10-02T12:23:49.4586427Z   attendance => /teams/attendance
2026-10-02T12:23:49.4586661Z   attendance-form => /teams/attendance/form
2026-10-02T12:23:49.4586858Z   daily-log => /teams/daily-log
2026-10-02T12:23:49.4587080Z   daily-log-form => /teams/daily-log/form
2026-10-02T12:23:49.4587350Z   daily-log-record-form => /teams/daily-log/:id/form
2026-10-02T12:23:49.4587541Z   inventory => /teams/inventory
2026-10-02T12:23:49.4587753Z   inventory-form => /teams/inventory/form
2026-10-02T12:23:49.4587965Z   inventory-detail => /teams/inventory/:id
2026-10-02T12:23:49.4588187Z   inventory-edit => /teams/inventory/:id/form
2026-10-02T12:23:49.4588408Z   equipment-check => /teams/equipment-check
2026-10-02T12:23:49.4588680Z   equipment-check-form => /teams/equipment-check/form
2026-10-02T12:23:49.4588958Z   equipment-check-detail => /teams/equipment-check/:id
2026-10-02T12:23:49.4589148Z   timeline => /teams/timeline
2026-10-02T12:23:49.4589329Z   settings => /settings
2026-10-02T12:23:49.4589565Z   settings-profile => /settings/profile/form
2026-10-02T12:23:49.4589996Z   report-config => /reports/config
2026-10-02T12:23:49.4590208Z   notifications => /notifications
2026-10-02T12:23:49.4590221Z 
2026-10-02T12:23:49.4590439Z GoRouter: INFO: Full paths for routes:
2026-10-02T12:23:49.4590716Z ├─/login (LoginPage)
2026-10-02T12:23:49.4591009Z ├─/privacy-gate (PrivacyAckPage)
2026-10-02T12:23:49.4591321Z ├─/__interaction-fixture (AppInteractionFixturePage)
2026-10-02T12:23:49.4591564Z │ └─/__interaction-fixture/form (AppInteractionFixturePage)
2026-10-02T12:23:49.4591687Z ├─ (ShellRoute)
2026-10-02T12:23:49.4591848Z │ ├─/ (BlocProvider<DashboardCubit>)
2026-10-02T12:23:49.4592267Z │ ├─/tools (GroupLandingPage)
2026-10-02T12:23:49.4592598Z │ │ └─/tools/data-bucket (DataBucketListPage)
2026-10-02T12:23:49.4592865Z │ │   ├─/tools/data-bucket/upload 
2026-10-02T12:23:49.4593375Z │ │   └─/tools/data-bucket/:id 
2026-10-02T12:23:49.4593689Z │ ├─/operations (GroupLandingPage)
2026-10-02T12:23:49.4594034Z │ │ ├─/operations/cut-fill (CutFillListScreen)
2026-10-02T12:23:49.4594333Z │ │ │ ├─/operations/cut-fill/form 
2026-10-02T12:23:49.4594630Z │ │ │ └─/operations/cut-fill/:id/form 
2026-10-02T12:23:49.4595053Z │ │ ├─/operations/land-clearing (LandClearingSummaryScreen)
2026-10-02T12:23:49.4595327Z │ │ │ ├─/operations/land-clearing/form 
2026-10-02T12:23:49.4595496Z │ │ │ ├─/operations/land-clearing/:id 
2026-10-02T12:23:49.4595652Z │ │ │ └─/operations/land-clearing/:id/form 
2026-10-02T12:23:49.4595856Z │ │ └─/operations/benchmark-db (BenchmarkListScreen)
2026-10-02T12:23:49.4596066Z │ │   ├─/operations/benchmark-db/form (BenchmarkFormScreen)
2026-10-02T12:23:49.4596218Z │ │   ├─/operations/benchmark-db/:id 
2026-10-02T12:23:49.4596594Z │ │   └─/operations/benchmark-db/:id/form 
2026-10-02T12:23:49.4596882Z │ ├─/teams (GroupLandingPage)
2026-10-02T12:23:49.4597189Z │ │ ├─/teams/attendance (AttendanceScreen)
2026-10-02T12:23:49.4597676Z │ │ │ └─/teams/attendance/form 
2026-10-02T12:23:49.4597993Z │ │ ├─/teams/daily-log (DailyLogListScreen)
2026-10-02T12:23:49.4598236Z │ │ │ ├─/teams/daily-log/form 
2026-10-02T12:23:49.4598508Z │ │ │ └─/teams/daily-log/:id/form 
2026-10-02T12:23:49.4598838Z │ │ ├─/teams/inventory (InventoryDashboardScreen)
2026-10-02T12:23:49.4599076Z │ │ │ ├─/teams/inventory/form 
2026-10-02T12:23:49.4599308Z │ │ │ ├─/teams/inventory/:id 
2026-10-02T12:23:49.4599551Z │ │ │ └─/teams/inventory/:id/form 
2026-10-02T12:23:49.4599900Z │ │ ├─/teams/equipment-check (EquipmentHistoryScreen)
2026-10-02T12:23:49.4600170Z │ │ │ ├─/teams/equipment-check/form 
2026-10-02T12:23:49.4600436Z │ │ │ └─/teams/equipment-check/:id 
2026-10-02T12:23:49.4600703Z │ │ └─/teams/timeline (TimelinePage)
2026-10-02T12:23:49.4600963Z │ └─/settings (SettingsPage)
2026-10-02T12:23:49.4601285Z │   └─/settings/profile/form (ProfileEditPage)
2026-10-02T12:23:49.4601522Z ├─/reports/config (Widget)
2026-10-02T12:23:49.4601893Z └─/notifications (BlocProvider<NotificationCubit>)
2026-10-02T12:23:49.4602098Z known full paths for route names:
2026-10-02T12:23:49.4602276Z   login => /login
2026-10-02T12:23:49.4602709Z   privacy-gate => /privacy-gate
2026-10-02T12:23:49.4603182Z   interaction-fixture => /__interaction-fixture
2026-10-02T12:23:49.4603500Z   interaction-fixture-form => /__interaction-fixture/form
2026-10-02T12:23:49.4603670Z   dashboard => /
2026-10-02T12:23:49.4603838Z   tools => /tools
2026-10-02T12:23:49.4604043Z   data-bucket => /tools/data-bucket
2026-10-02T12:23:49.4604298Z   data-bucket-upload => /tools/data-bucket/upload
2026-10-02T12:23:49.4604534Z   data-bucket-detail => /tools/data-bucket/:id
2026-10-02T12:23:49.4604726Z   operations => /operations
2026-10-02T12:23:49.4604925Z   cut-fill => /operations/cut-fill
2026-10-02T12:23:49.4605157Z   cut-fill-create => /operations/cut-fill/form
2026-10-02T12:23:49.4605392Z   cut-fill-edit => /operations/cut-fill/:id/form
2026-10-02T12:23:49.4605622Z   land-clearing => /operations/land-clearing
2026-10-02T12:23:49.4605930Z   land-clearing-create => /operations/land-clearing/form
2026-10-02T12:23:49.4606230Z   land-clearing-detail => /operations/land-clearing/:id
2026-10-02T12:23:49.4606775Z   land-clearing-edit => /operations/land-clearing/:id/form
2026-10-02T12:23:49.4607012Z   benchmark-db => /operations/benchmark-db
2026-10-02T12:23:49.4607274Z   benchmark-form => /operations/benchmark-db/form
2026-10-02T12:23:49.4607548Z   benchmark-detail => /operations/benchmark-db/:id
2026-10-02T12:23:49.4607817Z   benchmark-edit => /operations/benchmark-db/:id/form
2026-10-02T12:23:49.4607978Z   teams => /teams
2026-10-02T12:23:49.4608171Z   attendance => /teams/attendance
2026-10-02T12:23:49.4608398Z   attendance-form => /teams/attendance/form
2026-10-02T12:23:49.4608586Z   daily-log => /teams/daily-log
2026-10-02T12:23:49.4608718Z   daily-log-form => /teams/daily-log/form
2026-10-02T12:23:49.4608873Z   daily-log-record-form => /teams/daily-log/:id/form
2026-10-02T12:23:49.4608978Z   inventory => /teams/inventory
2026-10-02T12:23:49.4609103Z   inventory-form => /teams/inventory/form
2026-10-02T12:23:49.4609222Z   inventory-detail => /teams/inventory/:id
2026-10-02T12:23:49.4609347Z   inventory-edit => /teams/inventory/:id/form
2026-10-02T12:23:49.4609539Z   equipment-check => /teams/equipment-check
2026-10-02T12:23:49.4609809Z   equipment-check-form => /teams/equipment-check/form
2026-10-02T12:23:49.4610105Z   equipment-check-detail => /teams/equipment-check/:id
2026-10-02T12:23:49.4610257Z   timeline => /teams/timeline
2026-10-02T12:23:49.4610572Z   settings => /settings
2026-10-02T12:23:49.4610824Z   settings-profile => /settings/profile/form
2026-10-02T12:23:49.4611034Z   report-config => /reports/config
2026-10-02T12:23:49.4611511Z   notifications => /notifications
2026-10-02T12:23:49.4611677Z  
2026-10-02T12:23:49.4611927Z [INFO] GoRouter: setting initial location /login
2026-10-02T12:23:49.4612161Z GoRouter: INFO: setting initial location /login 
2026-10-02T12:23:49.4612390Z [INFO] GoRouter: Using WidgetsApp configuration
2026-10-02T12:23:49.4612820Z GoRouter: INFO: Using WidgetsApp configuration 
2026-10-02T12:23:49.4613248Z [FINE] supabase.auth: Saving session
2026-10-02T12:23:49.4621013Z [FINEST] supabase.auth: Saving session: Session(providerToken: <redacted>, providerRefreshToken: <redacted>, expiresIn: 3600, tokenType: bearer, user: User(id: cb041494-fccd-493b-b73b-50e952366ea8, appMetadata: {provider: email, providers: [email]}, userMetadata: {email_verified: true}, aud: authenticated, confirmationSentAt: null, recoverySentAt: null, emailChangeSentAt: null, newEmail: null, invitedAt: null, actionLink: null, email: ***, phone: , createdAt: 2026-08-29T08:04:41.039217Z, confirmedAt: 2026-08-29T08:04:41.068013Z, emailConfirmedAt: 2026-08-29T08:04:41.068013Z, phoneConfirmedAt: null, lastSignInAt: 2026-10-02T12:20:25.304312281Z, role: authenticated, updatedAt: 2026-10-02T12:20:25.311475Z, identities: [UserIdentity(id: cb041494-fccd-493b-b73b-50e952366ea8, userId: cb041494-fccd-493b-b73b-50e952366ea8, identityData: {email: ***, email_verified: false, phone_verified: false, sub: cb041494-fccd-493b-b73b-50e952366ea8}, identityId: 8d3c9ac0-0cb4-431a-ba43-538637ad8247, provider: email, createdAt: 2026-08-29T08:04:41.062276Z, lastSignInAt: 2026-08-29T08:04:41.062165Z, updatedAt: 2026-08-29T08:04:41.062276Z)], factors: null, isAnonymous: false), accessToken: <redacted>, refreshToken: <redacted>
2026-10-02T12:23:49.4629254Z [FINEST] supabase.auth: onAuthStateChange: AuthState(event: signedIn, session: Session(providerToken: <redacted>, providerRefreshToken: <redacted>, expiresIn: 3600, tokenType: bearer, user: User(id: cb041494-fccd-493b-b73b-50e952366ea8, appMetadata: {provider: email, providers: [email]}, userMetadata: {email_verified: true}, aud: authenticated, confirmationSentAt: null, recoverySentAt: null, emailChangeSentAt: null, newEmail: null, invitedAt: null, actionLink: null, email: ***, phone: , createdAt: 2026-08-29T08:04:41.039217Z, confirmedAt: 2026-08-29T08:04:41.068013Z, emailConfirmedAt: 2026-08-29T08:04:41.068013Z, phoneConfirmedAt: null, lastSignInAt: 2026-10-02T12:20:25.304312281Z, role: authenticated, updatedAt: 2026-10-02T12:20:25.311475Z, identities: [UserIdentity(id: cb041494-fccd-493b-b73b-50e952366ea8, userId: cb041494-fccd-493b-b73b-50e952366ea8, identityData: {email: ***, email_verified: false, phone_verified: false, sub: cb041494-fccd-493b-b73b-50e952366ea8}, identityId: 8d3c9ac0-0cb4-431a-ba43-538637ad8247, provider: email, createdAt: 2026-08-29T08:04:41.062276Z, lastSignInAt: 2026-08-29T08:04:41.062165Z, updatedAt: 2026-08-29T08:04:41.062276Z)], factors: null, isAnonymous: false), accessToken: <redacted>, refreshToken: <redacted>, fromBroadcast: false, signOutReason: null)
2026-10-02T12:23:49.4630610Z [FINEST] supabase.postgrest: Request: GET ***/rest/v1/users?select=%2A&id=eq.cb041494-fccd-493b-b73b-50e952366ea8
2026-10-02T12:23:49.4631198Z [INFO] GoRouter: redirecting to RouteMatchList#23593(uri: /privacy-gate, matches: [RouteMatch#5cd42(route: GoRoute#06aa9(name: "privacy-gate", path: "/privacy-gate"))])
2026-10-02T12:23:49.4632006Z GoRouter: INFO: redirecting to RouteMatchList#23593(uri: /privacy-gate, matches: [RouteMatch#5cd42(route: GoRoute#06aa9(name: "privacy-gate", path: "/privacy-gate"))]) 
2026-10-02T12:23:49.4632225Z [INFO] GoRouter: going to /
2026-10-02T12:23:49.4632406Z GoRouter: INFO: going to / 
2026-10-02T12:23:49.4632652Z [INFO] GoRouter: Using WidgetsApp configuration
2026-10-02T12:23:49.4632892Z GoRouter: INFO: Using WidgetsApp configuration 
2026-10-02T12:23:49.4634354Z [FINEST] supabase.postgrest: Request: GET ***/rest/v1/attendance_records?select=%2A%2Cusers%21attendance_records_user_id_fkey%28name%29&deleted_at=is.null
2026-10-02T12:23:49.4635206Z [FINEST] supabase.postgrest: Request: GET ***/rest/v1/equipment_checks?select=%2A&deleted_at=is.null
2026-10-02T12:23:49.4635522Z [FINE] SyncQueueManager: No pending sync items to process.
2026-10-02T12:23:49.4636376Z [FINEST] supabase.postgrest: Request: GET ***/rest/v1/cut_fill_records?select=%2A&deleted_at=is.null
2026-10-02T12:23:49.4636835Z [INFO] GoRouter: going to /tools/data-bucket
2026-10-02T12:23:49.4637097Z GoRouter: INFO: going to /tools/data-bucket 
2026-10-02T12:23:49.4637859Z [FINEST] supabase.postgrest: Request: GET ***/rest/v1/land_clearing_records?select=%2A&deleted_at=is.null
2026-10-02T12:23:49.4638014Z [INFO] GoRouter: Using WidgetsApp configuration
2026-10-02T12:23:49.4638157Z GoRouter: INFO: Using WidgetsApp configuration 
2026-10-02T12:23:49.4639127Z [FINEST] supabase.postgrest: Request: GET ***/rest/v1/geospatial_files?select=%2A&deleted_at=is.null&order=created_at.desc.nullslast
2026-10-02T12:23:49.4640022Z [FINEST] supabase.postgrest: Request: GET ***/rest/v1/inventory_items?select=%2A&deleted_at=is.null
2026-10-02T12:23:49.4641029Z [FINEST] supabase.postgrest: Request: GET ***/rest/v1/geospatial_files?select=%2A&deleted_at=is.null&order=created_at.desc.nullslast
2026-10-02T12:23:49.4641620Z [FINEST] supabase.postgrest: Request: GET ***/rest/v1/geospatial_files?select=%2A&deleted_at=is.null&order=created_at.desc.nullslast
2026-10-02T12:23:49.4642282Z ##[endgroup]
2026-10-02T12:23:49.4642668Z Running Gradle task 'assembleDebug'...                             41.5s
2026-10-02T12:23:49.4643355Z ✓ Built build/app/outputs/flutter-apk/app-debug.apk
2026-10-02T12:23:49.4643779Z Installing build/app/outputs/flutter-apk/app-debug.apk...        1,079ms
2026-10-02T12:23:49.4646213Z ##[group]✅ /home/runner/work/mine-flow-app/mine-flow-app/integration_test/journeys/offline_sync_journey_test.dart: Offline/Sync Journey — Part A: full E2E against staging (STEP-45.11) offline entry → queue persists across relaunch → reconnect drain → conflict resolution against real staging data
2026-10-02T12:23:49.4646601Z [CONFIG] supabase.supabase_flutter: Initialize Supabase v2.17.2
2026-10-02T12:23:49.4647909Z [CONFIG] supabase.auth: Initialize GoTrueClient v2.27.2 with url: ***/auth/v1, autoRefreshToken: <redacted>, flowType: pkce, tickDuration: 0:00:10.000000, tickThreshold: 3
2026-10-02T12:23:49.4649596Z [FINEST] supabase.auth: Initialize with headers: {X-Client-Info: supabase-flutter/2.17.2; platform=Android; platform-version=sdk_gphone64_x86_64-userdebug 13 TE1A.240213.009 12342917 dev-keys; runtime=dart; runtime-version=3.13.1, apikey: <redacted>, Authorization: ***
2026-10-02T12:23:49.4650137Z [FINE] supabase.auth: Stopping auto refresh
2026-10-02T12:23:49.4650361Z [FINE] supabase.auth: Starting auto refresh
2026-10-02T12:23:49.4651327Z [CONFIG] supabase.postgrest: Initialize PostgrestClient with url: ***/rest/v1, schema: public
2026-10-02T12:23:49.4653208Z [FINEST] supabase.postgrest: Initialize with headers: {X-Client-Info: supabase-flutter/2.17.2; platform=Android; platform-version=sdk_gphone64_x86_64-userdebug 13 TE1A.240213.009 12342917 dev-keys; runtime=dart; runtime-version=3.13.1}
2026-10-02T12:23:49.4654364Z [CONFIG] supabase.functions: Initialize FunctionsClient v2.7.1 with url '***/functions/v1' and region 'null'
2026-10-02T12:23:49.4655703Z [FINEST] supabase.functions: Initialize with headers: {X-Client-Info: supabase-flutter/2.17.2; platform=Android; platform-version=sdk_gphone64_x86_64-userdebug 13 TE1A.240213.009 12342917 dev-keys; runtime=dart; runtime-version=3.13.1}
2026-10-02T12:23:49.4656501Z [CONFIG] supabase.storage: Initialize SupabaseStorageClient v2.8.0 with url: ***/storage/v1, retryAttempts: 0
2026-10-02T12:23:49.4657522Z [FINEST] supabase.storage: Initialize with headers: {X-Client-Info: supabase-flutter/2.17.2; platform=Android; platform-version=sdk_gphone64_x86_64-userdebug 13 TE1A.240213.009 12342917 dev-keys; runtime=dart; runtime-version=3.13.1}
2026-10-02T12:23:49.4658695Z [CONFIG] supabase.realtime: Initialize RealtimeClient with endpoint: wss://rpdnonpivoyhghzolyzv.supabase.co/realtime/v1, timeout: 0:00:10.000000, heartbeatIntervalMs: 25000, logLevel: null
2026-10-02T12:23:49.4660653Z [FINEST] supabase.realtime: Initialize with headers: {apikey: <redacted>, X-Client-Info: supabase-flutter/2.17.2; platform=Android; platform-version=sdk_gphone64_x86_64-userdebug 13 TE1A.240213.009 12342917 dev-keys; runtime=dart; runtime-version=3.13.1}, params: {apikey: <redacted>}
2026-10-02T12:23:49.4661201Z [CONFIG] supabase.supabase: Initialize SupabaseClient v2.16.1 with no custom access token
2026-10-02T12:23:49.4662016Z [FINEST] supabase.auth: onAuthStateChange: AuthState(event: initialSession, session: null, fromBroadcast: false, signOutReason: null)
2026-10-02T12:23:49.4662346Z [FINE] supabase.supabase_flutter: Starting deeplink observer
2026-10-02T12:23:49.4662728Z [INFO] supabase.supabase_flutter: ***** Supabase init completed *****
2026-10-02T12:23:49.4663372Z supabase.supabase_flutter: INFO: ***** Supabase init completed ***** 
2026-10-02T12:23:49.4663835Z [INFO] ConnectivityService: Connectivity changed → online
2026-10-02T12:23:49.4664260Z ConnectivityService: INFO: Connectivity changed → online 
2026-10-02T12:23:49.4664557Z [INFO] SyncQueueManager: Network connectivity restored. Triggering queue sync.
2026-10-02T12:23:49.4664801Z SyncQueueManager: INFO: Network connectivity restored. Triggering queue sync. 
2026-10-02T12:23:49.4664989Z [FINE] SyncQueueManager: No pending sync items to process.
2026-10-02T12:23:49.4665268Z [INFO] SyncQueueManager: Registered sync handler for entity type: data_bucket_metadata_sync
2026-10-02T12:23:49.4665871Z SyncQueueManager: INFO: Registered sync handler for entity type: data_bucket_metadata_sync 
2026-10-02T12:23:49.4666352Z [INFO] DataBucketSyncRegistrar: Registered sync handler for data_bucket_metadata_sync
2026-10-02T12:23:49.4666814Z DataBucketSyncRegistrar: INFO: Registered sync handler for data_bucket_metadata_sync 
2026-10-02T12:23:49.4667262Z [INFO] SyncQueueManager: Registered sync handler for entity type: cut_fill_records
2026-10-02T12:23:49.4667713Z SyncQueueManager: INFO: Registered sync handler for entity type: cut_fill_records 
2026-10-02T12:23:49.4668134Z [INFO] TrackingSyncRegistrar: Registered sync handler for cut_fill_records
2026-10-02T12:23:49.4668472Z TrackingSyncRegistrar: INFO: Registered sync handler for cut_fill_records 
2026-10-02T12:23:49.4668753Z [INFO] SyncQueueManager: Registered sync handler for entity type: land_clearing_records
2026-10-02T12:23:49.4669008Z SyncQueueManager: INFO: Registered sync handler for entity type: land_clearing_records 
2026-10-02T12:23:49.4669748Z [INFO] TrackingSyncRegistrar: Registered sync handler for land_clearing_records
2026-10-02T12:23:49.4670182Z TrackingSyncRegistrar: INFO: Registered sync handler for land_clearing_records 
2026-10-02T12:23:49.4670617Z [INFO] SyncQueueManager: Registered sync handler for entity type: inventory_items
2026-10-02T12:23:49.4671052Z SyncQueueManager: INFO: Registered sync handler for entity type: inventory_items 
2026-10-02T12:23:49.4671446Z [INFO] TrackingSyncRegistrar: Registered sync handler for inventory_items
2026-10-02T12:23:49.4671843Z TrackingSyncRegistrar: INFO: Registered sync handler for inventory_items 
2026-10-02T12:23:49.4672569Z [INFO] SyncQueueManager: Registered sync handler for entity type: inventory_transactions
2026-10-02T12:23:49.4673304Z SyncQueueManager: INFO: Registered sync handler for entity type: inventory_transactions 
2026-10-02T12:23:49.4673759Z [INFO] TrackingSyncRegistrar: Registered sync handler for inventory_transactions
2026-10-02T12:23:49.4674228Z TrackingSyncRegistrar: INFO: Registered sync handler for inventory_transactions 
2026-10-02T12:23:49.4674698Z [INFO] SyncQueueManager: Registered sync handler for entity type: attendance_records
2026-10-02T12:23:49.4675182Z SyncQueueManager: INFO: Registered sync handler for entity type: attendance_records 
2026-10-02T12:23:49.4675445Z [INFO] AttendanceSyncRegistrar: Registered sync handler for attendance_records
2026-10-02T12:23:49.4675687Z AttendanceSyncRegistrar: INFO: Registered sync handler for attendance_records 
2026-10-02T12:23:49.4675920Z [INFO] SyncQueueManager: Registered sync handler for entity type: daily_logs
2026-10-02T12:23:49.4676147Z SyncQueueManager: INFO: Registered sync handler for entity type: daily_logs 
2026-10-02T12:23:49.4676352Z [INFO] DailyLogSyncRegistrar: Registered sync handler for daily_logs
2026-10-02T12:23:49.4676963Z DailyLogSyncRegistrar: INFO: Registered sync handler for daily_logs 
2026-10-02T12:23:49.4677452Z [INFO] SyncQueueManager: Registered sync handler for entity type: equipment_checks
2026-10-02T12:23:49.4677915Z SyncQueueManager: INFO: Registered sync handler for entity type: equipment_checks 
2026-10-02T12:23:49.4678371Z [INFO] EquipmentCheckSyncRegistrar: Registered sync handler for equipment_checks
2026-10-02T12:23:49.4679068Z EquipmentCheckSyncRegistrar: INFO: Registered sync handler for equipment_checks 
2026-10-02T12:23:49.4679503Z [INFO] SyncQueueManager: Registered sync handler for entity type: benchmarks
2026-10-02T12:23:49.4679932Z SyncQueueManager: INFO: Registered sync handler for entity type: benchmarks 
2026-10-02T12:23:49.4680319Z [INFO] BenchmarkSyncRegistrar: Registered sync handler for benchmarks
2026-10-02T12:23:49.4680725Z BenchmarkSyncRegistrar: INFO: Registered sync handler for benchmarks 
2026-10-02T12:23:49.4680945Z [INFO] GoRouter: Full paths for routes:
2026-10-02T12:23:49.4681248Z ├─/login (LoginPage)
2026-10-02T12:23:49.4681543Z ├─/privacy-gate (PrivacyAckPage)
2026-10-02T12:23:49.4681927Z ├─/__interaction-fixture (AppInteractionFixturePage)
2026-10-02T12:23:49.4682340Z │ └─/__interaction-fixture/form (AppInteractionFixturePage)
2026-10-02T12:23:49.4682553Z ├─ (ShellRoute)
2026-10-02T12:23:49.4682837Z │ ├─/ (BlocProvider<DashboardCubit>)
2026-10-02T12:23:49.4683323Z │ ├─/tools (GroupLandingPage)
2026-10-02T12:23:49.4683664Z │ │ └─/tools/data-bucket (DataBucketListPage)
2026-10-02T12:23:49.4683945Z │ │   ├─/tools/data-bucket/upload 
2026-10-02T12:23:49.4684209Z │ │   └─/tools/data-bucket/:id 
2026-10-02T12:23:49.4684487Z │ ├─/operations (GroupLandingPage)
2026-10-02T12:23:49.4684819Z │ │ ├─/operations/cut-fill (CutFillListScreen)
2026-10-02T12:23:49.4685091Z │ │ │ ├─/operations/cut-fill/form 
2026-10-02T12:23:49.4685375Z │ │ │ └─/operations/cut-fill/:id/form 
2026-10-02T12:23:49.4685788Z │ │ ├─/operations/land-clearing (LandClearingSummaryScreen)
2026-10-02T12:23:49.4686091Z │ │ │ ├─/operations/land-clearing/form 
2026-10-02T12:23:49.4686370Z │ │ │ ├─/operations/land-clearing/:id 
2026-10-02T12:23:49.4686671Z │ │ │ └─/operations/land-clearing/:id/form 
2026-10-02T12:23:49.4687281Z │ │ └─/operations/benchmark-db (BenchmarkListScreen)
2026-10-02T12:23:49.4687682Z │ │   ├─/operations/benchmark-db/form (BenchmarkFormScreen)
2026-10-02T12:23:49.4687946Z │ │   ├─/operations/benchmark-db/:id 
2026-10-02T12:23:49.4688217Z │ │   └─/operations/benchmark-db/:id/form 
2026-10-02T12:23:49.4688488Z │ ├─/teams (GroupLandingPage)
2026-10-02T12:23:49.4688787Z │ │ ├─/teams/attendance (AttendanceScreen)
2026-10-02T12:23:49.4689060Z │ │ │ └─/teams/attendance/form 
2026-10-02T12:23:49.4689357Z │ │ ├─/teams/daily-log (DailyLogListScreen)
2026-10-02T12:23:49.4689614Z │ │ │ ├─/teams/daily-log/form 
2026-10-02T12:23:49.4689883Z │ │ │ └─/teams/daily-log/:id/form 
2026-10-02T12:23:49.4690227Z │ │ ├─/teams/inventory (InventoryDashboardScreen)
2026-10-02T12:23:49.4690490Z │ │ │ ├─/teams/inventory/form 
2026-10-02T12:23:49.4690995Z │ │ │ ├─/teams/inventory/:id 
2026-10-02T12:23:49.4691272Z │ │ │ └─/teams/inventory/:id/form 
2026-10-02T12:23:49.4691643Z │ │ ├─/teams/equipment-check (EquipmentHistoryScreen)
2026-10-02T12:23:49.4691901Z │ │ │ ├─/teams/equipment-check/form 
2026-10-02T12:23:49.4692153Z │ │ │ └─/teams/equipment-check/:id 
2026-10-02T12:23:49.4692409Z │ │ └─/teams/timeline (TimelinePage)
2026-10-02T12:23:49.4692647Z │ └─/settings (SettingsPage)
2026-10-02T12:23:49.4693203Z │   └─/settings/profile/form (ProfileEditPage)
2026-10-02T12:23:49.4693487Z ├─/reports/config (Widget)
2026-10-02T12:23:49.4693847Z └─/notifications (BlocProvider<NotificationCubit>)
2026-10-02T12:23:49.4694053Z known full paths for route names:
2026-10-02T12:23:49.4694226Z   login => /login
2026-10-02T12:23:49.4694428Z   privacy-gate => /privacy-gate
2026-10-02T12:23:49.4694686Z   interaction-fixture => /__interaction-fixture
2026-10-02T12:23:49.4695002Z   interaction-fixture-form => /__interaction-fixture/form
2026-10-02T12:23:49.4695196Z   dashboard => /
2026-10-02T12:23:49.4695360Z   tools => /tools
2026-10-02T12:23:49.4695560Z   data-bucket => /tools/data-bucket
2026-10-02T12:23:49.4695827Z   data-bucket-upload => /tools/data-bucket/upload
2026-10-02T12:23:49.4696063Z   data-bucket-detail => /tools/data-bucket/:id
2026-10-02T12:23:49.4696253Z   operations => /operations
2026-10-02T12:23:49.4696459Z   cut-fill => /operations/cut-fill
2026-10-02T12:23:49.4696703Z   cut-fill-create => /operations/cut-fill/form
2026-10-02T12:23:49.4696937Z   cut-fill-edit => /operations/cut-fill/:id/form
2026-10-02T12:23:49.4697096Z   land-clearing => /operations/land-clearing
2026-10-02T12:23:49.4697267Z   land-clearing-create => /operations/land-clearing/form
2026-10-02T12:23:49.4697432Z   land-clearing-detail => /operations/land-clearing/:id
2026-10-02T12:23:49.4697598Z   land-clearing-edit => /operations/land-clearing/:id/form
2026-10-02T12:23:49.4697721Z   benchmark-db => /operations/benchmark-db
2026-10-02T12:23:49.4698143Z   benchmark-form => /operations/benchmark-db/form
2026-10-02T12:23:49.4698415Z   benchmark-detail => /operations/benchmark-db/:id
2026-10-02T12:23:49.4698684Z   benchmark-edit => /operations/benchmark-db/:id/form
2026-10-02T12:23:49.4699087Z   teams => /teams
2026-10-02T12:23:49.4699294Z   attendance => /teams/attendance
2026-10-02T12:23:49.4699520Z   attendance-form => /teams/attendance/form
2026-10-02T12:23:49.4699718Z   daily-log => /teams/daily-log
2026-10-02T12:23:49.4699932Z   daily-log-form => /teams/daily-log/form
2026-10-02T12:23:49.4700191Z   daily-log-record-form => /teams/daily-log/:id/form
2026-10-02T12:23:49.4700313Z   inventory => /teams/inventory
2026-10-02T12:23:49.4700438Z   inventory-form => /teams/inventory/form
2026-10-02T12:23:49.4700561Z   inventory-detail => /teams/inventory/:id
2026-10-02T12:23:49.4700689Z   inventory-edit => /teams/inventory/:id/form
2026-10-02T12:23:49.4700819Z   equipment-check => /teams/equipment-check
2026-10-02T12:23:49.4700979Z   equipment-check-form => /teams/equipment-check/form
2026-10-02T12:23:49.4701318Z   equipment-check-detail => /teams/equipment-check/:id
2026-10-02T12:23:49.4701513Z   timeline => /teams/timeline
2026-10-02T12:23:49.4701699Z   settings => /settings
2026-10-02T12:23:49.4701929Z   settings-profile => /settings/profile/form
2026-10-02T12:23:49.4702133Z   report-config => /reports/config
2026-10-02T12:23:49.4702343Z   notifications => /notifications
2026-10-02T12:23:49.4702355Z 
2026-10-02T12:23:49.4702575Z GoRouter: INFO: Full paths for routes:
2026-10-02T12:23:49.4702886Z ├─/login (LoginPage)
2026-10-02T12:23:49.4703429Z ├─/privacy-gate (PrivacyAckPage)
2026-10-02T12:23:49.4703824Z ├─/__interaction-fixture (AppInteractionFixturePage)
2026-10-02T12:23:49.4704249Z │ └─/__interaction-fixture/form (AppInteractionFixturePage)
2026-10-02T12:23:49.4704389Z ├─ (ShellRoute)
2026-10-02T12:23:49.4704548Z │ ├─/ (BlocProvider<DashboardCubit>)
2026-10-02T12:23:49.4704692Z │ ├─/tools (GroupLandingPage)
2026-10-02T12:23:49.4705033Z │ │ └─/tools/data-bucket (DataBucketListPage)
2026-10-02T12:23:49.4705187Z │ │   ├─/tools/data-bucket/upload 
2026-10-02T12:23:49.4705328Z │ │   └─/tools/data-bucket/:id 
2026-10-02T12:23:49.4705488Z │ ├─/operations (GroupLandingPage)
2026-10-02T12:23:49.4705898Z │ │ ├─/operations/cut-fill (CutFillListScreen)
2026-10-02T12:23:49.4706184Z │ │ │ ├─/operations/cut-fill/form 
2026-10-02T12:23:49.4706461Z │ │ │ └─/operations/cut-fill/:id/form 
2026-10-02T12:23:49.4707134Z │ │ ├─/operations/land-clearing (LandClearingSummaryScreen)
2026-10-02T12:23:49.4707451Z │ │ │ ├─/operations/land-clearing/form 
2026-10-02T12:23:49.4707740Z │ │ │ ├─/operations/land-clearing/:id 
2026-10-02T12:23:49.4708048Z │ │ │ └─/operations/land-clearing/:id/form 
2026-10-02T12:23:49.4708418Z │ │ └─/operations/benchmark-db (BenchmarkListScreen)
2026-10-02T12:23:49.4708822Z │ │   ├─/operations/benchmark-db/form (BenchmarkFormScreen)
2026-10-02T12:23:49.4709111Z │ │   ├─/operations/benchmark-db/:id 
2026-10-02T12:23:49.4709386Z │ │   └─/operations/benchmark-db/:id/form 
2026-10-02T12:23:49.4709674Z │ ├─/teams (GroupLandingPage)
2026-10-02T12:23:49.4709946Z │ │ ├─/teams/attendance (AttendanceScreen)
2026-10-02T12:23:49.4710107Z │ │ │ └─/teams/attendance/form 
2026-10-02T12:23:49.4710270Z │ │ ├─/teams/daily-log (DailyLogListScreen)
2026-10-02T12:23:49.4710407Z │ │ │ ├─/teams/daily-log/form 
2026-10-02T12:23:49.4710546Z │ │ │ └─/teams/daily-log/:id/form 
2026-10-02T12:23:49.4710731Z │ │ ├─/teams/inventory (InventoryDashboardScreen)
2026-10-02T12:23:49.4710865Z │ │ │ ├─/teams/inventory/form 
2026-10-02T12:23:49.4710992Z │ │ │ ├─/teams/inventory/:id 
2026-10-02T12:23:49.4711127Z │ │ │ └─/teams/inventory/:id/form 
2026-10-02T12:23:49.4711327Z │ │ ├─/teams/equipment-check (EquipmentHistoryScreen)
2026-10-02T12:23:49.4711474Z │ │ │ ├─/teams/equipment-check/form 
2026-10-02T12:23:49.4711619Z │ │ │ └─/teams/equipment-check/:id 
2026-10-02T12:23:49.4711762Z │ │ └─/teams/timeline (TimelinePage)
2026-10-02T12:23:49.4711898Z │ └─/settings (SettingsPage)
2026-10-02T12:23:49.4712089Z │   └─/settings/profile/form (ProfileEditPage)
2026-10-02T12:23:49.4712225Z ├─/reports/config (Widget)
2026-10-02T12:23:49.4712414Z └─/notifications (BlocProvider<NotificationCubit>)
2026-10-02T12:23:49.4712719Z known full paths for route names:
2026-10-02T12:23:49.4712814Z   login => /login
2026-10-02T12:23:49.4713468Z   privacy-gate => /privacy-gate
2026-10-02T12:23:49.4713731Z   interaction-fixture => /__interaction-fixture
2026-10-02T12:23:49.4714036Z   interaction-fixture-form => /__interaction-fixture/form
2026-10-02T12:23:49.4714216Z   dashboard => /
2026-10-02T12:23:49.4714391Z   tools => /tools
2026-10-02T12:23:49.4714591Z   data-bucket => /tools/data-bucket
2026-10-02T12:23:49.4714825Z   data-bucket-upload => /tools/data-bucket/upload
2026-10-02T12:23:49.4715052Z   data-bucket-detail => /tools/data-bucket/:id
2026-10-02T12:23:49.4715232Z   operations => /operations
2026-10-02T12:23:49.4715426Z   cut-fill => /operations/cut-fill
2026-10-02T12:23:49.4715652Z   cut-fill-create => /operations/cut-fill/form
2026-10-02T12:23:49.4715899Z   cut-fill-edit => /operations/cut-fill/:id/form
2026-10-02T12:23:49.4716121Z   land-clearing => /operations/land-clearing
2026-10-02T12:23:49.4716413Z   land-clearing-create => /operations/land-clearing/form
2026-10-02T12:23:49.4716690Z   land-clearing-detail => /operations/land-clearing/:id
2026-10-02T12:23:49.4716971Z   land-clearing-edit => /operations/land-clearing/:id/form
2026-10-02T12:23:49.4717177Z   benchmark-db => /operations/benchmark-db
2026-10-02T12:23:49.4717418Z   benchmark-form => /operations/benchmark-db/form
2026-10-02T12:23:49.4717681Z   benchmark-detail => /operations/benchmark-db/:id
2026-10-02T12:23:49.4717947Z   benchmark-edit => /operations/benchmark-db/:id/form
2026-10-02T12:23:49.4718108Z   teams => /teams
2026-10-02T12:23:49.4718302Z   attendance => /teams/attendance
2026-10-02T12:23:49.4718515Z   attendance-form => /teams/attendance/form
2026-10-02T12:23:49.4718697Z   daily-log => /teams/daily-log
2026-10-02T12:23:49.4718893Z   daily-log-form => /teams/daily-log/form
2026-10-02T12:23:49.4719353Z   daily-log-record-form => /teams/daily-log/:id/form
2026-10-02T12:23:49.4719543Z   inventory => /teams/inventory
2026-10-02T12:23:49.4719758Z   inventory-form => /teams/inventory/form
2026-10-02T12:23:49.4719966Z   inventory-detail => /teams/inventory/:id
2026-10-02T12:23:49.4720179Z   inventory-edit => /teams/inventory/:id/form
2026-10-02T12:23:49.4720391Z   equipment-check => /teams/equipment-check
2026-10-02T12:23:49.4720665Z   equipment-check-form => /teams/equipment-check/form
2026-10-02T12:23:49.4720950Z   equipment-check-detail => /teams/equipment-check/:id
2026-10-02T12:23:49.4721135Z   timeline => /teams/timeline
2026-10-02T12:23:49.4721309Z   settings => /settings
2026-10-02T12:23:49.4721540Z   settings-profile => /settings/profile/form
2026-10-02T12:23:49.4721737Z   report-config => /reports/config
2026-10-02T12:23:49.4721928Z   notifications => /notifications
2026-10-02T12:23:49.4722077Z  
2026-10-02T12:23:49.4722316Z [INFO] GoRouter: setting initial location /login
2026-10-02T12:23:49.4722561Z GoRouter: INFO: setting initial location /login 
2026-10-02T12:23:49.4722799Z [INFO] GoRouter: Using WidgetsApp configuration
2026-10-02T12:23:49.4723220Z GoRouter: INFO: Using WidgetsApp configuration 
2026-10-02T12:23:49.4723422Z [FINE] supabase.auth: Saving session
2026-10-02T12:23:49.4731339Z [FINEST] supabase.auth: Saving session: Session(providerToken: <redacted>, providerRefreshToken: <redacted>, expiresIn: 3600, tokenType: bearer, user: User(id: cb041494-fccd-493b-b73b-50e952366ea8, appMetadata: {provider: email, providers: [email]}, userMetadata: {email_verified: true}, aud: authenticated, confirmationSentAt: null, recoverySentAt: null, emailChangeSentAt: null, newEmail: null, invitedAt: null, actionLink: null, email: ***, phone: , createdAt: 2026-08-29T08:04:41.039217Z, confirmedAt: 2026-08-29T08:04:41.068013Z, emailConfirmedAt: 2026-08-29T08:04:41.068013Z, phoneConfirmedAt: null, lastSignInAt: 2026-10-02T12:21:21.805736459Z, role: authenticated, updatedAt: 2026-10-02T12:21:21.811614Z, identities: [UserIdentity(id: cb041494-fccd-493b-b73b-50e952366ea8, userId: cb041494-fccd-493b-b73b-50e952366ea8, identityData: {email: ***, email_verified: false, phone_verified: false, sub: cb041494-fccd-493b-b73b-50e952366ea8}, identityId: 8d3c9ac0-0cb4-431a-ba43-538637ad8247, provider: email, createdAt: 2026-08-29T08:04:41.062276Z, lastSignInAt: 2026-08-29T08:04:41.062165Z, updatedAt: 2026-08-29T08:04:41.062276Z)], factors: null, isAnonymous: false), accessToken: <redacted>, refreshToken: <redacted>
2026-10-02T12:23:49.4740001Z [FINEST] supabase.auth: onAuthStateChange: AuthState(event: signedIn, session: Session(providerToken: <redacted>, providerRefreshToken: <redacted>, expiresIn: 3600, tokenType: bearer, user: User(id: cb041494-fccd-493b-b73b-50e952366ea8, appMetadata: {provider: email, providers: [email]}, userMetadata: {email_verified: true}, aud: authenticated, confirmationSentAt: null, recoverySentAt: null, emailChangeSentAt: null, newEmail: null, invitedAt: null, actionLink: null, email: ***, phone: , createdAt: 2026-08-29T08:04:41.039217Z, confirmedAt: 2026-08-29T08:04:41.068013Z, emailConfirmedAt: 2026-08-29T08:04:41.068013Z, phoneConfirmedAt: null, lastSignInAt: 2026-10-02T12:21:21.805736459Z, role: authenticated, updatedAt: 2026-10-02T12:21:21.811614Z, identities: [UserIdentity(id: cb041494-fccd-493b-b73b-50e952366ea8, userId: cb041494-fccd-493b-b73b-50e952366ea8, identityData: {email: ***, email_verified: false, phone_verified: false, sub: cb041494-fccd-493b-b73b-50e952366ea8}, identityId: 8d3c9ac0-0cb4-431a-ba43-538637ad8247, provider: email, createdAt: 2026-08-29T08:04:41.062276Z, lastSignInAt: 2026-08-29T08:04:41.062165Z, updatedAt: 2026-08-29T08:04:41.062276Z)], factors: null, isAnonymous: false), accessToken: <redacted>, refreshToken: <redacted>, fromBroadcast: false, signOutReason: null)
2026-10-02T12:23:49.4741019Z [FINEST] supabase.postgrest: Request: GET ***/rest/v1/users?select=%2A&id=eq.cb041494-fccd-493b-b73b-50e952366ea8
2026-10-02T12:23:49.4742227Z [INFO] GoRouter: redirecting to RouteMatchList#7820d(uri: /privacy-gate, matches: [RouteMatch#020a1(route: GoRoute#58088(name: "privacy-gate", path: "/privacy-gate"))])
2026-10-02T12:23:49.4743455Z GoRouter: INFO: redirecting to RouteMatchList#7820d(uri: /privacy-gate, matches: [RouteMatch#020a1(route: GoRoute#58088(name: "privacy-gate", path: "/privacy-gate"))]) 
2026-10-02T12:23:49.4743687Z [INFO] GoRouter: going to /
2026-10-02T12:23:49.4743879Z GoRouter: INFO: going to / 
2026-10-02T12:23:49.4744138Z [INFO] GoRouter: Using WidgetsApp configuration
2026-10-02T12:23:49.4744395Z GoRouter: INFO: Using WidgetsApp configuration 
2026-10-02T12:23:49.4745658Z [FINEST] supabase.postgrest: Request: GET ***/rest/v1/attendance_records?select=%2A%2Cusers%21attendance_records_user_id_fkey%28name%29&deleted_at=is.null
2026-10-02T12:23:49.4746565Z [FINEST] supabase.postgrest: Request: GET ***/rest/v1/equipment_checks?select=%2A&deleted_at=is.null
2026-10-02T12:23:49.4746891Z [FINE] SyncQueueManager: No pending sync items to process.
2026-10-02T12:23:49.4747776Z [FINEST] supabase.postgrest: Request: GET ***/rest/v1/cut_fill_records?select=%2A&deleted_at=is.null
2026-10-02T12:23:49.4749064Z [FINEST] supabase.postgrest: Request: DELETE ***/rest/v1/daily_logs?id=in.%28%226ba0772d-d6d8-4afa-b280-093aaeb81f36%22%2C%225fb56a3c-f11c-4823-bfae-76122bff9663%22%29
2026-10-02T12:23:49.4749976Z [FINEST] supabase.postgrest: Request: GET ***/rest/v1/land_clearing_records?select=%2A&deleted_at=is.null
2026-10-02T12:23:49.4750826Z [FINEST] supabase.postgrest: Request: GET ***/rest/v1/inventory_items?select=%2A&deleted_at=is.null
2026-10-02T12:23:49.4751952Z [FINEST] supabase.postgrest: Request: DELETE ***/rest/v1/attendance_records?user_id=eq.cb041494-fccd-493b-b73b-50e952366ea8&date=eq.2026-10-02
2026-10-02T12:23:49.4752867Z [INFO] SyncQueueManager: Enqueuing offline item [daily_logs_update_6ba0772d-d6d8-4afa-b280-093aaeb81f36_1790943684234681] for entity "daily_logs" (update)
2026-10-02T12:23:49.4754119Z SyncQueueManager: INFO: Enqueuing offline item [daily_logs_update_6ba0772d-d6d8-4afa-b280-093aaeb81f36_1790943684234681] for entity "daily_logs" (update) 
2026-10-02T12:23:49.4755036Z [INFO] SyncQueueManager: Enqueuing offline item [daily_logs_update_5fb56a3c-f11c-4823-bfae-76122bff9663_1790943684238887] for entity "daily_logs" (update)
2026-10-02T12:23:49.4756195Z SyncQueueManager: INFO: Enqueuing offline item [daily_logs_update_5fb56a3c-f11c-4823-bfae-76122bff9663_1790943684238887] for entity "daily_logs" (update) 
2026-10-02T12:23:49.4757233Z [INFO] SyncQueueManager: Enqueuing offline item [attendance_records_update_3dad6549-97c0-49c4-b2a3-ae7ef3c992b7_1790943684241959] for entity "attendance_records" (update)
2026-10-02T12:23:49.4758262Z SyncQueueManager: INFO: Enqueuing offline item [attendance_records_update_3dad6549-97c0-49c4-b2a3-ae7ef3c992b7_1790943684241959] for entity "attendance_records" (update) 
2026-10-02T12:23:49.4759235Z [FINEST] supabase.postgrest: Request: GET ***/rest/v1/daily_logs?select=%2A&id=eq.6ba0772d-d6d8-4afa-b280-093aaeb81f36
2026-10-02T12:23:49.4760812Z [FINEST] supabase.postgrest: Request: GET ***/rest/v1/attendance_records?select=%2A&id=eq.3dad6549-97c0-49c4-b2a3-ae7ef3c992b7
2026-10-02T12:23:49.4761361Z [INFO] supabase.supabase_flutter: Supabase is already initialized. Skipping reinitialization.
2026-10-02T12:23:49.4761872Z supabase.supabase_flutter: INFO: Supabase is already initialized. Skipping reinitialization. 
2026-10-02T12:23:49.4762387Z [INFO] supabase.supabase_flutter: Supabase is already initialized. Skipping reinitialization.
2026-10-02T12:23:49.4762897Z [INFO] SyncQueueManager: Registered sync handler for entity type: data_bucket_metadata_sync
2026-10-02T12:23:49.4763643Z SyncQueueManager: INFO: Registered sync handler for entity type: data_bucket_metadata_sync 
2026-10-02T12:23:49.4764140Z [INFO] SyncQueueManager: Registered sync handler for entity type: data_bucket_metadata_sync
2026-10-02T12:23:49.4764457Z [INFO] DataBucketSyncRegistrar: Registered sync handler for data_bucket_metadata_sync
2026-10-02T12:23:49.4764891Z DataBucketSyncRegistrar: INFO: Registered sync handler for data_bucket_metadata_sync 
2026-10-02T12:23:49.4765162Z [INFO] DataBucketSyncRegistrar: Registered sync handler for data_bucket_metadata_sync
2026-10-02T12:23:49.4765422Z [INFO] SyncQueueManager: Registered sync handler for entity type: cut_fill_records
2026-10-02T12:23:49.4765666Z SyncQueueManager: INFO: Registered sync handler for entity type: cut_fill_records 
2026-10-02T12:23:49.4766300Z [INFO] SyncQueueManager: Registered sync handler for entity type: cut_fill_records
2026-10-02T12:23:49.4766717Z [INFO] TrackingSyncRegistrar: Registered sync handler for cut_fill_records
2026-10-02T12:23:49.4767136Z TrackingSyncRegistrar: INFO: Registered sync handler for cut_fill_records 
2026-10-02T12:23:49.4767527Z [INFO] TrackingSyncRegistrar: Registered sync handler for cut_fill_records
2026-10-02T12:23:49.4767797Z [INFO] SyncQueueManager: Registered sync handler for entity type: land_clearing_records
2026-10-02T12:23:49.4768069Z SyncQueueManager: INFO: Registered sync handler for entity type: land_clearing_records 
2026-10-02T12:23:49.4768315Z [INFO] SyncQueueManager: Registered sync handler for entity type: land_clearing_records
2026-10-02T12:23:49.4768556Z [INFO] TrackingSyncRegistrar: Registered sync handler for land_clearing_records
2026-10-02T12:23:49.4768789Z TrackingSyncRegistrar: INFO: Registered sync handler for land_clearing_records 
2026-10-02T12:23:49.4769388Z [INFO] TrackingSyncRegistrar: Registered sync handler for land_clearing_records
2026-10-02T12:23:49.4769830Z [INFO] SyncQueueManager: Registered sync handler for entity type: inventory_items
2026-10-02T12:23:49.4770277Z SyncQueueManager: INFO: Registered sync handler for entity type: inventory_items 
2026-10-02T12:23:49.4770701Z [INFO] SyncQueueManager: Registered sync handler for entity type: inventory_items
2026-10-02T12:23:49.4771121Z [INFO] TrackingSyncRegistrar: Registered sync handler for inventory_items
2026-10-02T12:23:49.4771559Z TrackingSyncRegistrar: INFO: Registered sync handler for inventory_items 
2026-10-02T12:23:49.4771959Z [INFO] TrackingSyncRegistrar: Registered sync handler for inventory_items
2026-10-02T12:23:49.4772709Z [INFO] SyncQueueManager: Registered sync handler for entity type: inventory_transactions
2026-10-02T12:23:49.4773289Z SyncQueueManager: INFO: Registered sync handler for entity type: inventory_transactions 
2026-10-02T12:23:49.4773577Z [INFO] SyncQueueManager: Registered sync handler for entity type: inventory_transactions
2026-10-02T12:23:49.4773824Z [INFO] TrackingSyncRegistrar: Registered sync handler for inventory_transactions
2026-10-02T12:23:49.4774068Z TrackingSyncRegistrar: INFO: Registered sync handler for inventory_transactions 
2026-10-02T12:23:49.4774652Z [INFO] TrackingSyncRegistrar: Registered sync handler for inventory_transactions
2026-10-02T12:23:49.4775132Z [INFO] SyncQueueManager: Registered sync handler for entity type: attendance_records
2026-10-02T12:23:49.4775617Z SyncQueueManager: INFO: Registered sync handler for entity type: attendance_records 
2026-10-02T12:23:49.4776074Z [INFO] SyncQueueManager: Registered sync handler for entity type: attendance_records
2026-10-02T12:23:49.4776524Z [INFO] AttendanceSyncRegistrar: Registered sync handler for attendance_records
2026-10-02T12:23:49.4776977Z AttendanceSyncRegistrar: INFO: Registered sync handler for attendance_records 
2026-10-02T12:23:49.4777424Z [INFO] AttendanceSyncRegistrar: Registered sync handler for attendance_records
2026-10-02T12:23:49.4777820Z [INFO] SyncQueueManager: Registered sync handler for entity type: daily_logs
2026-10-02T12:23:49.4778238Z SyncQueueManager: INFO: Registered sync handler for entity type: daily_logs 
2026-10-02T12:23:49.4778642Z [INFO] SyncQueueManager: Registered sync handler for entity type: daily_logs
2026-10-02T12:23:49.4779020Z [INFO] DailyLogSyncRegistrar: Registered sync handler for daily_logs
2026-10-02T12:23:49.4779380Z DailyLogSyncRegistrar: INFO: Registered sync handler for daily_logs 
2026-10-02T12:23:49.4779974Z [INFO] DailyLogSyncRegistrar: Registered sync handler for daily_logs
2026-10-02T12:23:49.4780451Z [INFO] SyncQueueManager: Registered sync handler for entity type: equipment_checks
2026-10-02T12:23:49.4780903Z SyncQueueManager: INFO: Registered sync handler for entity type: equipment_checks 
2026-10-02T12:23:49.4781360Z [INFO] SyncQueueManager: Registered sync handler for entity type: equipment_checks
2026-10-02T12:23:49.4781787Z [INFO] EquipmentCheckSyncRegistrar: Registered sync handler for equipment_checks
2026-10-02T12:23:49.4782125Z EquipmentCheckSyncRegistrar: INFO: Registered sync handler for equipment_checks 
2026-10-02T12:23:49.4782672Z [INFO] EquipmentCheckSyncRegistrar: Registered sync handler for equipment_checks
2026-10-02T12:23:49.4783365Z [INFO] SyncQueueManager: Registered sync handler for entity type: benchmarks
2026-10-02T12:23:49.4783885Z SyncQueueManager: INFO: Registered sync handler for entity type: benchmarks 
2026-10-02T12:23:49.4784295Z [INFO] SyncQueueManager: Registered sync handler for entity type: benchmarks
2026-10-02T12:23:49.4784675Z [INFO] BenchmarkSyncRegistrar: Registered sync handler for benchmarks
2026-10-02T12:23:49.4785055Z BenchmarkSyncRegistrar: INFO: Registered sync handler for benchmarks 
2026-10-02T12:23:49.4785420Z [INFO] BenchmarkSyncRegistrar: Registered sync handler for benchmarks
2026-10-02T12:23:49.4786378Z [FINEST] supabase.postgrest: Request: GET ***/rest/v1/users?select=%2A&id=eq.cb041494-fccd-493b-b73b-50e952366ea8
2026-10-02T12:23:49.4787299Z [FINEST] supabase.postgrest: Request: GET ***/rest/v1/users?select=%2A&id=eq.cb041494-fccd-493b-b73b-50e952366ea8
2026-10-02T12:23:49.4787629Z [INFO] SyncQueueManager: Processing 3 pending sync queue items.
2026-10-02T12:23:49.4787967Z SyncQueueManager: INFO: Processing 3 pending sync queue items. 
2026-10-02T12:23:49.4788285Z [INFO] SyncQueueManager: Processing 3 pending sync queue items.
2026-10-02T12:23:49.4789031Z [INFO] SyncQueueManager: Syncing queue item [daily_logs_update_6ba0772d-d6d8-4afa-b280-093aaeb81f36_1790943684234681] (daily_logs:update)
2026-10-02T12:23:49.4789839Z SyncQueueManager: INFO: Syncing queue item [daily_logs_update_6ba0772d-d6d8-4afa-b280-093aaeb81f36_1790943684234681] (daily_logs:update) 
2026-10-02T12:23:49.4790851Z [INFO] SyncQueueManager: Syncing queue item [daily_logs_update_6ba0772d-d6d8-4afa-b280-093aaeb81f36_1790943684234681] (daily_logs:update)
2026-10-02T12:23:49.4791950Z [INFO] DailyLogSyncRegistrar: Processing daily log sync item [daily_logs_update_6ba0772d-d6d8-4afa-b280-093aaeb81f36_1790943684234681]: update
2026-10-02T12:23:49.4793190Z DailyLogSyncRegistrar: INFO: Processing daily log sync item [daily_logs_update_6ba0772d-d6d8-4afa-b280-093aaeb81f36_1790943684234681]: update 
2026-10-02T12:23:49.4794056Z [INFO] DailyLogSyncRegistrar: Processing daily log sync item [daily_logs_update_6ba0772d-d6d8-4afa-b280-093aaeb81f36_1790943684234681]: update
2026-10-02T12:23:49.4794815Z [FINEST] supabase.postgrest: Request: GET ***/rest/v1/daily_logs?select=%2A&id=eq.6ba0772d-d6d8-4afa-b280-093aaeb81f36
2026-10-02T12:23:49.4795376Z [FINEST] supabase.postgrest: Request: GET ***/rest/v1/daily_logs?select=%2A&id=eq.6ba0772d-d6d8-4afa-b280-093aaeb81f36
2026-10-02T12:23:49.4796143Z [FINEST] supabase.postgrest: Request: POST ***/rest/v1/daily_logs
2026-10-02T12:23:49.4796759Z [FINEST] supabase.postgrest: Request: POST ***/rest/v1/daily_logs
2026-10-02T12:23:49.4797510Z [INFO] SyncQueueManager: Successfully synced queue item [daily_logs_update_6ba0772d-d6d8-4afa-b280-093aaeb81f36_1790943684234681].
2026-10-02T12:23:49.4798280Z SyncQueueManager: INFO: Successfully synced queue item [daily_logs_update_6ba0772d-d6d8-4afa-b280-093aaeb81f36_1790943684234681]. 
2026-10-02T12:23:49.4799034Z [INFO] SyncQueueManager: Successfully synced queue item [daily_logs_update_6ba0772d-d6d8-4afa-b280-093aaeb81f36_1790943684234681].
2026-10-02T12:23:49.4799821Z [INFO] SyncQueueManager: Syncing queue item [daily_logs_update_5fb56a3c-f11c-4823-bfae-76122bff9663_1790943684238887] (daily_logs:update)
2026-10-02T12:23:49.4800930Z SyncQueueManager: INFO: Syncing queue item [daily_logs_update_5fb56a3c-f11c-4823-bfae-76122bff9663_1790943684238887] (daily_logs:update) 
2026-10-02T12:23:49.4801785Z [INFO] SyncQueueManager: Syncing queue item [daily_logs_update_5fb56a3c-f11c-4823-bfae-76122bff9663_1790943684238887] (daily_logs:update)
2026-10-02T12:23:49.4802646Z [INFO] DailyLogSyncRegistrar: Processing daily log sync item [daily_logs_update_5fb56a3c-f11c-4823-bfae-76122bff9663_1790943684238887]: update
2026-10-02T12:23:49.4803704Z DailyLogSyncRegistrar: INFO: Processing daily log sync item [daily_logs_update_5fb56a3c-f11c-4823-bfae-76122bff9663_1790943684238887]: update 
2026-10-02T12:23:49.4804525Z [INFO] DailyLogSyncRegistrar: Processing daily log sync item [daily_logs_update_5fb56a3c-f11c-4823-bfae-76122bff9663_1790943684238887]: update
2026-10-02T12:23:49.4805553Z [FINEST] supabase.postgrest: Request: GET ***/rest/v1/daily_logs?select=%2A&id=eq.5fb56a3c-f11c-4823-bfae-76122bff9663
2026-10-02T12:23:49.4806522Z [FINEST] supabase.postgrest: Request: GET ***/rest/v1/daily_logs?select=%2A&id=eq.5fb56a3c-f11c-4823-bfae-76122bff9663
2026-10-02T12:23:49.4807143Z [FINEST] supabase.postgrest: Request: POST ***/rest/v1/daily_logs
2026-10-02T12:23:49.4807750Z [FINEST] supabase.postgrest: Request: POST ***/rest/v1/daily_logs
2026-10-02T12:23:49.4808481Z [INFO] SyncQueueManager: Successfully synced queue item [daily_logs_update_5fb56a3c-f11c-4823-bfae-76122bff9663_1790943684238887].
2026-10-02T12:23:49.4809200Z SyncQueueManager: INFO: Successfully synced queue item [daily_logs_update_5fb56a3c-f11c-4823-bfae-76122bff9663_1790943684238887]. 
2026-10-02T12:23:49.4809957Z [INFO] SyncQueueManager: Successfully synced queue item [daily_logs_update_5fb56a3c-f11c-4823-bfae-76122bff9663_1790943684238887].
2026-10-02T12:23:49.4810893Z [INFO] SyncQueueManager: Syncing queue item [attendance_records_update_3dad6549-97c0-49c4-b2a3-ae7ef3c992b7_1790943684241959] (attendance_records:update)
2026-10-02T12:23:49.4811835Z SyncQueueManager: INFO: Syncing queue item [attendance_records_update_3dad6549-97c0-49c4-b2a3-ae7ef3c992b7_1790943684241959] (attendance_records:update) 
2026-10-02T12:23:49.4812769Z [INFO] SyncQueueManager: Syncing queue item [attendance_records_update_3dad6549-97c0-49c4-b2a3-ae7ef3c992b7_1790943684241959] (attendance_records:update)
2026-10-02T12:23:49.4814221Z [INFO] AttendanceSyncRegistrar: Processing attendance sync item [attendance_records_update_3dad6549-97c0-49c4-b2a3-ae7ef3c992b7_1790943684241959]: update
2026-10-02T12:23:49.4815197Z AttendanceSyncRegistrar: INFO: Processing attendance sync item [attendance_records_update_3dad6549-97c0-49c4-b2a3-ae7ef3c992b7_1790943684241959]: update 
2026-10-02T12:23:49.4816126Z [INFO] AttendanceSyncRegistrar: Processing attendance sync item [attendance_records_update_3dad6549-97c0-49c4-b2a3-ae7ef3c992b7_1790943684241959]: update
2026-10-02T12:23:49.4817522Z [FINEST] supabase.postgrest: Request: GET ***/rest/v1/attendance_records?select=%2A%2Cusers%21attendance_records_user_id_fkey%28name%29&id=eq.3dad6549-97c0-49c4-b2a3-ae7ef3c992b7
2026-10-02T12:23:49.4818912Z [FINEST] supabase.postgrest: Request: GET ***/rest/v1/attendance_records?select=%2A%2Cusers%21attendance_records_user_id_fkey%28name%29&id=eq.3dad6549-97c0-49c4-b2a3-ae7ef3c992b7
2026-10-02T12:23:49.4820106Z [FINEST] supabase.postgrest: Request: POST ***/rest/v1/attendance_records?on_conflict=user_id%2Cdate
2026-10-02T12:23:49.4821012Z [FINEST] supabase.postgrest: Request: POST ***/rest/v1/attendance_records?on_conflict=user_id%2Cdate
2026-10-02T12:23:49.4821855Z [INFO] SyncQueueManager: Successfully synced queue item [attendance_records_update_3dad6549-97c0-49c4-b2a3-ae7ef3c992b7_1790943684241959].
2026-10-02T12:23:49.4822674Z SyncQueueManager: INFO: Successfully synced queue item [attendance_records_update_3dad6549-97c0-49c4-b2a3-ae7ef3c992b7_1790943684241959]. 
2026-10-02T12:23:49.4823658Z [INFO] SyncQueueManager: Successfully synced queue item [attendance_records_update_3dad6549-97c0-49c4-b2a3-ae7ef3c992b7_1790943684241959].
2026-10-02T12:23:49.4824906Z [FINEST] supabase.postgrest: Request: GET ***/rest/v1/daily_logs?select=%2A&id=eq.6ba0772d-d6d8-4afa-b280-093aaeb81f36
2026-10-02T12:23:49.4825949Z [FINEST] supabase.postgrest: Request: GET ***/rest/v1/daily_logs?select=%2A&id=eq.6ba0772d-d6d8-4afa-b280-093aaeb81f36
2026-10-02T12:23:49.4826955Z [FINEST] supabase.postgrest: Request: GET ***/rest/v1/daily_logs?select=%2A&id=eq.5fb56a3c-f11c-4823-bfae-76122bff9663
2026-10-02T12:23:49.4827943Z [FINEST] supabase.postgrest: Request: GET ***/rest/v1/daily_logs?select=%2A&id=eq.5fb56a3c-f11c-4823-bfae-76122bff9663
2026-10-02T12:23:49.4828989Z [FINEST] supabase.postgrest: Request: GET ***/rest/v1/attendance_records?select=%2A&id=eq.3dad6549-97c0-49c4-b2a3-ae7ef3c992b7
2026-10-02T12:23:49.4830100Z [FINEST] supabase.postgrest: Request: GET ***/rest/v1/attendance_records?select=%2A&id=eq.3dad6549-97c0-49c4-b2a3-ae7ef3c992b7
2026-10-02T12:23:49.4831651Z [FINEST] supabase.postgrest: Request: GET ***/rest/v1/daily_logs?select=%2A&id=in.%28%226ba0772d-d6d8-4afa-b280-093aaeb81f36%22%2C%225fb56a3c-f11c-4823-bfae-76122bff9663%22%29&order=updated_at.asc.nullslast
2026-10-02T12:23:49.4832690Z [FINEST] supabase.postgrest: Request: GET ***/rest/v1/daily_logs?select=%2A&id=in.%28%226ba0772d-d6d8-4afa-b280-093aaeb81f36%22%2C%225fb56a3c-f11c-4823-bfae-76122bff9663%22%29&order=updated_at.asc.nullslast
2026-10-02T12:23:49.4833489Z [INFO] SyncQueueManager: Enqueuing offline item [daily_logs_update_6ba0772d-d6d8-4afa-b280-093aaeb81f36_1790943687107315] for entity "daily_logs" (update)
2026-10-02T12:23:49.4834568Z SyncQueueManager: INFO: Enqueuing offline item [daily_logs_update_6ba0772d-d6d8-4afa-b280-093aaeb81f36_1790943687107315] for entity "daily_logs" (update) 
2026-10-02T12:23:49.4835481Z [INFO] SyncQueueManager: Enqueuing offline item [daily_logs_update_6ba0772d-d6d8-4afa-b280-093aaeb81f36_1790943687107315] for entity "daily_logs" (update)
2026-10-02T12:23:49.4835765Z [FINER] supabase.auth: Access token expires in 359 ticks
2026-10-02T12:23:49.4836042Z [FINER] supabase.auth: Access token expires in 359 ticks
2026-10-02T12:23:49.4836673Z [FINEST] supabase.postgrest: Request: POST ***/rest/v1/daily_logs
2026-10-02T12:23:49.4837273Z [FINEST] supabase.postgrest: Request: POST ***/rest/v1/daily_logs
2026-10-02T12:23:49.4838861Z [FINEST] supabase.postgrest: Request: GET ***/rest/v1/daily_logs?select=id%2Cupdated_at&id=eq.6ba0772d-d6d8-4afa-b280-093aaeb81f36
2026-10-02T12:23:49.4839917Z [FINEST] supabase.postgrest: Request: GET ***/rest/v1/daily_logs?select=id%2Cupdated_at&id=eq.6ba0772d-d6d8-4afa-b280-093aaeb81f36
2026-10-02T12:23:49.4840253Z [INFO] SyncQueueManager: Processing 1 pending sync queue items.
2026-10-02T12:23:49.4840591Z SyncQueueManager: INFO: Processing 1 pending sync queue items. 
2026-10-02T12:23:49.4840898Z [INFO] SyncQueueManager: Processing 1 pending sync queue items.
2026-10-02T12:23:49.4841684Z [INFO] SyncQueueManager: Syncing queue item [daily_logs_update_6ba0772d-d6d8-4afa-b280-093aaeb81f36_1790943687107315] (daily_logs:update)
2026-10-02T12:23:49.4842498Z SyncQueueManager: INFO: Syncing queue item [daily_logs_update_6ba0772d-d6d8-4afa-b280-093aaeb81f36_1790943687107315] (daily_logs:update) 
2026-10-02T12:23:49.4843496Z [INFO] SyncQueueManager: Syncing queue item [daily_logs_update_6ba0772d-d6d8-4afa-b280-093aaeb81f36_1790943687107315] (daily_logs:update)
2026-10-02T12:23:49.4844316Z [INFO] DailyLogSyncRegistrar: Processing daily log sync item [daily_logs_update_6ba0772d-d6d8-4afa-b280-093aaeb81f36_1790943687107315]: update
2026-10-02T12:23:49.4845126Z DailyLogSyncRegistrar: INFO: Processing daily log sync item [daily_logs_update_6ba0772d-d6d8-4afa-b280-093aaeb81f36_1790943687107315]: update 
2026-10-02T12:23:49.4845945Z [INFO] DailyLogSyncRegistrar: Processing daily log sync item [daily_logs_update_6ba0772d-d6d8-4afa-b280-093aaeb81f36_1790943687107315]: update
2026-10-02T12:23:49.4846936Z [FINEST] supabase.postgrest: Request: GET ***/rest/v1/daily_logs?select=%2A&id=eq.6ba0772d-d6d8-4afa-b280-093aaeb81f36
2026-10-02T12:23:49.4848139Z [FINEST] supabase.postgrest: Request: GET ***/rest/v1/daily_logs?select=%2A&id=eq.6ba0772d-d6d8-4afa-b280-093aaeb81f36
2026-10-02T12:23:49.4849362Z [WARNING] DailyLogSyncRegistrar: Conflict for daily log [6ba0772d-d6d8-4afa-b280-093aaeb81f36]: remote (2026-10-02 12:21:29.111118Z) is newer than queued mutation (2026-10-02 12:21:27.106154Z). Remote wins.
2026-10-02T12:23:49.4851094Z DailyLogSyncRegistrar: WARNING: Conflict for daily log [6ba0772d-d6d8-4afa-b280-093aaeb81f36]: remote (2026-10-02 12:21:29.111118Z) is newer than queued mutation (2026-10-02 12:21:27.106154Z). Remote wins. 
2026-10-02T12:23:49.4852307Z [WARNING] DailyLogSyncRegistrar: Conflict for daily log [6ba0772d-d6d8-4afa-b280-093aaeb81f36]: remote (2026-10-02 12:21:29.111118Z) is newer than queued mutation (2026-10-02 12:21:27.106154Z). Remote wins.
2026-10-02T12:23:49.4853302Z [INFO] SyncQueueManager: Successfully synced queue item [daily_logs_update_6ba0772d-d6d8-4afa-b280-093aaeb81f36_1790943687107315].
2026-10-02T12:23:49.4854104Z SyncQueueManager: INFO: Successfully synced queue item [daily_logs_update_6ba0772d-d6d8-4afa-b280-093aaeb81f36_1790943687107315]. 
2026-10-02T12:23:49.4854853Z [INFO] SyncQueueManager: Successfully synced queue item [daily_logs_update_6ba0772d-d6d8-4afa-b280-093aaeb81f36_1790943687107315].
2026-10-02T12:23:49.4855872Z [FINEST] supabase.postgrest: Request: GET ***/rest/v1/daily_logs?select=%2A&id=eq.6ba0772d-d6d8-4afa-b280-093aaeb81f36
2026-10-02T12:23:49.4856867Z [FINEST] supabase.postgrest: Request: GET ***/rest/v1/daily_logs?select=%2A&id=eq.6ba0772d-d6d8-4afa-b280-093aaeb81f36
2026-10-02T12:23:49.4858163Z [FINEST] supabase.postgrest: Request: DELETE ***/rest/v1/daily_logs?id=in.%28%226ba0772d-d6d8-4afa-b280-093aaeb81f36%22%2C%225fb56a3c-f11c-4823-bfae-76122bff9663%22%29
2026-10-02T12:23:49.4859433Z [FINEST] supabase.postgrest: Request: DELETE ***/rest/v1/daily_logs?id=in.%28%226ba0772d-d6d8-4afa-b280-093aaeb81f36%22%2C%225fb56a3c-f11c-4823-bfae-76122bff9663%22%29
2026-10-02T12:23:49.4860588Z [FINEST] supabase.postgrest: Request: DELETE ***/rest/v1/attendance_records?user_id=eq.cb041494-fccd-493b-b73b-50e952366ea8&date=eq.2026-10-02
2026-10-02T12:23:49.4861745Z [FINEST] supabase.postgrest: Request: DELETE ***/rest/v1/attendance_records?user_id=eq.cb041494-fccd-493b-b73b-50e952366ea8&date=eq.2026-10-02
2026-10-02T12:23:49.4862764Z ##[endgroup]
2026-10-02T12:23:49.4875669Z [INFO] SyncQueueManager: Enqueuing offline item [offline-1] for entity "daily_logs" (create)
2026-10-02T12:23:49.4876253Z SyncQueueManager: INFO: Enqueuing offline item [offline-1] for entity "daily_logs" (create) 
2026-10-02T12:23:49.4876765Z [INFO] SyncQueueManager: Enqueuing offline item [offline-1] for entity "daily_logs" (create)
2026-10-02T12:23:49.4877521Z ##[group]✅ Passing tests
2026-10-02T12:23:49.4879147Z ✅ /home/runner/work/mine-flow-app/mine-flow-app/integration_test/journeys/offline_sync_journey_test.dart: Offline/Sync Journey — Part B: SyncQueueManager contract (STEP-45.11) offline enqueue defers execution
2026-10-02T12:23:49.4879605Z ##[endgroup]
2026-10-02T12:23:49.4880197Z [INFO] SyncQueueManager: Enqueuing offline item [persist-1] for entity "attendance_records" (update)
2026-10-02T12:23:49.4880777Z SyncQueueManager: INFO: Enqueuing offline item [persist-1] for entity "attendance_records" (update) 
2026-10-02T12:23:49.4881366Z [INFO] SyncQueueManager: Enqueuing offline item [persist-1] for entity "attendance_records" (update)
2026-10-02T12:23:49.4881976Z ##[group]✅ Passing tests
2026-10-02T12:23:49.4884266Z ✅ /home/runner/work/mine-flow-app/mine-flow-app/integration_test/journeys/offline_sync_journey_test.dart: Offline/Sync Journey — Part B: SyncQueueManager contract (STEP-45.11) queue persists across a fresh manager (relaunch semantics)
2026-10-02T12:23:49.4884749Z ##[endgroup]
2026-10-02T12:23:49.4885235Z [INFO] SyncQueueManager: Enqueuing offline item [later] for entity "daily_logs" (create)
2026-10-02T12:23:49.4885951Z SyncQueueManager: INFO: Enqueuing offline item [later] for entity "daily_logs" (create) 
2026-10-02T12:23:49.4886648Z [INFO] SyncQueueManager: Enqueuing offline item [later] for entity "daily_logs" (create)
2026-10-02T12:23:49.4887145Z [INFO] SyncQueueManager: Enqueuing offline item [earlier] for entity "daily_logs" (create)
2026-10-02T12:23:49.4887660Z SyncQueueManager: INFO: Enqueuing offline item [earlier] for entity "daily_logs" (create) 
2026-10-02T12:23:49.4888355Z [INFO] SyncQueueManager: Enqueuing offline item [earlier] for entity "daily_logs" (create)
2026-10-02T12:23:49.4888730Z [INFO] SyncQueueManager: Network connectivity restored. Triggering queue sync.
2026-10-02T12:23:49.4889091Z SyncQueueManager: INFO: Network connectivity restored. Triggering queue sync. 
2026-10-02T12:23:49.4889461Z [INFO] SyncQueueManager: Network connectivity restored. Triggering queue sync.
2026-10-02T12:23:49.4889858Z [FINE] SyncQueueManager: Queue processing already in progress. Skipping.
2026-10-02T12:23:49.4890235Z [FINE] SyncQueueManager: Queue processing already in progress. Skipping.
2026-10-02T12:23:49.4890566Z [INFO] SyncQueueManager: Processing 2 pending sync queue items.
2026-10-02T12:23:49.4890914Z SyncQueueManager: INFO: Processing 2 pending sync queue items. 
2026-10-02T12:23:49.4891230Z [INFO] SyncQueueManager: Processing 2 pending sync queue items.
2026-10-02T12:23:49.4891617Z [INFO] SyncQueueManager: Syncing queue item [earlier] (daily_logs:create)
2026-10-02T12:23:49.4891996Z SyncQueueManager: INFO: Syncing queue item [earlier] (daily_logs:create) 
2026-10-02T12:23:49.4892372Z [INFO] SyncQueueManager: Syncing queue item [earlier] (daily_logs:create)
2026-10-02T12:23:49.4892725Z [INFO] SyncQueueManager: Successfully synced queue item [earlier].
2026-10-02T12:23:49.4893326Z SyncQueueManager: INFO: Successfully synced queue item [earlier]. 
2026-10-02T12:23:49.4893676Z [INFO] SyncQueueManager: Successfully synced queue item [earlier].
2026-10-02T12:23:49.4894054Z [INFO] SyncQueueManager: Syncing queue item [later] (daily_logs:create)
2026-10-02T12:23:49.4894423Z SyncQueueManager: INFO: Syncing queue item [later] (daily_logs:create) 
2026-10-02T12:23:49.4894810Z [INFO] SyncQueueManager: Syncing queue item [later] (daily_logs:create)
2026-10-02T12:23:49.4895159Z [INFO] SyncQueueManager: Successfully synced queue item [later].
2026-10-02T12:23:49.4895711Z SyncQueueManager: INFO: Successfully synced queue item [later]. 
2026-10-02T12:23:49.4896036Z [INFO] SyncQueueManager: Successfully synced queue item [later].
2026-10-02T12:23:49.4896627Z ##[group]✅ Passing tests
2026-10-02T12:23:49.4898495Z ✅ /home/runner/work/mine-flow-app/mine-flow-app/integration_test/journeys/offline_sync_journey_test.dart: Offline/Sync Journey — Part B: SyncQueueManager contract (STEP-45.11) reconnect drains the queue FIFO by timestamp
2026-10-02T12:23:49.4899004Z ##[endgroup]
2026-10-02T12:23:49.4899557Z [INFO] SyncQueueManager: Enqueuing offline item [flaky] for entity "equipment_checks" (update)
2026-10-02T12:23:49.4900084Z SyncQueueManager: INFO: Enqueuing offline item [flaky] for entity "equipment_checks" (update) 
2026-10-02T12:23:49.4900797Z [INFO] SyncQueueManager: Enqueuing offline item [flaky] for entity "equipment_checks" (update)
2026-10-02T12:23:49.4901161Z [INFO] SyncQueueManager: Processing 1 pending sync queue items.
2026-10-02T12:23:49.4901514Z SyncQueueManager: INFO: Processing 1 pending sync queue items. 
2026-10-02T12:23:49.4901860Z [INFO] SyncQueueManager: Processing 1 pending sync queue items.
2026-10-02T12:23:49.4902290Z [INFO] SyncQueueManager: Syncing queue item [flaky] (equipment_checks:update)
2026-10-02T12:23:49.4902719Z SyncQueueManager: INFO: Syncing queue item [flaky] (equipment_checks:update) 
2026-10-02T12:23:49.4903382Z [INFO] SyncQueueManager: Syncing queue item [flaky] (equipment_checks:update)
2026-10-02T12:23:49.4904011Z [WARNING] SyncQueueManager: Failed to sync item [flaky] (Attempt 1/2): Exception: transient staging error 503
2026-10-02T12:23:49.4904608Z SyncQueueManager: WARNING: Failed to sync item [flaky] (Attempt 1/2): Exception: transient staging error 503 
2026-10-02T12:23:49.4905221Z [WARNING] SyncQueueManager: Failed to sync item [flaky] (Attempt 1/2): Exception: transient staging error 503
2026-10-02T12:23:49.4905813Z [INFO] SyncQueueManager: Processing 1 pending sync queue items.
2026-10-02T12:23:49.4906182Z SyncQueueManager: INFO: Processing 1 pending sync queue items. 
2026-10-02T12:23:49.4906526Z [INFO] SyncQueueManager: Processing 1 pending sync queue items.
2026-10-02T12:23:49.4906951Z [INFO] SyncQueueManager: Syncing queue item [flaky] (equipment_checks:update)
2026-10-02T12:23:49.4907372Z SyncQueueManager: INFO: Syncing queue item [flaky] (equipment_checks:update) 
2026-10-02T12:23:49.4907777Z [INFO] SyncQueueManager: Syncing queue item [flaky] (equipment_checks:update)
2026-10-02T12:23:49.4908376Z [WARNING] SyncQueueManager: Failed to sync item [flaky] (Attempt 2/2): Exception: transient staging error 503
2026-10-02T12:23:49.4908972Z SyncQueueManager: WARNING: Failed to sync item [flaky] (Attempt 2/2): Exception: transient staging error 503 
2026-10-02T12:23:49.4909559Z [WARNING] SyncQueueManager: Failed to sync item [flaky] (Attempt 2/2): Exception: transient staging error 503
2026-10-02T12:23:49.4910167Z ##[group]✅ Passing tests
2026-10-02T12:23:49.4912155Z ✅ /home/runner/work/mine-flow-app/mine-flow-app/integration_test/journeys/offline_sync_journey_test.dart: Offline/Sync Journey — Part B: SyncQueueManager contract (STEP-45.11) transient failure retries then permanently fails after maxRetries (STEP-40.3 contract)
2026-10-02T12:23:49.4912624Z ##[endgroup]
2026-10-02T12:23:49.4913398Z [INFO] SyncQueueManager: Enqueuing offline item [conflict-1] for entity "daily_logs" (update)
2026-10-02T12:23:49.4913939Z SyncQueueManager: INFO: Enqueuing offline item [conflict-1] for entity "daily_logs" (update) 
2026-10-02T12:23:49.4914456Z [INFO] SyncQueueManager: Enqueuing offline item [conflict-1] for entity "daily_logs" (update)
2026-10-02T12:23:49.4914867Z [FINE] SyncQueueManager: Queue processing already in progress. Skipping.
2026-10-02T12:23:49.4915256Z [FINE] SyncQueueManager: Queue processing already in progress. Skipping.
2026-10-02T12:23:49.4915602Z [INFO] SyncQueueManager: Processing 1 pending sync queue items.
2026-10-02T12:23:49.4915933Z SyncQueueManager: INFO: Processing 1 pending sync queue items. 
2026-10-02T12:23:49.4916512Z [INFO] SyncQueueManager: Processing 1 pending sync queue items.
2026-10-02T12:23:49.4916931Z [INFO] SyncQueueManager: Syncing queue item [conflict-1] (daily_logs:update)
2026-10-02T12:23:49.4917344Z SyncQueueManager: INFO: Syncing queue item [conflict-1] (daily_logs:update) 
2026-10-02T12:23:49.4917734Z [INFO] SyncQueueManager: Syncing queue item [conflict-1] (daily_logs:update)
2026-10-02T12:23:49.4918105Z [INFO] SyncQueueManager: Successfully synced queue item [conflict-1].
2026-10-02T12:23:49.4918490Z SyncQueueManager: INFO: Successfully synced queue item [conflict-1]. 
2026-10-02T12:23:49.4918853Z [INFO] SyncQueueManager: Successfully synced queue item [conflict-1].
2026-10-02T12:23:49.4919439Z ##[group]✅ Passing tests
2026-10-02T12:23:49.4921596Z ✅ /home/runner/work/mine-flow-app/mine-flow-app/integration_test/journeys/offline_sync_journey_test.dart: Offline/Sync Journey — Part B: SyncQueueManager contract (STEP-45.11) last-write-wins: a newer remote timestamp is not clobbered by an older offline mutation (Q5 conflict contract)
2026-10-02T12:23:49.4921979Z Running Gradle task 'assembleDebug'...                             40.9s
2026-10-02T12:23:49.4922368Z ✓ Built build/app/outputs/flutter-apk/app-debug.apk
2026-10-02T12:23:49.4922765Z Installing build/app/outputs/flutter-apk/app-debug.apk...        1,083ms
2026-10-02T12:23:49.4923380Z ##[endgroup]
2026-10-02T12:23:49.4925645Z ##[group]✅ /home/runner/work/mine-flow-app/mine-flow-app/integration_test/journeys/inventory_journey_test.dart: Inventory Journey (STEP-45.6) login, add inventory item, stock adjust with non-negative validation (CF-054), attempt delete with confirm/role gate (CF-019), and reflect list state E2E
2026-10-02T12:23:49.4926016Z [CONFIG] supabase.supabase_flutter: Initialize Supabase v2.17.2
2026-10-02T12:23:49.4927531Z [CONFIG] supabase.auth: Initialize GoTrueClient v2.27.2 with url: ***/auth/v1, autoRefreshToken: <redacted>, flowType: pkce, tickDuration: 0:00:10.000000, tickThreshold: 3
2026-10-02T12:23:49.4929323Z [FINEST] supabase.auth: Initialize with headers: {X-Client-Info: supabase-flutter/2.17.2; platform=Android; platform-version=sdk_gphone64_x86_64-userdebug 13 TE1A.240213.009 12342917 dev-keys; runtime=dart; runtime-version=3.13.1, apikey: <redacted>, Authorization: ***
2026-10-02T12:23:49.4929665Z [FINE] supabase.auth: Stopping auto refresh
2026-10-02T12:23:49.4929890Z [FINE] supabase.auth: Starting auto refresh
2026-10-02T12:23:49.4930716Z [CONFIG] supabase.postgrest: Initialize PostgrestClient with url: ***/rest/v1, schema: public
2026-10-02T12:23:49.4932173Z [FINEST] supabase.postgrest: Initialize with headers: {X-Client-Info: supabase-flutter/2.17.2; platform=Android; platform-version=sdk_gphone64_x86_64-userdebug 13 TE1A.240213.009 12342917 dev-keys; runtime=dart; runtime-version=3.13.1}
2026-10-02T12:23:49.4933369Z [CONFIG] supabase.functions: Initialize FunctionsClient v2.7.1 with url '***/functions/v1' and region 'null'
2026-10-02T12:23:49.4934825Z [FINEST] supabase.functions: Initialize with headers: {X-Client-Info: supabase-flutter/2.17.2; platform=Android; platform-version=sdk_gphone64_x86_64-userdebug 13 TE1A.240213.009 12342917 dev-keys; runtime=dart; runtime-version=3.13.1}
2026-10-02T12:23:49.4935793Z [CONFIG] supabase.storage: Initialize SupabaseStorageClient v2.8.0 with url: ***/storage/v1, retryAttempts: 0
2026-10-02T12:23:49.4937209Z [FINEST] supabase.storage: Initialize with headers: {X-Client-Info: supabase-flutter/2.17.2; platform=Android; platform-version=sdk_gphone64_x86_64-userdebug 13 TE1A.240213.009 12342917 dev-keys; runtime=dart; runtime-version=3.13.1}
2026-10-02T12:23:49.4938399Z [CONFIG] supabase.realtime: Initialize RealtimeClient with endpoint: wss://rpdnonpivoyhghzolyzv.supabase.co/realtime/v1, timeout: 0:00:10.000000, heartbeatIntervalMs: 25000, logLevel: null
2026-10-02T12:23:49.4940136Z [FINEST] supabase.realtime: Initialize with headers: {apikey: <redacted>, X-Client-Info: supabase-flutter/2.17.2; platform=Android; platform-version=sdk_gphone64_x86_64-userdebug 13 TE1A.240213.009 12342917 dev-keys; runtime=dart; runtime-version=3.13.1}, params: {apikey: <redacted>}
2026-10-02T12:23:49.4940878Z [CONFIG] supabase.supabase: Initialize SupabaseClient v2.16.1 with no custom access token
2026-10-02T12:23:49.4941676Z [FINEST] supabase.auth: onAuthStateChange: AuthState(event: initialSession, session: null, fromBroadcast: false, signOutReason: null)
2026-10-02T12:23:49.4942019Z [FINE] supabase.supabase_flutter: Starting deeplink observer
2026-10-02T12:23:49.4942407Z [INFO] supabase.supabase_flutter: ***** Supabase init completed *****
2026-10-02T12:23:49.4942793Z supabase.supabase_flutter: INFO: ***** Supabase init completed ***** 
2026-10-02T12:23:49.4943586Z [INFO] ConnectivityService: Connectivity changed → online
2026-10-02T12:23:49.4944018Z ConnectivityService: INFO: Connectivity changed → online 
2026-10-02T12:23:49.4944481Z [INFO] SyncQueueManager: Network connectivity restored. Triggering queue sync.
2026-10-02T12:23:49.4944930Z SyncQueueManager: INFO: Network connectivity restored. Triggering queue sync. 
2026-10-02T12:23:49.4945255Z [FINE] SyncQueueManager: No pending sync items to process.
2026-10-02T12:23:49.4945763Z [INFO] SyncQueueManager: Registered sync handler for entity type: data_bucket_metadata_sync
2026-10-02T12:23:49.4946266Z SyncQueueManager: INFO: Registered sync handler for entity type: data_bucket_metadata_sync 
2026-10-02T12:23:49.4946739Z [INFO] DataBucketSyncRegistrar: Registered sync handler for data_bucket_metadata_sync
2026-10-02T12:23:49.4947230Z DataBucketSyncRegistrar: INFO: Registered sync handler for data_bucket_metadata_sync 
2026-10-02T12:23:49.4947688Z [INFO] SyncQueueManager: Registered sync handler for entity type: cut_fill_records
2026-10-02T12:23:49.4948147Z SyncQueueManager: INFO: Registered sync handler for entity type: cut_fill_records 
2026-10-02T12:23:49.4948774Z [INFO] TrackingSyncRegistrar: Registered sync handler for cut_fill_records
2026-10-02T12:23:49.4949182Z TrackingSyncRegistrar: INFO: Registered sync handler for cut_fill_records 
2026-10-02T12:23:49.4949629Z [INFO] SyncQueueManager: Registered sync handler for entity type: land_clearing_records
2026-10-02T12:23:49.4950070Z SyncQueueManager: INFO: Registered sync handler for entity type: land_clearing_records 
2026-10-02T12:23:49.4950491Z [INFO] TrackingSyncRegistrar: Registered sync handler for land_clearing_records
2026-10-02T12:23:49.4950887Z TrackingSyncRegistrar: INFO: Registered sync handler for land_clearing_records 
2026-10-02T12:23:49.4951305Z [INFO] SyncQueueManager: Registered sync handler for entity type: inventory_items
2026-10-02T12:23:49.4951732Z SyncQueueManager: INFO: Registered sync handler for entity type: inventory_items 
2026-10-02T12:23:49.4952106Z [INFO] TrackingSyncRegistrar: Registered sync handler for inventory_items
2026-10-02T12:23:49.4952482Z TrackingSyncRegistrar: INFO: Registered sync handler for inventory_items 
2026-10-02T12:23:49.4952780Z [INFO] SyncQueueManager: Registered sync handler for entity type: inventory_transactions
2026-10-02T12:23:49.4953394Z SyncQueueManager: INFO: Registered sync handler for entity type: inventory_transactions 
2026-10-02T12:23:49.4953660Z [INFO] TrackingSyncRegistrar: Registered sync handler for inventory_transactions
2026-10-02T12:23:49.4954224Z TrackingSyncRegistrar: INFO: Registered sync handler for inventory_transactions 
2026-10-02T12:23:49.4954560Z [INFO] SyncQueueManager: Registered sync handler for entity type: attendance_records
2026-10-02T12:23:49.4954815Z SyncQueueManager: INFO: Registered sync handler for entity type: attendance_records 
2026-10-02T12:23:49.4955053Z [INFO] AttendanceSyncRegistrar: Registered sync handler for attendance_records
2026-10-02T12:23:49.4955291Z AttendanceSyncRegistrar: INFO: Registered sync handler for attendance_records 
2026-10-02T12:23:49.4955512Z [INFO] SyncQueueManager: Registered sync handler for entity type: daily_logs
2026-10-02T12:23:49.4955976Z SyncQueueManager: INFO: Registered sync handler for entity type: daily_logs 
2026-10-02T12:23:49.4956282Z [INFO] DailyLogSyncRegistrar: Registered sync handler for daily_logs
2026-10-02T12:23:49.4956662Z DailyLogSyncRegistrar: INFO: Registered sync handler for daily_logs 
2026-10-02T12:23:49.4956912Z [INFO] SyncQueueManager: Registered sync handler for entity type: equipment_checks
2026-10-02T12:23:49.4957439Z SyncQueueManager: INFO: Registered sync handler for entity type: equipment_checks 
2026-10-02T12:23:49.4957886Z [INFO] EquipmentCheckSyncRegistrar: Registered sync handler for equipment_checks
2026-10-02T12:23:49.4958334Z EquipmentCheckSyncRegistrar: INFO: Registered sync handler for equipment_checks 
2026-10-02T12:23:49.4958720Z [INFO] SyncQueueManager: Registered sync handler for entity type: benchmarks
2026-10-02T12:23:49.4959100Z SyncQueueManager: INFO: Registered sync handler for entity type: benchmarks 
2026-10-02T12:23:49.4959476Z [INFO] BenchmarkSyncRegistrar: Registered sync handler for benchmarks
2026-10-02T12:23:49.4959864Z BenchmarkSyncRegistrar: INFO: Registered sync handler for benchmarks 
2026-10-02T12:23:49.4960066Z [INFO] GoRouter: Full paths for routes:
2026-10-02T12:23:49.4960340Z ├─/login (LoginPage)
2026-10-02T12:23:49.4960598Z ├─/privacy-gate (PrivacyAckPage)
2026-10-02T12:23:49.4960968Z ├─/__interaction-fixture (AppInteractionFixturePage)
2026-10-02T12:23:49.4961362Z │ └─/__interaction-fixture/form (AppInteractionFixturePage)
2026-10-02T12:23:49.4961570Z ├─ (ShellRoute)
2026-10-02T12:23:49.4961825Z │ ├─/ (BlocProvider<DashboardCubit>)
2026-10-02T12:23:49.4962075Z │ ├─/tools (GroupLandingPage)
2026-10-02T12:23:49.4962364Z │ │ └─/tools/data-bucket (DataBucketListPage)
2026-10-02T12:23:49.4962624Z │ │   ├─/tools/data-bucket/upload 
2026-10-02T12:23:49.4962867Z │ │   └─/tools/data-bucket/:id 
2026-10-02T12:23:49.4963370Z │ ├─/operations (GroupLandingPage)
2026-10-02T12:23:49.4963694Z │ │ ├─/operations/cut-fill (CutFillListScreen)
2026-10-02T12:23:49.4963944Z │ │ │ ├─/operations/cut-fill/form 
2026-10-02T12:23:49.4964418Z │ │ │ └─/operations/cut-fill/:id/form 
2026-10-02T12:23:49.4964833Z │ │ ├─/operations/land-clearing (LandClearingSummaryScreen)
2026-10-02T12:23:49.4965155Z │ │ │ ├─/operations/land-clearing/form 
2026-10-02T12:23:49.4965467Z │ │ │ ├─/operations/land-clearing/:id 
2026-10-02T12:23:49.4965753Z │ │ │ └─/operations/land-clearing/:id/form 
2026-10-02T12:23:49.4966092Z │ │ └─/operations/benchmark-db (BenchmarkListScreen)
2026-10-02T12:23:49.4966459Z │ │   ├─/operations/benchmark-db/form (BenchmarkFormScreen)
2026-10-02T12:23:49.4966724Z │ │   ├─/operations/benchmark-db/:id 
2026-10-02T12:23:49.4966993Z │ │   └─/operations/benchmark-db/:id/form 
2026-10-02T12:23:49.4967243Z │ ├─/teams (GroupLandingPage)
2026-10-02T12:23:49.4967510Z │ │ ├─/teams/attendance (AttendanceScreen)
2026-10-02T12:23:49.4967742Z │ │ │ └─/teams/attendance/form 
2026-10-02T12:23:49.4968028Z │ │ ├─/teams/daily-log (DailyLogListScreen)
2026-10-02T12:23:49.4968258Z │ │ │ ├─/teams/daily-log/form 
2026-10-02T12:23:49.4968532Z │ │ │ └─/teams/daily-log/:id/form 
2026-10-02T12:23:49.4968849Z │ │ ├─/teams/inventory (InventoryDashboardScreen)
2026-10-02T12:23:49.4969080Z │ │ │ ├─/teams/inventory/form 
2026-10-02T12:23:49.4969322Z │ │ │ ├─/teams/inventory/:id 
2026-10-02T12:23:49.4969568Z │ │ │ └─/teams/inventory/:id/form 
2026-10-02T12:23:49.4969904Z │ │ ├─/teams/equipment-check (EquipmentHistoryScreen)
2026-10-02T12:23:49.4970171Z │ │ │ ├─/teams/equipment-check/form 
2026-10-02T12:23:49.4970430Z │ │ │ └─/teams/equipment-check/:id 
2026-10-02T12:23:49.4970679Z │ │ └─/teams/timeline (TimelinePage)
2026-10-02T12:23:49.4970913Z │ └─/settings (SettingsPage)
2026-10-02T12:23:49.4971183Z │   └─/settings/profile/form (ProfileEditPage)
2026-10-02T12:23:49.4971408Z ├─/reports/config (Widget)
2026-10-02T12:23:49.4971739Z └─/notifications (BlocProvider<NotificationCubit>)
2026-10-02T12:23:49.4971938Z known full paths for route names:
2026-10-02T12:23:49.4972102Z   login => /login
2026-10-02T12:23:49.4972295Z   privacy-gate => /privacy-gate
2026-10-02T12:23:49.4972550Z   interaction-fixture => /__interaction-fixture
2026-10-02T12:23:49.4972830Z   interaction-fixture-form => /__interaction-fixture/form
2026-10-02T12:23:49.5003993Z   dashboard => /
2026-10-02T12:23:49.5004163Z   tools => /tools
2026-10-02T12:23:49.5004371Z   data-bucket => /tools/data-bucket
2026-10-02T12:23:49.5004633Z   data-bucket-upload => /tools/data-bucket/upload
2026-10-02T12:23:49.5004875Z   data-bucket-detail => /tools/data-bucket/:id
2026-10-02T12:23:49.5005062Z   operations => /operations
2026-10-02T12:23:49.5005251Z   cut-fill => /operations/cut-fill
2026-10-02T12:23:49.5005475Z   cut-fill-create => /operations/cut-fill/form
2026-10-02T12:23:49.5005706Z   cut-fill-edit => /operations/cut-fill/:id/form
2026-10-02T12:23:49.5005920Z   land-clearing => /operations/land-clearing
2026-10-02T12:23:49.5006202Z   land-clearing-create => /operations/land-clearing/form
2026-10-02T12:23:49.5006473Z   land-clearing-detail => /operations/land-clearing/:id
2026-10-02T12:23:49.5006762Z   land-clearing-edit => /operations/land-clearing/:id/form
2026-10-02T12:23:49.5006969Z   benchmark-db => /operations/benchmark-db
2026-10-02T12:23:49.5007211Z   benchmark-form => /operations/benchmark-db/form
2026-10-02T12:23:49.5007454Z   benchmark-detail => /operations/benchmark-db/:id
2026-10-02T12:23:49.5007714Z   benchmark-edit => /operations/benchmark-db/:id/form
2026-10-02T12:23:49.5007884Z   teams => /teams
2026-10-02T12:23:49.5008075Z   attendance => /teams/attendance
2026-10-02T12:23:49.5008288Z   attendance-form => /teams/attendance/form
2026-10-02T12:23:49.5008473Z   daily-log => /teams/daily-log
2026-10-02T12:23:49.5008667Z   daily-log-form => /teams/daily-log/form
2026-10-02T12:23:49.5008925Z   daily-log-record-form => /teams/daily-log/:id/form
2026-10-02T12:23:49.5009108Z   inventory => /teams/inventory
2026-10-02T12:23:49.5009318Z   inventory-form => /teams/inventory/form
2026-10-02T12:23:49.5009522Z   inventory-detail => /teams/inventory/:id
2026-10-02T12:23:49.5009935Z   inventory-edit => /teams/inventory/:id/form
2026-10-02T12:23:49.5010161Z   equipment-check => /teams/equipment-check
2026-10-02T12:23:49.5010433Z   equipment-check-form => /teams/equipment-check/form
2026-10-02T12:23:49.5010712Z   equipment-check-detail => /teams/equipment-check/:id
2026-10-02T12:23:49.5010889Z   timeline => /teams/timeline
2026-10-02T12:23:49.5011057Z   settings => /settings
2026-10-02T12:23:49.5011277Z   settings-profile => /settings/profile/form
2026-10-02T12:23:49.5011467Z   report-config => /reports/config
2026-10-02T12:23:49.5011656Z   notifications => /notifications
2026-10-02T12:23:49.5011666Z 
2026-10-02T12:23:49.5011865Z GoRouter: INFO: Full paths for routes:
2026-10-02T12:23:49.5012136Z ├─/login (LoginPage)
2026-10-02T12:23:49.5012399Z ├─/privacy-gate (PrivacyAckPage)
2026-10-02T12:23:49.5012740Z ├─/__interaction-fixture (AppInteractionFixturePage)
2026-10-02T12:23:49.5073520Z │ └─/__interaction-fixture/form (AppInteractionFixturePage)
2026-10-02T12:23:49.5073890Z ├─ (ShellRoute)
2026-10-02T12:23:49.5074214Z │ ├─/ (BlocProvider<DashboardCubit>)
2026-10-02T12:23:49.5074474Z │ ├─/tools (GroupLandingPage)
2026-10-02T12:23:49.5074784Z │ │ └─/tools/data-bucket (DataBucketListPage)
2026-10-02T12:23:49.5075056Z │ │   ├─/tools/data-bucket/upload 
2026-10-02T12:23:49.5075302Z │ │   └─/tools/data-bucket/:id 
2026-10-02T12:23:49.5075562Z │ ├─/operations (GroupLandingPage)
2026-10-02T12:23:49.5075870Z │ │ ├─/operations/cut-fill (CutFillListScreen)
2026-10-02T12:23:49.5076123Z │ │ │ ├─/operations/cut-fill/form 
2026-10-02T12:23:49.5076395Z │ │ │ └─/operations/cut-fill/:id/form 
2026-10-02T12:23:49.5076811Z │ │ ├─/operations/land-clearing (LandClearingSummaryScreen)
2026-10-02T12:23:49.5077082Z │ │ │ ├─/operations/land-clearing/form 
2026-10-02T12:23:49.5077349Z │ │ │ ├─/operations/land-clearing/:id 
2026-10-02T12:23:49.5077629Z │ │ │ └─/operations/land-clearing/:id/form 
2026-10-02T12:23:49.5077968Z │ │ └─/operations/benchmark-db (BenchmarkListScreen)
2026-10-02T12:23:49.5078364Z │ │   ├─/operations/benchmark-db/form (BenchmarkFormScreen)
2026-10-02T12:23:49.5078641Z │ │   ├─/operations/benchmark-db/:id 
2026-10-02T12:23:49.5078916Z │ │   └─/operations/benchmark-db/:id/form 
2026-10-02T12:23:49.5079513Z │ ├─/teams (GroupLandingPage)
2026-10-02T12:23:49.5079799Z │ │ ├─/teams/attendance (AttendanceScreen)
2026-10-02T12:23:49.5080049Z │ │ │ └─/teams/attendance/form 
2026-10-02T12:23:49.5080329Z │ │ ├─/teams/daily-log (DailyLogListScreen)
2026-10-02T12:23:49.5080570Z │ │ │ ├─/teams/daily-log/form 
2026-10-02T12:23:49.5080824Z │ │ │ └─/teams/daily-log/:id/form 
2026-10-02T12:23:49.5081145Z │ │ ├─/teams/inventory (InventoryDashboardScreen)
2026-10-02T12:23:49.5081384Z │ │ │ ├─/teams/inventory/form 
2026-10-02T12:23:49.5081617Z │ │ │ ├─/teams/inventory/:id 
2026-10-02T12:23:49.5081866Z │ │ │ └─/teams/inventory/:id/form 
2026-10-02T12:23:49.5082203Z │ │ ├─/teams/equipment-check (EquipmentHistoryScreen)
2026-10-02T12:23:49.5082465Z │ │ │ ├─/teams/equipment-check/form 
2026-10-02T12:23:49.5082725Z │ │ │ └─/teams/equipment-check/:id 
2026-10-02T12:23:49.5083423Z │ │ └─/teams/timeline (TimelinePage)
2026-10-02T12:23:49.5083698Z │ └─/settings (SettingsPage)
2026-10-02T12:23:49.5084029Z │   └─/settings/profile/form (ProfileEditPage)
2026-10-02T12:23:49.5084265Z ├─/reports/config (Widget)
2026-10-02T12:23:49.5084597Z └─/notifications (BlocProvider<NotificationCubit>)
2026-10-02T12:23:49.5084796Z known full paths for route names:
2026-10-02T12:23:49.5084964Z   login => /login
2026-10-02T12:23:49.5085154Z   privacy-gate => /privacy-gate
2026-10-02T12:23:49.5085396Z   interaction-fixture => /__interaction-fixture
2026-10-02T12:23:49.5085693Z   interaction-fixture-form => /__interaction-fixture/form
2026-10-02T12:23:49.5085861Z   dashboard => /
2026-10-02T12:23:49.5086020Z   tools => /tools
2026-10-02T12:23:49.5086218Z   data-bucket => /tools/data-bucket
2026-10-02T12:23:49.5086461Z   data-bucket-upload => /tools/data-bucket/upload
2026-10-02T12:23:49.5086688Z   data-bucket-detail => /tools/data-bucket/:id
2026-10-02T12:23:49.5086886Z   operations => /operations
2026-10-02T12:23:49.5087082Z   cut-fill => /operations/cut-fill
2026-10-02T12:23:49.5087305Z   cut-fill-create => /operations/cut-fill/form
2026-10-02T12:23:49.5087552Z   cut-fill-edit => /operations/cut-fill/:id/form
2026-10-02T12:23:49.5087777Z   land-clearing => /operations/land-clearing
2026-10-02T12:23:49.5088061Z   land-clearing-create => /operations/land-clearing/form
2026-10-02T12:23:49.5088342Z   land-clearing-detail => /operations/land-clearing/:id
2026-10-02T12:23:49.5088625Z   land-clearing-edit => /operations/land-clearing/:id/form
2026-10-02T12:23:49.5088835Z   benchmark-db => /operations/benchmark-db
2026-10-02T12:23:49.5089082Z   benchmark-form => /operations/benchmark-db/form
2026-10-02T12:23:49.5089330Z   benchmark-detail => /operations/benchmark-db/:id
2026-10-02T12:23:49.5089594Z   benchmark-edit => /operations/benchmark-db/:id/form
2026-10-02T12:23:49.5089751Z   teams => /teams
2026-10-02T12:23:49.5089941Z   attendance => /teams/attendance
2026-10-02T12:23:49.5090160Z   attendance-form => /teams/attendance/form
2026-10-02T12:23:49.5090346Z   daily-log => /teams/daily-log
2026-10-02T12:23:49.5090543Z   daily-log-form => /teams/daily-log/form
2026-10-02T12:23:49.5091056Z   daily-log-record-form => /teams/daily-log/:id/form
2026-10-02T12:23:49.5091239Z   inventory => /teams/inventory
2026-10-02T12:23:49.5091447Z   inventory-form => /teams/inventory/form
2026-10-02T12:23:49.5091653Z   inventory-detail => /teams/inventory/:id
2026-10-02T12:23:49.5091866Z   inventory-edit => /teams/inventory/:id/form
2026-10-02T12:23:49.5092065Z   equipment-check => /teams/equipment-check
2026-10-02T12:23:49.5092317Z   equipment-check-form => /teams/equipment-check/form
2026-10-02T12:23:49.5092584Z   equipment-check-detail => /teams/equipment-check/:id
2026-10-02T12:23:49.5092758Z   timeline => /teams/timeline
2026-10-02T12:23:49.5093183Z   settings => /settings
2026-10-02T12:23:49.5093430Z   settings-profile => /settings/profile/form
2026-10-02T12:23:49.5093635Z   report-config => /reports/config
2026-10-02T12:23:49.5093831Z   notifications => /notifications
2026-10-02T12:23:49.5093982Z  
2026-10-02T12:23:49.5094225Z [INFO] GoRouter: setting initial location /login
2026-10-02T12:23:49.5094469Z GoRouter: INFO: setting initial location /login 
2026-10-02T12:23:49.5094721Z [INFO] GoRouter: Using WidgetsApp configuration
2026-10-02T12:23:49.5094975Z GoRouter: INFO: Using WidgetsApp configuration 
2026-10-02T12:23:49.5095175Z [FINE] supabase.auth: Saving session
2026-10-02T12:23:49.5173691Z [FINEST] supabase.auth: Saving session: Session(providerToken: <redacted>, providerRefreshToken: <redacted>, expiresIn: 3600, tokenType: bearer, user: User(id: cb041494-fccd-493b-b73b-50e952366ea8, appMetadata: {provider: email, providers: [email]}, userMetadata: {email_verified: true}, aud: authenticated, confirmationSentAt: null, recoverySentAt: null, emailChangeSentAt: null, newEmail: null, invitedAt: null, actionLink: null, email: ***, phone: , createdAt: 2026-08-29T08:04:41.039217Z, confirmedAt: 2026-08-29T08:04:41.068013Z, emailConfirmedAt: 2026-08-29T08:04:41.068013Z, phoneConfirmedAt: null, lastSignInAt: 2026-10-02T12:22:24.55080855Z, role: authenticated, updatedAt: 2026-10-02T12:22:24.556741Z, identities: [UserIdentity(id: cb041494-fccd-493b-b73b-50e952366ea8, userId: cb041494-fccd-493b-b73b-50e952366ea8, identityData: {email: ***, email_verified: false, phone_verified: false, sub: cb041494-fccd-493b-b73b-50e952366ea8}, identityId: 8d3c9ac0-0cb4-431a-ba43-538637ad8247, provider: email, createdAt: 2026-08-29T08:04:41.062276Z, lastSignInAt: 2026-08-29T08:04:41.062165Z, updatedAt: 2026-08-29T08:04:41.062276Z)], factors: null, isAnonymous: false), accessToken: <redacted>, refreshToken: <redacted>
2026-10-02T12:23:49.5181776Z [FINEST] supabase.auth: onAuthStateChange: AuthState(event: signedIn, session: Session(providerToken: <redacted>, providerRefreshToken: <redacted>, expiresIn: 3600, tokenType: bearer, user: User(id: cb041494-fccd-493b-b73b-50e952366ea8, appMetadata: {provider: email, providers: [email]}, userMetadata: {email_verified: true}, aud: authenticated, confirmationSentAt: null, recoverySentAt: null, emailChangeSentAt: null, newEmail: null, invitedAt: null, actionLink: null, email: ***, phone: , createdAt: 2026-08-29T08:04:41.039217Z, confirmedAt: 2026-08-29T08:04:41.068013Z, emailConfirmedAt: 2026-08-29T08:04:41.068013Z, phoneConfirmedAt: null, lastSignInAt: 2026-10-02T12:22:24.55080855Z, role: authenticated, updatedAt: 2026-10-02T12:22:24.556741Z, identities: [UserIdentity(id: cb041494-fccd-493b-b73b-50e952366ea8, userId: cb041494-fccd-493b-b73b-50e952366ea8, identityData: {email: ***, email_verified: false, phone_verified: false, sub: cb041494-fccd-493b-b73b-50e952366ea8}, identityId: 8d3c9ac0-0cb4-431a-ba43-538637ad8247, provider: email, createdAt: 2026-08-29T08:04:41.062276Z, lastSignInAt: 2026-08-29T08:04:41.062165Z, updatedAt: 2026-08-29T08:04:41.062276Z)], factors: null, isAnonymous: false), accessToken: <redacted>, refreshToken: <redacted>, fromBroadcast: false, signOutReason: null)
2026-10-02T12:23:49.5182711Z [FINEST] supabase.postgrest: Request: GET ***/rest/v1/users?select=%2A&id=eq.cb041494-fccd-493b-b73b-50e952366ea8
2026-10-02T12:23:49.5184012Z [INFO] GoRouter: redirecting to RouteMatchList#61831(uri: /privacy-gate, matches: [RouteMatch#36e26(route: GoRoute#951ea(name: "privacy-gate", path: "/privacy-gate"))])
2026-10-02T12:23:49.5184923Z GoRouter: INFO: redirecting to RouteMatchList#61831(uri: /privacy-gate, matches: [RouteMatch#36e26(route: GoRoute#951ea(name: "privacy-gate", path: "/privacy-gate"))]) 
2026-10-02T12:23:49.5185108Z [INFO] GoRouter: going to /
2026-10-02T12:23:49.5185270Z GoRouter: INFO: going to / 
2026-10-02T12:23:49.5185493Z [INFO] GoRouter: Using WidgetsApp configuration
2026-10-02T12:23:49.5185724Z GoRouter: INFO: Using WidgetsApp configuration 
2026-10-02T12:23:49.5186808Z [FINEST] supabase.postgrest: Request: GET ***/rest/v1/attendance_records?select=%2A%2Cusers%21attendance_records_user_id_fkey%28name%29&deleted_at=is.null
2026-10-02T12:23:49.5187600Z [FINEST] supabase.postgrest: Request: GET ***/rest/v1/equipment_checks?select=%2A&deleted_at=is.null
2026-10-02T12:23:49.5187883Z [FINE] SyncQueueManager: No pending sync items to process.
2026-10-02T12:23:49.5188658Z [FINEST] supabase.postgrest: Request: GET ***/rest/v1/cut_fill_records?select=%2A&deleted_at=is.null
2026-10-02T12:23:49.5188847Z [INFO] GoRouter: going to /teams/inventory
2026-10-02T12:23:49.5189037Z GoRouter: INFO: going to /teams/inventory 
2026-10-02T12:23:49.5189255Z [INFO] GoRouter: Using WidgetsApp configuration
2026-10-02T12:23:49.5189473Z GoRouter: INFO: Using WidgetsApp configuration 
2026-10-02T12:23:49.5189745Z [FINE] SyncQueueManager: No pending sync items to process.
2026-10-02T12:23:49.5190526Z [FINEST] supabase.postgrest: Request: GET ***/rest/v1/cut_fill_records?select=%2A&deleted_at=is.null
2026-10-02T12:23:49.5191328Z [FINEST] supabase.postgrest: Request: GET ***/rest/v1/land_clearing_records?select=%2A&deleted_at=is.null
2026-10-02T12:23:49.5191783Z [INFO] GoRouter: getting location for name: "inventory-form"
2026-10-02T12:23:49.5192075Z GoRouter: INFO: getting location for name: "inventory-form" 
2026-10-02T12:23:49.5192293Z [INFO] GoRouter: pushing /teams/inventory/form
2026-10-02T12:23:49.5192509Z GoRouter: INFO: pushing /teams/inventory/form 
2026-10-02T12:23:49.5193499Z [FINEST] supabase.postgrest: Request: GET ***/rest/v1/inventory_items?select=%2A&deleted_at=is.null
2026-10-02T12:23:49.5194318Z [FINEST] supabase.postgrest: Request: GET ***/rest/v1/land_clearing_records?select=%2A&deleted_at=is.null
2026-10-02T12:23:49.5195091Z [FINEST] supabase.postgrest: Request: GET ***/rest/v1/inventory_items?select=%2A&deleted_at=is.null
2026-10-02T12:23:49.5195353Z [FINER] supabase.auth: Access token expires in 359 ticks
2026-10-02T12:23:49.5196253Z [INFO] SyncQueueManager: Enqueuing offline item [inventory_items_update_d1fc24e9-7cd5-4413-9330-1032880a4c71_1790943752219936] for entity "inventory_items" (update)
2026-10-02T12:23:49.5197137Z SyncQueueManager: INFO: Enqueuing offline item [inventory_items_update_d1fc24e9-7cd5-4413-9330-1032880a4c71_1790943752219936] for entity "inventory_items" (update) 
2026-10-02T12:23:49.5197439Z [INFO] SyncQueueManager: Processing 1 pending sync queue items.
2026-10-02T12:23:49.5197758Z SyncQueueManager: INFO: Processing 1 pending sync queue items. 
2026-10-02T12:23:49.5198554Z [INFO] SyncQueueManager: Syncing queue item [inventory_items_update_d1fc24e9-7cd5-4413-9330-1032880a4c71_1790943752219936] (inventory_items:update)
2026-10-02T12:23:49.5199311Z SyncQueueManager: INFO: Syncing queue item [inventory_items_update_d1fc24e9-7cd5-4413-9330-1032880a4c71_1790943752219936] (inventory_items:update) 
2026-10-02T12:23:49.5199982Z [FINEST] supabase.postgrest: Request: POST ***/rest/v1/inventory_items?select=%2A
2026-10-02T12:23:49.5200338Z [FINE] SyncQueueManager: Queue processing already in progress. Skipping.
2026-10-02T12:23:49.5201094Z [FINEST] supabase.postgrest: Request: GET ***/rest/v1/cut_fill_records?select=%2A&deleted_at=is.null
2026-10-02T12:23:49.5201813Z [INFO] SyncQueueManager: Successfully synced queue item [inventory_items_update_d1fc24e9-7cd5-4413-9330-1032880a4c71_1790943752219936].
2026-10-02T12:23:49.5202765Z SyncQueueManager: INFO: Successfully synced queue item [inventory_items_update_d1fc24e9-7cd5-4413-9330-1032880a4c71_1790943752219936]. 
2026-10-02T12:23:49.5219508Z [FINEST] supabase.postgrest: Request: GET ***/rest/v1/land_clearing_records?select=%2A&deleted_at=is.null
2026-10-02T12:23:49.5219735Z [INFO] GoRouter: popping /teams/inventory
2026-10-02T12:23:49.5219927Z GoRouter: INFO: popping /teams/inventory 
2026-10-02T12:23:49.5220124Z [INFO] GoRouter: restoring /teams/inventory
2026-10-02T12:23:49.5220323Z GoRouter: INFO: restoring /teams/inventory 
2026-10-02T12:23:49.5220608Z [FINE] SyncQueueManager: No pending sync items to process.
2026-10-02T12:23:49.5221403Z [FINEST] supabase.postgrest: Request: GET ***/rest/v1/cut_fill_records?select=%2A&deleted_at=is.null
2026-10-02T12:23:49.5222221Z [FINEST] supabase.postgrest: Request: GET ***/rest/v1/inventory_items?select=%2A&deleted_at=is.null
2026-10-02T12:23:49.5224535Z [FINEST] supabase.postgrest: Request: GET ***/rest/v1/land_clearing_records?select=%2A&deleted_at=is.null
2026-10-02T12:23:49.5225360Z [FINEST] supabase.postgrest: Request: GET ***/rest/v1/inventory_items?select=%2A&deleted_at=is.null
2026-10-02T12:23:49.5226131Z [INFO] SyncQueueManager: Enqueuing offline item [inventory_transactions_create__1790943757470953] for entity "inventory_transactions" (create)
2026-10-02T12:23:49.5226895Z SyncQueueManager: INFO: Enqueuing offline item [inventory_transactions_create__1790943757470953] for entity "inventory_transactions" (create) 
2026-10-02T12:23:49.5227195Z [INFO] SyncQueueManager: Processing 1 pending sync queue items.
2026-10-02T12:23:49.5227509Z SyncQueueManager: INFO: Processing 1 pending sync queue items. 
2026-10-02T12:23:49.5227885Z [FINE] SyncQueueManager: Queue processing already in progress. Skipping.
2026-10-02T12:23:49.5228893Z [FINEST] supabase.postgrest: Request: GET ***/rest/v1/cut_fill_records?select=%2A&deleted_at=is.null
2026-10-02T12:23:49.5229621Z [INFO] SyncQueueManager: Syncing queue item [inventory_transactions_create__1790943757470953] (inventory_transactions:create)
2026-10-02T12:23:49.5230272Z SyncQueueManager: INFO: Syncing queue item [inventory_transactions_create__1790943757470953] (inventory_transactions:create) 
2026-10-02T12:23:49.5230922Z [FINEST] supabase.postgrest: Request: POST ***/rest/v1/rpc/adjust_inventory
2026-10-02T12:23:49.5231481Z [INFO] SyncQueueManager: Successfully synced queue item [inventory_transactions_create__1790943757470953].
2026-10-02T12:23:49.5232036Z SyncQueueManager: INFO: Successfully synced queue item [inventory_transactions_create__1790943757470953]. 
2026-10-02T12:23:49.5232827Z [FINEST] supabase.postgrest: Request: GET ***/rest/v1/land_clearing_records?select=%2A&deleted_at=is.null
2026-10-02T12:23:49.5233846Z [FINEST] supabase.postgrest: Request: GET ***/rest/v1/inventory_items?select=%2A&deleted_at=is.null
2026-10-02T12:23:49.5234135Z [FINE] SyncQueueManager: No pending sync items to process.
2026-10-02T12:23:49.5234902Z [FINEST] supabase.postgrest: Request: GET ***/rest/v1/cut_fill_records?select=%2A&deleted_at=is.null
2026-10-02T12:23:49.5235738Z [FINEST] supabase.postgrest: Request: GET ***/rest/v1/land_clearing_records?select=%2A&deleted_at=is.null
2026-10-02T12:23:49.5236533Z [FINEST] supabase.postgrest: Request: GET ***/rest/v1/inventory_items?select=%2A&deleted_at=is.null
2026-10-02T12:23:49.5236805Z [FINER] supabase.auth: Access token expires in 358 ticks
2026-10-02T12:23:49.5254050Z [INFO] SyncQueueManager: Enqueuing offline item [inventory_items_delete_d1fc24e9-7cd5-4413-9330-1032880a4c71_1790943760882145] for entity "inventory_items" (delete)
2026-10-02T12:23:49.5254984Z SyncQueueManager: INFO: Enqueuing offline item [inventory_items_delete_d1fc24e9-7cd5-4413-9330-1032880a4c71_1790943760882145] for entity "inventory_items" (delete) 
2026-10-02T12:23:49.5255291Z [INFO] SyncQueueManager: Processing 1 pending sync queue items.
2026-10-02T12:23:49.5255608Z SyncQueueManager: INFO: Processing 1 pending sync queue items. 
2026-10-02T12:23:49.5255974Z [FINE] SyncQueueManager: Queue processing already in progress. Skipping.
2026-10-02T12:23:49.5256991Z [FINEST] supabase.postgrest: Request: GET ***/rest/v1/cut_fill_records?select=%2A&deleted_at=is.null
2026-10-02T12:23:49.5257793Z [INFO] SyncQueueManager: Syncing queue item [inventory_items_delete_d1fc24e9-7cd5-4413-9330-1032880a4c71_1790943760882145] (inventory_items:delete)
2026-10-02T12:23:49.5258587Z SyncQueueManager: INFO: Syncing queue item [inventory_items_delete_d1fc24e9-7cd5-4413-9330-1032880a4c71_1790943760882145] (inventory_items:delete) 
2026-10-02T12:23:49.5259459Z [FINEST] supabase.postgrest: Request: PATCH ***/rest/v1/inventory_items?id=eq.d1fc24e9-7cd5-4413-9330-1032880a4c71
2026-10-02T12:23:49.5260169Z [INFO] SyncQueueManager: Successfully synced queue item [inventory_items_delete_d1fc24e9-7cd5-4413-9330-1032880a4c71_1790943760882145].
2026-10-02T12:23:49.5260882Z SyncQueueManager: INFO: Successfully synced queue item [inventory_items_delete_d1fc24e9-7cd5-4413-9330-1032880a4c71_1790943760882145]. 
2026-10-02T12:23:49.5261692Z [FINEST] supabase.postgrest: Request: GET ***/rest/v1/land_clearing_records?select=%2A&deleted_at=is.null
2026-10-02T12:23:49.5262483Z [FINEST] supabase.postgrest: Request: GET ***/rest/v1/inventory_items?select=%2A&deleted_at=is.null
2026-10-02T12:23:49.5273571Z ##[endgroup]
2026-10-02T12:23:49.5273872Z [FINE] SyncQueueManager: No pending sync items to process.
2026-10-02T12:23:49.5274659Z [FINEST] supabase.postgrest: Request: GET ***/rest/v1/cut_fill_records?select=%2A&deleted_at=is.null
2026-10-02T12:23:49.5274998Z Running Gradle task 'assembleDebug'...                             40.7s
2026-10-02T12:23:49.5275514Z ✓ Built build/app/outputs/flutter-apk/app-debug.apk
2026-10-02T12:23:49.5275873Z Installing build/app/outputs/flutter-apk/app-debug.apk...        1,106ms
2026-10-02T12:23:49.5277912Z ##[group]✅ /home/runner/work/mine-flow-app/mine-flow-app/integration_test/journeys/benchmark_journey_test.dart: Benchmark DB Journey (STEP-45.7) login, navigate via deep link, create benchmark with CRS/coords, edit and verify persistence
2026-10-02T12:23:49.5278256Z [CONFIG] supabase.supabase_flutter: Initialize Supabase v2.17.2
2026-10-02T12:23:49.5279481Z [CONFIG] supabase.auth: Initialize GoTrueClient v2.27.2 with url: ***/auth/v1, autoRefreshToken: <redacted>, flowType: pkce, tickDuration: 0:00:10.000000, tickThreshold: 3
2026-10-02T12:23:49.5281083Z [FINEST] supabase.auth: Initialize with headers: {X-Client-Info: supabase-flutter/2.17.2; platform=Android; platform-version=sdk_gphone64_x86_64-userdebug 13 TE1A.240213.009 12342917 dev-keys; runtime=dart; runtime-version=3.13.1, apikey: <redacted>, Authorization: ***
2026-10-02T12:23:49.5281294Z [FINE] supabase.auth: Stopping auto refresh
2026-10-02T12:23:49.5281495Z [FINE] supabase.auth: Starting auto refresh
2026-10-02T12:23:49.5282221Z [CONFIG] supabase.postgrest: Initialize PostgrestClient with url: ***/rest/v1, schema: public
2026-10-02T12:23:49.5283753Z [FINEST] supabase.postgrest: Initialize with headers: {X-Client-Info: supabase-flutter/2.17.2; platform=Android; platform-version=sdk_gphone64_x86_64-userdebug 13 TE1A.240213.009 12342917 dev-keys; runtime=dart; runtime-version=3.13.1}
2026-10-02T12:23:49.5284581Z [CONFIG] supabase.functions: Initialize FunctionsClient v2.7.1 with url '***/functions/v1' and region 'null'
2026-10-02T12:23:49.5285877Z [FINEST] supabase.functions: Initialize with headers: {X-Client-Info: supabase-flutter/2.17.2; platform=Android; platform-version=sdk_gphone64_x86_64-userdebug 13 TE1A.240213.009 12342917 dev-keys; runtime=dart; runtime-version=3.13.1}
2026-10-02T12:23:49.5286717Z [CONFIG] supabase.storage: Initialize SupabaseStorageClient v2.8.0 with url: ***/storage/v1, retryAttempts: 0
2026-10-02T12:23:49.5287999Z [FINEST] supabase.storage: Initialize with headers: {X-Client-Info: supabase-flutter/2.17.2; platform=Android; platform-version=sdk_gphone64_x86_64-userdebug 13 TE1A.240213.009 12342917 dev-keys; runtime=dart; runtime-version=3.13.1}
2026-10-02T12:23:49.5289082Z [CONFIG] supabase.realtime: Initialize RealtimeClient with endpoint: wss://rpdnonpivoyhghzolyzv.supabase.co/realtime/v1, timeout: 0:00:10.000000, heartbeatIntervalMs: 25000, logLevel: null
2026-10-02T12:23:49.5290835Z [FINEST] supabase.realtime: Initialize with headers: {apikey: <redacted>, X-Client-Info: supabase-flutter/2.17.2; platform=Android; platform-version=sdk_gphone64_x86_64-userdebug 13 TE1A.240213.009 12342917 dev-keys; runtime=dart; runtime-version=3.13.1}, params: {apikey: <redacted>}
2026-10-02T12:23:49.5291286Z [CONFIG] supabase.supabase: Initialize SupabaseClient v2.16.1 with no custom access token
2026-10-02T12:23:49.5292019Z [FINEST] supabase.auth: onAuthStateChange: AuthState(event: initialSession, session: null, fromBroadcast: false, signOutReason: null)
2026-10-02T12:23:49.5292307Z [FINE] supabase.supabase_flutter: Starting deeplink observer
2026-10-02T12:23:49.5292646Z [INFO] supabase.supabase_flutter: ***** Supabase init completed *****
2026-10-02T12:23:49.5293170Z supabase.supabase_flutter: INFO: ***** Supabase init completed ***** 
2026-10-02T12:23:49.5293570Z [INFO] ConnectivityService: Connectivity changed → online
2026-10-02T12:23:49.5293931Z ConnectivityService: INFO: Connectivity changed → online 
2026-10-02T12:23:49.5294322Z [INFO] SyncQueueManager: Network connectivity restored. Triggering queue sync.
2026-10-02T12:23:49.5294701Z SyncQueueManager: INFO: Network connectivity restored. Triggering queue sync. 
2026-10-02T12:23:49.5294969Z [FINE] SyncQueueManager: No pending sync items to process.
2026-10-02T12:23:49.5295412Z [INFO] SyncQueueManager: Registered sync handler for entity type: data_bucket_metadata_sync
2026-10-02T12:23:49.5295866Z SyncQueueManager: INFO: Registered sync handler for entity type: data_bucket_metadata_sync 
2026-10-02T12:23:49.5296297Z [INFO] DataBucketSyncRegistrar: Registered sync handler for data_bucket_metadata_sync
2026-10-02T12:23:49.5296897Z DataBucketSyncRegistrar: INFO: Registered sync handler for data_bucket_metadata_sync 
2026-10-02T12:23:49.5297303Z [INFO] SyncQueueManager: Registered sync handler for entity type: cut_fill_records
2026-10-02T12:23:49.5297723Z SyncQueueManager: INFO: Registered sync handler for entity type: cut_fill_records 
2026-10-02T12:23:49.5298084Z [INFO] TrackingSyncRegistrar: Registered sync handler for cut_fill_records
2026-10-02T12:23:49.5298451Z TrackingSyncRegistrar: INFO: Registered sync handler for cut_fill_records 
2026-10-02T12:23:49.5298884Z [INFO] SyncQueueManager: Registered sync handler for entity type: land_clearing_records
2026-10-02T12:23:49.5344222Z SyncQueueManager: INFO: Registered sync handler for entity type: land_clearing_records 
2026-10-02T12:23:49.5344702Z [INFO] TrackingSyncRegistrar: Registered sync handler for land_clearing_records
2026-10-02T12:23:49.5345106Z TrackingSyncRegistrar: INFO: Registered sync handler for land_clearing_records 
2026-10-02T12:23:49.5345519Z [INFO] SyncQueueManager: Registered sync handler for entity type: inventory_items
2026-10-02T12:23:49.5345912Z SyncQueueManager: INFO: Registered sync handler for entity type: inventory_items 
2026-10-02T12:23:49.5346295Z [INFO] TrackingSyncRegistrar: Registered sync handler for inventory_items
2026-10-02T12:23:49.5346659Z TrackingSyncRegistrar: INFO: Registered sync handler for inventory_items 
2026-10-02T12:23:49.5347108Z [INFO] SyncQueueManager: Registered sync handler for entity type: inventory_transactions
2026-10-02T12:23:49.5347548Z SyncQueueManager: INFO: Registered sync handler for entity type: inventory_transactions 
2026-10-02T12:23:49.5347963Z [INFO] TrackingSyncRegistrar: Registered sync handler for inventory_transactions
2026-10-02T12:23:49.5348369Z TrackingSyncRegistrar: INFO: Registered sync handler for inventory_transactions 
2026-10-02T12:23:49.5348794Z [INFO] SyncQueueManager: Registered sync handler for entity type: attendance_records
2026-10-02T12:23:49.5349227Z SyncQueueManager: INFO: Registered sync handler for entity type: attendance_records 
2026-10-02T12:23:49.5349642Z [INFO] AttendanceSyncRegistrar: Registered sync handler for attendance_records
2026-10-02T12:23:49.5350057Z AttendanceSyncRegistrar: INFO: Registered sync handler for attendance_records 
2026-10-02T12:23:49.5350653Z [INFO] SyncQueueManager: Registered sync handler for entity type: daily_logs
2026-10-02T12:23:49.5351021Z SyncQueueManager: INFO: Registered sync handler for entity type: daily_logs 
2026-10-02T12:23:49.5351347Z [INFO] DailyLogSyncRegistrar: Registered sync handler for daily_logs
2026-10-02T12:23:49.5351684Z DailyLogSyncRegistrar: INFO: Registered sync handler for daily_logs 
2026-10-02T12:23:49.5352085Z [INFO] SyncQueueManager: Registered sync handler for entity type: equipment_checks
2026-10-02T12:23:49.5352484Z SyncQueueManager: INFO: Registered sync handler for entity type: equipment_checks 
2026-10-02T12:23:49.5352896Z [INFO] EquipmentCheckSyncRegistrar: Registered sync handler for equipment_checks
2026-10-02T12:23:49.5353554Z EquipmentCheckSyncRegistrar: INFO: Registered sync handler for equipment_checks 
2026-10-02T12:23:49.5353918Z [INFO] SyncQueueManager: Registered sync handler for entity type: benchmarks
2026-10-02T12:23:49.5354291Z SyncQueueManager: INFO: Registered sync handler for entity type: benchmarks 
2026-10-02T12:23:49.5354627Z [INFO] BenchmarkSyncRegistrar: Registered sync handler for benchmarks
2026-10-02T12:23:49.5355656Z BenchmarkSyncRegistrar: INFO: Registered sync handler for benchmarks 
2026-10-02T12:23:49.5356661Z [INFO] GoRouter: Full paths for routes:
2026-10-02T12:23:49.5356956Z ├─/login (LoginPage)
2026-10-02T12:23:49.5357208Z ├─/privacy-gate (PrivacyAckPage)
2026-10-02T12:23:49.5357579Z ├─/__interaction-fixture (AppInteractionFixturePage)
2026-10-02T12:23:49.5357954Z │ └─/__interaction-fixture/form (AppInteractionFixturePage)
2026-10-02T12:23:49.5358148Z ├─ (ShellRoute)
2026-10-02T12:23:49.5358393Z │ ├─/ (BlocProvider<DashboardCubit>)
2026-10-02T12:23:49.5358624Z │ ├─/tools (GroupLandingPage)
2026-10-02T12:23:49.5359095Z │ │ └─/tools/data-bucket (DataBucketListPage)
2026-10-02T12:23:49.5359342Z │ │   ├─/tools/data-bucket/upload 
2026-10-02T12:23:49.5359565Z │ │   └─/tools/data-bucket/:id 
2026-10-02T12:23:49.5359818Z │ ├─/operations (GroupLandingPage)
2026-10-02T12:23:49.5360451Z │ │ ├─/operations/cut-fill (CutFillListScreen)
2026-10-02T12:23:49.5360700Z │ │ │ ├─/operations/cut-fill/form 
2026-10-02T12:23:49.5361160Z │ │ │ └─/operations/cut-fill/:id/form 
2026-10-02T12:23:49.5361550Z │ │ ├─/operations/land-clearing (LandClearingSummaryScreen)
2026-10-02T12:23:49.5361797Z │ │ │ ├─/operations/land-clearing/form 
2026-10-02T12:23:49.5362040Z │ │ │ ├─/operations/land-clearing/:id 
2026-10-02T12:23:49.5362609Z │ │ │ └─/operations/land-clearing/:id/form 
2026-10-02T12:23:49.5363395Z │ │ └─/operations/benchmark-db (BenchmarkListScreen)
2026-10-02T12:23:49.5363986Z │ │   ├─/operations/benchmark-db/form (BenchmarkFormScreen)
2026-10-02T12:23:49.5364252Z │ │   ├─/operations/benchmark-db/:id 
2026-10-02T12:23:49.5364543Z │ │   └─/operations/benchmark-db/:id/form 
2026-10-02T12:23:49.5364782Z │ ├─/teams (GroupLandingPage)
2026-10-02T12:23:49.5365049Z │ │ ├─/teams/attendance (AttendanceScreen)
2026-10-02T12:23:49.5365301Z │ │ │ └─/teams/attendance/form 
2026-10-02T12:23:49.5365565Z │ │ ├─/teams/daily-log (DailyLogListScreen)
2026-10-02T12:23:49.5365788Z │ │ │ ├─/teams/daily-log/form 
2026-10-02T12:23:49.5366025Z │ │ │ └─/teams/daily-log/:id/form 
2026-10-02T12:23:49.5366321Z │ │ ├─/teams/inventory (InventoryDashboardScreen)
2026-10-02T12:23:49.5366536Z │ │ │ ├─/teams/inventory/form 
2026-10-02T12:23:49.5366747Z │ │ │ ├─/teams/inventory/:id 
2026-10-02T12:23:49.5366974Z │ │ │ └─/teams/inventory/:id/form 
2026-10-02T12:23:49.5367305Z │ │ ├─/teams/equipment-check (EquipmentHistoryScreen)
2026-10-02T12:23:49.5367556Z │ │ │ ├─/teams/equipment-check/form 
2026-10-02T12:23:49.5367788Z │ │ │ └─/teams/equipment-check/:id 
2026-10-02T12:23:49.5368023Z │ │ └─/teams/timeline (TimelinePage)
2026-10-02T12:23:49.5368242Z │ └─/settings (SettingsPage)
2026-10-02T12:23:49.5368529Z │   └─/settings/profile/form (ProfileEditPage)
2026-10-02T12:23:49.5368740Z ├─/reports/config (Widget)
2026-10-02T12:23:49.5369040Z └─/notifications (BlocProvider<NotificationCubit>)
2026-10-02T12:23:49.5369416Z known full paths for route names:
2026-10-02T12:23:49.5369562Z   login => /login
2026-10-02T12:23:49.5369739Z   privacy-gate => /privacy-gate
2026-10-02T12:23:49.5369957Z   interaction-fixture => /__interaction-fixture
2026-10-02T12:23:49.5370226Z   interaction-fixture-form => /__interaction-fixture/form
2026-10-02T12:23:49.5370377Z   dashboard => /
2026-10-02T12:23:49.5370514Z   tools => /tools
2026-10-02T12:23:49.5370691Z   data-bucket => /tools/data-bucket
2026-10-02T12:23:49.5370913Z   data-bucket-upload => /tools/data-bucket/upload
2026-10-02T12:23:49.5371121Z   data-bucket-detail => /tools/data-bucket/:id
2026-10-02T12:23:49.5371290Z   operations => /operations
2026-10-02T12:23:49.5371472Z   cut-fill => /operations/cut-fill
2026-10-02T12:23:49.5371698Z   cut-fill-create => /operations/cut-fill/form
2026-10-02T12:23:49.5371919Z   cut-fill-edit => /operations/cut-fill/:id/form
2026-10-02T12:23:49.5372126Z   land-clearing => /operations/land-clearing
2026-10-02T12:23:49.5372400Z   land-clearing-create => /operations/land-clearing/form
2026-10-02T12:23:49.5372666Z   land-clearing-detail => /operations/land-clearing/:id
2026-10-02T12:23:49.5403153Z   land-clearing-edit => /operations/land-clearing/:id/form
2026-10-02T12:23:49.5403416Z   benchmark-db => /operations/benchmark-db
2026-10-02T12:23:49.5403655Z   benchmark-form => /operations/benchmark-db/form
2026-10-02T12:23:49.5403892Z   benchmark-detail => /operations/benchmark-db/:id
2026-10-02T12:23:49.5404131Z   benchmark-edit => /operations/benchmark-db/:id/form
2026-10-02T12:23:49.5404275Z   teams => /teams
2026-10-02T12:23:49.5404445Z   attendance => /teams/attendance
2026-10-02T12:23:49.5404634Z   attendance-form => /teams/attendance/form
2026-10-02T12:23:49.5404801Z   daily-log => /teams/daily-log
2026-10-02T12:23:49.5405182Z   daily-log-form => /teams/daily-log/form
2026-10-02T12:23:49.5405429Z   daily-log-record-form => /teams/daily-log/:id/form
2026-10-02T12:23:49.5405595Z   inventory => /teams/inventory
2026-10-02T12:23:49.5405789Z   inventory-form => /teams/inventory/form
2026-10-02T12:23:49.5405978Z   inventory-detail => /teams/inventory/:id
2026-10-02T12:23:49.5406180Z   inventory-edit => /teams/inventory/:id/form
2026-10-02T12:23:49.5406374Z   equipment-check => /teams/equipment-check
2026-10-02T12:23:49.5406610Z   equipment-check-form => /teams/equipment-check/form
2026-10-02T12:23:49.5406863Z   equipment-check-detail => /teams/equipment-check/:id
2026-10-02T12:23:49.5407028Z   timeline => /teams/timeline
2026-10-02T12:23:49.5407179Z   settings => /settings
2026-10-02T12:23:49.5407380Z   settings-profile => /settings/profile/form
2026-10-02T12:23:49.5407569Z   report-config => /reports/config
2026-10-02T12:23:49.5407773Z   notifications => /notifications
2026-10-02T12:23:49.5407783Z 
2026-10-02T12:23:49.5407978Z GoRouter: INFO: Full paths for routes:
2026-10-02T12:23:49.5408253Z ├─/login (LoginPage)
2026-10-02T12:23:49.5408485Z ├─/privacy-gate (PrivacyAckPage)
2026-10-02T12:23:49.5408853Z ├─/__interaction-fixture (AppInteractionFixturePage)
2026-10-02T12:23:49.5409240Z │ └─/__interaction-fixture/form (AppInteractionFixturePage)
2026-10-02T12:23:49.5409425Z ├─ (ShellRoute)
2026-10-02T12:23:49.5409662Z │ ├─/ (BlocProvider<DashboardCubit>)
2026-10-02T12:23:49.5409882Z │ ├─/tools (GroupLandingPage)
2026-10-02T12:23:49.5410149Z │ │ └─/tools/data-bucket (DataBucketListPage)
2026-10-02T12:23:49.5410374Z │ │   ├─/tools/data-bucket/upload 
2026-10-02T12:23:49.5410590Z │ │   └─/tools/data-bucket/:id 
2026-10-02T12:23:49.5410824Z │ ├─/operations (GroupLandingPage)
2026-10-02T12:23:49.5411095Z │ │ ├─/operations/cut-fill (CutFillListScreen)
2026-10-02T12:23:49.5411317Z │ │ │ ├─/operations/cut-fill/form 
2026-10-02T12:23:49.5411552Z │ │ │ └─/operations/cut-fill/:id/form 
2026-10-02T12:23:49.5411918Z │ │ ├─/operations/land-clearing (LandClearingSummaryScreen)
2026-10-02T12:23:49.5412178Z │ │ │ ├─/operations/land-clearing/form 
2026-10-02T12:23:49.5412413Z │ │ │ ├─/operations/land-clearing/:id 
2026-10-02T12:23:49.5412838Z │ │ │ └─/operations/land-clearing/:id/form 
2026-10-02T12:23:49.5413357Z │ │ └─/operations/benchmark-db (BenchmarkListScreen)
2026-10-02T12:23:49.5413698Z │ │   ├─/operations/benchmark-db/form (BenchmarkFormScreen)
2026-10-02T12:23:49.5413938Z │ │   ├─/operations/benchmark-db/:id 
2026-10-02T12:23:49.5414186Z │ │   └─/operations/benchmark-db/:id/form 
2026-10-02T12:23:49.5414405Z │ ├─/teams (GroupLandingPage)
2026-10-02T12:23:49.5414654Z │ │ ├─/teams/attendance (AttendanceScreen)
2026-10-02T12:23:49.5414867Z │ │ │ └─/teams/attendance/form 
2026-10-02T12:23:49.5415115Z │ │ ├─/teams/daily-log (DailyLogListScreen)
2026-10-02T12:23:49.5415330Z │ │ │ ├─/teams/daily-log/form 
2026-10-02T12:23:49.5415552Z │ │ │ └─/teams/daily-log/:id/form 
2026-10-02T12:23:49.5415841Z │ │ ├─/teams/inventory (InventoryDashboardScreen)
2026-10-02T12:23:49.5416075Z │ │ │ ├─/teams/inventory/form 
2026-10-02T12:23:49.5416287Z │ │ │ ├─/teams/inventory/:id 
2026-10-02T12:23:49.5416509Z │ │ │ └─/teams/inventory/:id/form 
2026-10-02T12:23:49.5416843Z │ │ ├─/teams/equipment-check (EquipmentHistoryScreen)
2026-10-02T12:23:49.5417073Z │ │ │ ├─/teams/equipment-check/form 
2026-10-02T12:23:49.5417302Z │ │ │ └─/teams/equipment-check/:id 
2026-10-02T12:23:49.5417527Z │ │ └─/teams/timeline (TimelinePage)
2026-10-02T12:23:49.5417741Z │ └─/settings (SettingsPage)
2026-10-02T12:23:49.5418008Z │   └─/settings/profile/form (ProfileEditPage)
2026-10-02T12:23:49.5418216Z ├─/reports/config (Widget)
2026-10-02T12:23:49.5418520Z └─/notifications (BlocProvider<NotificationCubit>)
2026-10-02T12:23:49.5418698Z known full paths for route names:
2026-10-02T12:23:49.5418840Z   login => /login
2026-10-02T12:23:49.5419008Z   privacy-gate => /privacy-gate
2026-10-02T12:23:49.5419226Z   interaction-fixture => /__interaction-fixture
2026-10-02T12:23:49.5419664Z   interaction-fixture-form => /__interaction-fixture/form
2026-10-02T12:23:49.5419820Z   dashboard => /
2026-10-02T12:23:49.5419957Z   tools => /tools
2026-10-02T12:23:49.5420130Z   data-bucket => /tools/data-bucket
2026-10-02T12:23:49.5420360Z   data-bucket-upload => /tools/data-bucket/upload
2026-10-02T12:23:49.5420562Z   data-bucket-detail => /tools/data-bucket/:id
2026-10-02T12:23:49.5420722Z   operations => /operations
2026-10-02T12:23:49.5420890Z   cut-fill => /operations/cut-fill
2026-10-02T12:23:49.5421089Z   cut-fill-create => /operations/cut-fill/form
2026-10-02T12:23:49.5421298Z   cut-fill-edit => /operations/cut-fill/:id/form
2026-10-02T12:23:49.5421488Z   land-clearing => /operations/land-clearing
2026-10-02T12:23:49.5421749Z   land-clearing-create => /operations/land-clearing/form
2026-10-02T12:23:49.5422001Z   land-clearing-detail => /operations/land-clearing/:id
2026-10-02T12:23:49.5422266Z   land-clearing-edit => /operations/land-clearing/:id/form
2026-10-02T12:23:49.5422456Z   benchmark-db => /operations/benchmark-db
2026-10-02T12:23:49.5422680Z   benchmark-form => /operations/benchmark-db/form
2026-10-02T12:23:49.5423084Z   benchmark-detail => /operations/benchmark-db/:id
2026-10-02T12:23:49.5423345Z   benchmark-edit => /operations/benchmark-db/:id/form
2026-10-02T12:23:49.5423493Z   teams => /teams
2026-10-02T12:23:49.5423666Z   attendance => /teams/attendance
2026-10-02T12:23:49.5423854Z   attendance-form => /teams/attendance/form
2026-10-02T12:23:49.5424019Z   daily-log => /teams/daily-log
2026-10-02T12:23:49.5424204Z   daily-log-form => /teams/daily-log/form
2026-10-02T12:23:49.5424438Z   daily-log-record-form => /teams/daily-log/:id/form
2026-10-02T12:23:49.5424607Z   inventory => /teams/inventory
2026-10-02T12:23:49.5424793Z   inventory-form => /teams/inventory/form
2026-10-02T12:23:49.5424980Z   inventory-detail => /teams/inventory/:id
2026-10-02T12:23:49.5425181Z   inventory-edit => /teams/inventory/:id/form
2026-10-02T12:23:49.5425377Z   equipment-check => /teams/equipment-check
2026-10-02T12:23:49.5425621Z   equipment-check-form => /teams/equipment-check/form
2026-10-02T12:23:49.5425872Z   equipment-check-detail => /teams/equipment-check/:id
2026-10-02T12:23:49.5426036Z   timeline => /teams/timeline
2026-10-02T12:23:49.5426348Z   settings => /settings
2026-10-02T12:23:49.5426552Z   settings-profile => /settings/profile/form
2026-10-02T12:23:49.5426726Z   report-config => /reports/config
2026-10-02T12:23:49.5426896Z   notifications => /notifications
2026-10-02T12:23:49.5427029Z  
2026-10-02T12:23:49.5427239Z [INFO] GoRouter: setting initial location /login
2026-10-02T12:23:49.5427454Z GoRouter: INFO: setting initial location /login 
2026-10-02T12:23:49.5427667Z [INFO] GoRouter: Using WidgetsApp configuration
2026-10-02T12:23:49.5427879Z GoRouter: INFO: Using WidgetsApp configuration 
2026-10-02T12:23:49.5428059Z [FINE] supabase.auth: Saving session
2026-10-02T12:23:49.5449943Z [FINEST] supabase.auth: Saving session: Session(providerToken: <redacted>, providerRefreshToken: <redacted>, expiresIn: 3600, tokenType: bearer, user: User(id: cb041494-fccd-493b-b73b-50e952366ea8, appMetadata: {provider: email, providers: [email]}, userMetadata: {email_verified: true}, aud: authenticated, confirmationSentAt: null, recoverySentAt: null, emailChangeSentAt: null, newEmail: null, invitedAt: null, actionLink: null, email: ***, phone: , createdAt: 2026-08-29T08:04:41.039217Z, confirmedAt: 2026-08-29T08:04:41.068013Z, emailConfirmedAt: 2026-08-29T08:04:41.068013Z, phoneConfirmedAt: null, lastSignInAt: 2026-10-02T12:23:36.796737882Z, role: authenticated, updatedAt: 2026-10-02T12:23:36.800652Z, identities: [UserIdentity(id: cb041494-fccd-493b-b73b-50e952366ea8, userId: cb041494-fccd-493b-b73b-50e952366ea8, identityData: {email: ***, email_verified: false, phone_verified: false, sub: cb041494-fccd-493b-b73b-50e952366ea8}, identityId: 8d3c9ac0-0cb4-431a-ba43-538637ad8247, provider: email, createdAt: 2026-08-29T08:04:41.062276Z, lastSignInAt: 2026-08-29T08:04:41.062165Z, updatedAt: 2026-08-29T08:04:41.062276Z)], factors: null, isAnonymous: false), accessToken: <redacted>, refreshToken: <redacted>
2026-10-02T12:23:49.5457949Z [FINEST] supabase.auth: onAuthStateChange: AuthState(event: signedIn, session: Session(providerToken: <redacted>, providerRefreshToken: <redacted>, expiresIn: 3600, tokenType: bearer, user: User(id: cb041494-fccd-493b-b73b-50e952366ea8, appMetadata: {provider: email, providers: [email]}, userMetadata: {email_verified: true}, aud: authenticated, confirmationSentAt: null, recoverySentAt: null, emailChangeSentAt: null, newEmail: null, invitedAt: null, actionLink: null, email: ***, phone: , createdAt: 2026-08-29T08:04:41.039217Z, confirmedAt: 2026-08-29T08:04:41.068013Z, emailConfirmedAt: 2026-08-29T08:04:41.068013Z, phoneConfirmedAt: null, lastSignInAt: 2026-10-02T12:23:36.796737882Z, role: authenticated, updatedAt: 2026-10-02T12:23:36.800652Z, identities: [UserIdentity(id: cb041494-fccd-493b-b73b-50e952366ea8, userId: cb041494-fccd-493b-b73b-50e952366ea8, identityData: {email: ***, email_verified: false, phone_verified: false, sub: cb041494-fccd-493b-b73b-50e952366ea8}, identityId: 8d3c9ac0-0cb4-431a-ba43-538637ad8247, provider: email, createdAt: 2026-08-29T08:04:41.062276Z, lastSignInAt: 2026-08-29T08:04:41.062165Z, updatedAt: 2026-08-29T08:04:41.062276Z)], factors: null, isAnonymous: false), accessToken: <redacted>, refreshToken: <redacted>, fromBroadcast: false, signOutReason: null)
2026-10-02T12:23:49.5458896Z [FINEST] supabase.postgrest: Request: GET ***/rest/v1/users?select=%2A&id=eq.cb041494-fccd-493b-b73b-50e952366ea8
2026-10-02T12:23:49.5459815Z [INFO] GoRouter: redirecting to RouteMatchList#47978(uri: /privacy-gate, matches: [RouteMatch#0229c(route: GoRoute#10554(name: "privacy-gate", path: "/privacy-gate"))])
2026-10-02T12:23:49.5460707Z GoRouter: INFO: redirecting to RouteMatchList#47978(uri: /privacy-gate, matches: [RouteMatch#0229c(route: GoRoute#10554(name: "privacy-gate", path: "/privacy-gate"))]) 
2026-10-02T12:23:49.5460886Z [INFO] GoRouter: going to /
2026-10-02T12:23:49.5461054Z GoRouter: INFO: going to / 
2026-10-02T12:23:49.5461282Z [INFO] GoRouter: Using WidgetsApp configuration
2026-10-02T12:23:49.5461502Z GoRouter: INFO: Using WidgetsApp configuration 
2026-10-02T12:23:49.5462807Z [FINEST] supabase.postgrest: Request: GET ***/rest/v1/attendance_records?select=%2A%2Cusers%21attendance_records_user_id_fkey%28name%29&deleted_at=is.null
2026-10-02T12:23:49.5463776Z [FINEST] supabase.postgrest: Request: GET ***/rest/v1/equipment_checks?select=%2A&deleted_at=is.null
2026-10-02T12:23:49.5464055Z [FINE] SyncQueueManager: No pending sync items to process.
2026-10-02T12:23:49.5464811Z [FINEST] supabase.postgrest: Request: GET ***/rest/v1/cut_fill_records?select=%2A&deleted_at=is.null
2026-10-02T12:23:49.5465069Z [INFO] GoRouter: going to /operations/benchmark-db/form
2026-10-02T12:23:49.5465323Z GoRouter: INFO: going to /operations/benchmark-db/form 
2026-10-02T12:23:49.5465547Z [INFO] GoRouter: Using WidgetsApp configuration
2026-10-02T12:23:49.5465764Z GoRouter: INFO: Using WidgetsApp configuration 
2026-10-02T12:23:49.5466584Z [FINEST] supabase.postgrest: Request: GET ***/rest/v1/land_clearing_records?select=%2A&deleted_at=is.null
2026-10-02T12:23:49.5467377Z [FINEST] supabase.postgrest: Request: GET ***/rest/v1/inventory_items?select=%2A&deleted_at=is.null
2026-10-02T12:23:49.5467658Z [FINER] supabase.auth: Access token expires in 359 ticks
2026-10-02T12:23:49.5468548Z [INFO] SyncQueueManager: Enqueuing offline item [benchmarks_update_2aef6abd-b800-49f5-b93f-d946903b7868_1790943823494965] for entity "benchmarks" (update)
2026-10-02T12:23:49.5469424Z SyncQueueManager: INFO: Enqueuing offline item [benchmarks_update_2aef6abd-b800-49f5-b93f-d946903b7868_1790943823494965] for entity "benchmarks" (update) 
2026-10-02T12:23:49.5470238Z [FINEST] supabase.postgrest: Request: POST ***/rest/v1/benchmarks?on_conflict=site_id%2Cbm_id&select=%2A
2026-10-02T12:23:49.5470551Z [INFO] SyncQueueManager: Processing 1 pending sync queue items.
2026-10-02T12:23:49.5470864Z SyncQueueManager: INFO: Processing 1 pending sync queue items. 
2026-10-02T12:23:49.5471758Z [INFO] SyncQueueManager: Syncing queue item [benchmarks_update_2aef6abd-b800-49f5-b93f-d946903b7868_1790943823494965] (benchmarks:update)
2026-10-02T12:23:49.5472533Z SyncQueueManager: INFO: Syncing queue item [benchmarks_update_2aef6abd-b800-49f5-b93f-d946903b7868_1790943823494965] (benchmarks:update) 
2026-10-02T12:23:49.5519664Z [INFO] BenchmarkSyncRegistrar: Processing benchmark sync item [benchmarks_update_2aef6abd-b800-49f5-b93f-d946903b7868_1790943823494965]: update
2026-10-02T12:23:49.5520509Z BenchmarkSyncRegistrar: INFO: Processing benchmark sync item [benchmarks_update_2aef6abd-b800-49f5-b93f-d946903b7868_1790943823494965]: update 
2026-10-02T12:23:49.5521496Z [FINEST] supabase.postgrest: Request: GET ***/rest/v1/benchmarks?select=%2A&id=eq.2aef6abd-b800-49f5-b93f-d946903b7868
2026-10-02T12:23:49.5522330Z [FINEST] supabase.postgrest: Request: POST ***/rest/v1/benchmarks?on_conflict=site_id%2Cbm_id&select=%2A
2026-10-02T12:23:49.5523241Z [INFO] SyncQueueManager: Successfully synced queue item [benchmarks_update_2aef6abd-b800-49f5-b93f-d946903b7868_1790943823494965].
2026-10-02T12:23:49.5523943Z SyncQueueManager: INFO: Successfully synced queue item [benchmarks_update_2aef6abd-b800-49f5-b93f-d946903b7868_1790943823494965]. 
2026-10-02T12:23:49.5524207Z [INFO] GoRouter: popping /operations/benchmark-db/form
2026-10-02T12:23:49.5524448Z GoRouter: INFO: popping /operations/benchmark-db/form 
2026-10-02T12:23:49.5524681Z [INFO] GoRouter: restoring /operations/benchmark-db
2026-10-02T12:23:49.5524912Z GoRouter: INFO: restoring /operations/benchmark-db 
2026-10-02T12:23:49.5525532Z [INFO] GoRouter: getting location for name: "benchmark-detail", pathParameters: {id: 2aef6abd-b800-49f5-b93f-d946903b7868}
2026-10-02T12:23:49.5526146Z GoRouter: INFO: getting location for name: "benchmark-detail", pathParameters: {id: 2aef6abd-b800-49f5-b93f-d946903b7868} 
2026-10-02T12:23:49.5526562Z [INFO] GoRouter: pushing /operations/benchmark-db/2aef6abd-b800-49f5-b93f-d946903b7868
2026-10-02T12:23:49.5526974Z GoRouter: INFO: pushing /operations/benchmark-db/2aef6abd-b800-49f5-b93f-d946903b7868 
2026-10-02T12:23:49.5527922Z [WARNING] GoRouter: An extra with complex data type Benchmark is provided without a codec. Consider provide a codec to GoRouter to prevent extra being dropped during serialization.
2026-10-02T12:23:49.5529111Z GoRouter: WARNING: An extra with complex data type Benchmark is provided without a codec. Consider provide a codec to GoRouter to prevent extra being dropped during serialization. 
2026-10-02T12:23:49.5530098Z [WARNING] GoRouter: An extra with complex data type Benchmark is provided without a codec. Consider provide a codec to GoRouter to prevent extra being dropped during serialization.
2026-10-02T12:23:49.5531033Z GoRouter: WARNING: An extra with complex data type Benchmark is provided without a codec. Consider provide a codec to GoRouter to prevent extra being dropped during serialization. 
2026-10-02T12:23:49.5531627Z [INFO] GoRouter: getting location for name: "benchmark-edit", pathParameters: {id: 2aef6abd-b800-49f5-b93f-d946903b7868}
2026-10-02T12:23:49.5532235Z GoRouter: INFO: getting location for name: "benchmark-edit", pathParameters: {id: 2aef6abd-b800-49f5-b93f-d946903b7868} 
2026-10-02T12:23:49.5532711Z [INFO] GoRouter: pushing /operations/benchmark-db/2aef6abd-b800-49f5-b93f-d946903b7868/form
2026-10-02T12:23:49.5533367Z GoRouter: INFO: pushing /operations/benchmark-db/2aef6abd-b800-49f5-b93f-d946903b7868/form 
2026-10-02T12:23:49.5534352Z [WARNING] GoRouter: An extra with complex data type Benchmark is provided without a codec. Consider provide a codec to GoRouter to prevent extra being dropped during serialization.
2026-10-02T12:23:49.5535317Z GoRouter: WARNING: An extra with complex data type Benchmark is provided without a codec. Consider provide a codec to GoRouter to prevent extra being dropped during serialization. 
2026-10-02T12:23:49.5536449Z [WARNING] GoRouter: An extra with complex data type Benchmark is provided without a codec. Consider provide a codec to GoRouter to prevent extra being dropped during serialization.
2026-10-02T12:23:49.5537400Z GoRouter: WARNING: An extra with complex data type Benchmark is provided without a codec. Consider provide a codec to GoRouter to prevent extra being dropped during serialization. 
2026-10-02T12:23:49.5538355Z [WARNING] GoRouter: An extra with complex data type Benchmark is provided without a codec. Consider provide a codec to GoRouter to prevent extra being dropped during serialization.
2026-10-02T12:23:49.5539286Z GoRouter: WARNING: An extra with complex data type Benchmark is provided without a codec. Consider provide a codec to GoRouter to prevent extra being dropped during serialization. 
2026-10-02T12:23:49.5540219Z [WARNING] GoRouter: An extra with complex data type Benchmark is provided without a codec. Consider provide a codec to GoRouter to prevent extra being dropped during serialization.
2026-10-02T12:23:49.5541155Z GoRouter: WARNING: An extra with complex data type Benchmark is provided without a codec. Consider provide a codec to GoRouter to prevent extra being dropped during serialization. 
2026-10-02T12:23:49.5541997Z [INFO] SyncQueueManager: Enqueuing offline item [benchmarks_update_2aef6abd-b800-49f5-b93f-d946903b7868_1790943827482647] for entity "benchmarks" (update)
2026-10-02T12:23:49.5573605Z SyncQueueManager: INFO: Enqueuing offline item [benchmarks_update_2aef6abd-b800-49f5-b93f-d946903b7868_1790943827482647] for entity "benchmarks" (update) 
2026-10-02T12:23:49.5574571Z [FINEST] supabase.postgrest: Request: POST ***/rest/v1/benchmarks?on_conflict=site_id%2Cbm_id&select=%2A
2026-10-02T12:23:49.5574894Z [INFO] SyncQueueManager: Processing 1 pending sync queue items.
2026-10-02T12:23:49.5575228Z SyncQueueManager: INFO: Processing 1 pending sync queue items. 
2026-10-02T12:23:49.5576004Z [INFO] SyncQueueManager: Syncing queue item [benchmarks_update_2aef6abd-b800-49f5-b93f-d946903b7868_1790943827482647] (benchmarks:update)
2026-10-02T12:23:49.5576761Z SyncQueueManager: INFO: Syncing queue item [benchmarks_update_2aef6abd-b800-49f5-b93f-d946903b7868_1790943827482647] (benchmarks:update) 
2026-10-02T12:23:49.5577539Z [INFO] BenchmarkSyncRegistrar: Processing benchmark sync item [benchmarks_update_2aef6abd-b800-49f5-b93f-d946903b7868_1790943827482647]: update
2026-10-02T12:23:49.5578551Z BenchmarkSyncRegistrar: INFO: Processing benchmark sync item [benchmarks_update_2aef6abd-b800-49f5-b93f-d946903b7868_1790943827482647]: update 
2026-10-02T12:23:49.5579466Z [FINEST] supabase.postgrest: Request: GET ***/rest/v1/benchmarks?select=%2A&id=eq.2aef6abd-b800-49f5-b93f-d946903b7868
2026-10-02T12:23:49.5580319Z [INFO] SyncQueueManager: Enqueuing offline item [benchmarks_delete_2aef6abd-b800-49f5-b93f-d946903b7868_1790943827664648] for entity "benchmarks" (delete)
2026-10-02T12:23:49.5581159Z SyncQueueManager: INFO: Enqueuing offline item [benchmarks_delete_2aef6abd-b800-49f5-b93f-d946903b7868_1790943827664648] for entity "benchmarks" (delete) 
2026-10-02T12:23:49.5581519Z [FINE] SyncQueueManager: Queue processing already in progress. Skipping.
2026-10-02T12:23:49.5582026Z ##[endgroup]
2026-10-02T12:23:49.5582847Z [FINEST] supabase.postgrest: Request: POST ***/rest/v1/benchmarks?on_conflict=site_id%2Cbm_id&select=%2A
2026-10-02T12:23:49.5582863Z 
2026-10-02T12:23:49.5583615Z 🎉 23 tests passed, 2 skipped.
2026-10-02T12:23:51.1451180Z Running build hooks...Running build hooks...Android E2E execution summary:
2026-10-02T12:23:51.1454351Z   Final progress line: 🎉 23 tests passed, 2 skipped.
2026-10-02T12:23:51.1457051Z   Passed: 23, Failed: 0, Skipped: 2
2026-10-02T12:23:51.1457607Z   Executed (passed+failed): 23
2026-10-02T12:23:51.1458138Z [OK] Android execution proven: 23 executed.
2026-10-02T12:27:15.4517007Z Resolving dependencies...
2026-10-02T12:27:15.4517686Z Downloading packages...
2026-10-02T12:27:15.4545025Z   _fe_analyzer_shared 103.0.0 (108.0.0 available)
2026-10-02T12:27:15.4568811Z   analyzer 13.3.0 (14.4.0 available)
2026-10-02T12:27:15.4595158Z   android_file_picker 1.1.1 (2.0.0 available)
2026-10-02T12:27:15.4613961Z   archive 4.0.9 (4.3.0 available)
2026-10-02T12:27:15.4663886Z   battery_plus 7.1.1 (7.1.2 available)
2026-10-02T12:27:15.4664418Z   build 4.0.10 (4.0.11 available)
2026-10-02T12:27:15.4697600Z   build_config 1.3.2 (1.3.3 available)
2026-10-02T12:27:15.4733787Z   build_daemon 4.1.5 (4.1.6 available)
2026-10-02T12:27:15.4764984Z   built_collection 5.1.1 (5.1.2 available)
2026-10-02T12:27:15.4765956Z   built_value 8.12.7 (8.13.0 available)
2026-10-02T12:27:15.4793946Z   clock 1.1.2 (1.1.3 available)
2026-10-02T12:27:15.4824334Z   code_assets 2.0.0 (2.1.0 available)
2026-10-02T12:27:15.4828896Z   connectivity_plus 7.3.1 (7.3.2 available)
2026-10-02T12:27:15.4829597Z   cross_file 0.3.5+5 (0.4.0 available)
2026-10-02T12:27:15.4830613Z   cupertino_ui 1.0.1 (1.1.1 available)
2026-10-02T12:27:15.4831218Z   dbus 0.7.15 (0.8.0 available)
2026-10-02T12:27:15.4831852Z   equatable 2.1.0 (3.0.0 available)
2026-10-02T12:27:15.4832544Z   file_picker 12.2.0 (13.1.0 available)
2026-10-02T12:27:15.4834031Z   file_picker_darwin 1.1.0 (2.1.2 available)
2026-10-02T12:27:15.4835042Z   file_picker_linux 1.1.0 (2.0.1 available)
2026-10-02T12:27:15.4835954Z   file_picker_platform_interface 3.3.0 (4.0.0 available)
2026-10-02T12:27:15.4837174Z   file_picker_web 3.1.0 (4.0.0 available)
2026-10-02T12:27:15.4838399Z   flutter_secure_storage 11.1.0 (11.2.0 available)
2026-10-02T12:27:15.4839538Z   flutter_secure_storage_darwin 0.4.0 (0.4.3 available)
2026-10-02T12:27:15.4840301Z   flutter_secure_storage_linux 3.0.2 (3.0.3 available)
2026-10-02T12:27:15.4843610Z   flutter_secure_storage_platform_interface 2.1.0 (2.1.1 available)
2026-10-02T12:27:15.4845104Z   forui 0.26.0 (0.27.3 available)
2026-10-02T12:27:15.4845713Z   forui_lucide 0.26.1 (0.27.0 available)
2026-10-02T12:27:15.4846631Z   glob 2.1.3 (2.2.0 available)
2026-10-02T12:27:15.4847254Z   go_router 18.0.1 (18.0.2 available)
2026-10-02T12:27:15.4848224Z   googleapis_auth 2.3.3 (2.3.4 available)
2026-10-02T12:27:15.4848863Z   hive_ce 2.19.3 (2.20.1 available)
2026-10-02T12:27:15.4849750Z   hive_ce_flutter 2.3.4 (2.4.0 available)
2026-10-02T12:27:15.4850693Z   image 4.9.2 (4.10.1 available)
2026-10-02T12:27:15.4851369Z   image_picker_android 0.8.13+21 (0.8.13+23 available)
2026-10-02T12:27:15.4854007Z   image_picker_ios 0.8.13+7 (0.8.13+9 available)
2026-10-02T12:27:15.4854678Z   io 1.0.5 (1.1.0 available)
2026-10-02T12:27:15.4855707Z   jni 1.0.3 (1.1.0 available)
2026-10-02T12:27:15.4856288Z   jni_flutter 1.0.2 (1.0.3 available)
2026-10-02T12:27:15.4856929Z   lucide_icons_flutter 3.1.19 (3.1.21 available)
2026-10-02T12:27:15.4857922Z   material_color_utilities 0.13.0 (0.13.1 available)
2026-10-02T12:27:15.4858614Z   material_ui 1.1.0 (1.5.0 available)
2026-10-02T12:27:15.4859519Z   mime 2.0.0 (2.1.0 available)
2026-10-02T12:27:15.4860083Z   nm 0.5.0 (0.6.0 available)
2026-10-02T12:27:15.4860942Z   objective_c 9.6.0 (9.6.2 available)
2026-10-02T12:27:15.4861815Z   package_config 2.2.0 (3.0.0 available)
2026-10-02T12:27:15.4862497Z   package_info_plus 10.2.1 (10.2.2 available)
2026-10-02T12:27:15.4863740Z   passkeys_platform_interface 2.9.0 (2.10.0 available)
2026-10-02T12:27:15.4864745Z   pdf 3.13.0 (3.13.1 available)
2026-10-02T12:27:15.4865330Z   petitparser 7.0.2 (7.1.0 available)
2026-10-02T12:27:15.4866275Z   platform 3.1.6 (3.2.0 available)
2026-10-02T12:27:15.4866895Z   pool 1.5.2 (1.5.3 available)
2026-10-02T12:27:15.4867787Z   printing 5.15.0 (5.15.1 available)
2026-10-02T12:27:15.4868706Z   process 5.0.5 (5.0.6 available)
2026-10-02T12:27:15.4869295Z   pub_semver 2.2.0 (2.2.1 available)
2026-10-02T12:27:15.4870200Z   pubspec_parse 1.5.0 (1.6.0 available)
2026-10-02T12:27:15.4870811Z   qr 3.0.2 (4.0.0 available)
2026-10-02T12:27:15.4871767Z   stack_trace 1.12.1 (1.12.2 available)
2026-10-02T12:27:15.4872385Z   storage_client 2.8.0 (2.8.1 available)
2026-10-02T12:27:15.4873611Z   stream_transform 2.1.1 (2.1.2 available)
2026-10-02T12:27:15.4875084Z   supabase 2.16.1 (2.16.2 available)
2026-10-02T12:27:15.4875721Z   supabase_flutter 2.17.2 (2.18.0 available)
2026-10-02T12:27:15.4876579Z   test 1.31.1 (1.32.0 available)
2026-10-02T12:27:15.4877190Z   test_api 0.7.12 (0.7.14 available)
2026-10-02T12:27:15.4878358Z   test_core 0.6.18 (0.6.20 available)
2026-10-02T12:27:15.4879015Z   vector_math 2.4.2 (2.4.3 available)
2026-10-02T12:27:15.4880074Z   webdriver 3.1.0 (3.2.0 available)
2026-10-02T12:27:15.4880816Z   windows_file_picker 1.2.0 (2.0.0 available)
2026-10-02T12:27:15.4881983Z   xml 7.0.1 (7.1.0 available)
2026-10-02T12:27:15.4882560Z   yaml 3.1.3 (3.1.4 available)
2026-10-02T12:27:15.4883838Z Got dependencies!
2026-10-02T12:27:15.4884936Z 70 packages have newer versions incompatible with dependency constraints.
2026-10-02T12:27:15.4886259Z Try `flutter pub outdated` for more information.
2026-10-02T12:27:15.4887127Z Running Gradle task 'assembleDebug'...                             39.4s
2026-10-02T12:27:15.4888958Z ✓ Built build/app/outputs/flutter-apk/app-debug.apk
2026-10-02T12:27:15.4890252Z Installing build/app/outputs/flutter-apk/app-debug.apk...        1,004ms
2026-10-02T12:27:15.4899204Z D/HostConnection(11068): HostComposition ext ANDROID_EMU_CHECKSUM_HELPER_v1 ANDROID_EMU_native_sync_v2 ANDROID_EMU_dma_v1 ANDROID_EMU_direct_mem ANDROID_EMU_host_composition_v1 ANDROID_EMU_host_composition_v2 ANDROID_EMU_vulkan ANDROID_EMU_deferred_vulkan_commands ANDROID_EMU_vulkan_null_optional_strings ANDROID_EMU_vulkan_create_resources_with_requirements ANDROID_EMU_YUV_Cache ANDROID_EMU_vulkan_ignored_handles ANDROID_EMU_has_shared_slots_host_memory_allocator ANDROID_EMU_vulkan_free_memory_sync ANDROID_EMU_vulkan_shader_float16_int8 ANDROID_EMU_vulkan_async_queue_submit ANDROID_EMU_vulkan_queue_submit_with_commands ANDROID_EMU_sync_buffer_data ANDROID_EMU_vulkan_async_qsri ANDROID_EMU_read_color_buffer_dma ANDROID_EMU_hwc_multi_configs ANDROID_EMU_hwc_color_transform GL_OES_EGL_image_external_essl3 GL_OES_vertex_array_object GL_KHR_texture_compression_astc_ldr ANDROID_EMU_host_side_tracing ANDROID_EMU_gles_max_version_3_0 
2026-10-02T12:27:15.4910103Z W/OpenGLRenderer(11068): Failed to initialize 101010-2 format, error = EGL_SUCCESS
2026-10-02T12:27:15.4911193Z D/EGL_emulation(11068): eglCreateContext: 0x7461759f9090: maj 3 min 0 rcv 3
2026-10-02T12:27:15.4913752Z D/EGL_emulation(11068): eglMakeCurrent: 0x7461759f9090: ver 3 0 (tinfo 0x7463a2725180) (first time)
2026-10-02T12:27:15.4915029Z D/FlutterJNI(11068): Sending viewport metrics to the engine.
2026-10-02T12:27:15.4915892Z I/Gralloc4(11068): mapper 4.x is not supported
2026-10-02T12:27:15.4917984Z W/Gralloc4(11068): allocator 4.x is not supported
2026-10-02T12:27:15.4924745Z D/HostConnection(11068): HostComposition ext ANDROID_EMU_CHECKSUM_HELPER_v1 ANDROID_EMU_native_sync_v2 ANDROID_EMU_dma_v1 ANDROID_EMU_direct_mem ANDROID_EMU_host_composition_v1 ANDROID_EMU_host_composition_v2 ANDROID_EMU_vulkan ANDROID_EMU_deferred_vulkan_commands ANDROID_EMU_vulkan_null_optional_strings ANDROID_EMU_vulkan_create_resources_with_requirements ANDROID_EMU_YUV_Cache ANDROID_EMU_vulkan_ignored_handles ANDROID_EMU_has_shared_slots_host_memory_allocator ANDROID_EMU_vulkan_free_memory_sync ANDROID_EMU_vulkan_shader_float16_int8 ANDROID_EMU_vulkan_async_queue_submit ANDROID_EMU_vulkan_queue_submit_with_commands ANDROID_EMU_sync_buffer_data ANDROID_EMU_vulkan_async_qsri ANDROID_EMU_read_color_buffer_dma ANDROID_EMU_hwc_multi_configs ANDROID_EMU_hwc_color_transform GL_OES_EGL_image_external_essl3 GL_OES_vertex_array_object GL_KHR_texture_compression_astc_ldr ANDROID_EMU_host_side_tracing ANDROID_EMU_gles_max_version_3_0 
2026-10-02T12:27:15.4932377Z I/Choreographer(11068): Skipped 51 frames!  The application may be doing too much work on its main thread.
2026-10-02T12:27:15.4933926Z D/FlutterJNI(11068): Sending viewport metrics to the engine.
2026-10-02T12:27:15.4935219Z I/eflow.mine_flow(11068): Compiler allocated 4355KB to compile void android.view.ViewRootImpl.performTraversals()
2026-10-02T12:27:15.5054637Z VMServiceFlutterDriver: Connecting to Flutter application at http://127.0.0.1:32921/azRb0qZygvs=/
2026-10-02T12:27:15.5056199Z VMServiceFlutterDriver: Isolate found with number: 972773023857863
2026-10-02T12:27:15.5057051Z VMServiceFlutterDriver: Isolate 972773023857863 is runnable.
2026-10-02T12:27:15.5057763Z VMServiceFlutterDriver: Isolate is paused at start.
2026-10-02T12:27:15.5058429Z VMServiceFlutterDriver: Attempting to resume isolate
2026-10-02T12:27:15.5059146Z I/flutter (11068): 00:00 +0: Design Review Capture - Matrix
2026-10-02T12:27:15.5059865Z VMServiceFlutterDriver: Connected to Flutter application.
2026-10-02T12:27:15.5060694Z I/flutter (11068): [CONFIG] supabase.supabase_flutter: Initialize Supabase v2.17.2
2026-10-02T12:27:15.5062622Z I/flutter (11068): [CONFIG] supabase.auth: Initialize GoTrueClient v2.27.2 with url: ***/auth/v1, autoRefreshToken: <redacted>, flowType: pkce, tickDuration: 0:00:10.000000, tickThreshold: 3
2026-10-02T12:27:15.5065829Z I/flutter (11068): [FINEST] supabase.auth: Initialize with headers: {X-Client-Info: supabase-flutter/2.17.2; platform=Android; platform-version=sdk_gphone64_x86_64-userdebug 13 TE1A.240213.009 12342917 dev-keys; runtime=dart; runtime-version=3.13.1, apikey: <redacted>, Authorization: ***
2026-10-02T12:27:15.5067939Z I/flutter (11068): [FINE] supabase.auth: Stopping auto refresh
2026-10-02T12:27:15.5068674Z I/flutter (11068): [FINE] supabase.auth: Starting auto refresh
2026-10-02T12:27:15.5069966Z I/flutter (11068): [CONFIG] supabase.postgrest: Initialize PostgrestClient with url: ***/rest/v1, schema: public
2026-10-02T12:27:15.5072184Z I/flutter (11068): [FINEST] supabase.postgrest: Initialize with headers: {X-Client-Info: supabase-flutter/2.17.2; platform=Android; platform-version=sdk_gphone64_x86_64-userdebug 13 TE1A.240213.009 12342917 dev-keys; runtime=dart; runtime-version=3.13.1}
2026-10-02T12:27:15.5075423Z I/flutter (11068): [CONFIG] supabase.functions: Initialize FunctionsClient v2.7.1 with url '***/functions/v1' and region 'null'
2026-10-02T12:27:15.5078225Z I/flutter (11068): [FINEST] supabase.functions: Initialize with headers: {X-Client-Info: supabase-flutter/2.17.2; platform=Android; platform-version=sdk_gphone64_x86_64-userdebug 13 TE1A.240213.009 12342917 dev-keys; runtime=dart; runtime-version=3.13.1}
2026-10-02T12:27:15.5080802Z I/flutter (11068): [CONFIG] supabase.storage: Initialize SupabaseStorageClient v2.8.0 with url: ***/storage/v1, retryAttempts: 0
2026-10-02T12:27:15.5083456Z I/flutter (11068): [FINEST] supabase.storage: Initialize with headers: {X-Client-Info: supabase-flutter/2.17.2; platform=Android; platform-version=sdk_gphone64_x86_64-userdebug 13 TE1A.240213.009 12342917 dev-keys; runtime=dart; runtime-version=3.13.1}
2026-10-02T12:27:15.5086346Z I/flutter (11068): [CONFIG] supabase.realtime: Initialize RealtimeClient with endpoint: wss://rpdnonpivoyhghzolyzv.supabase.co/realtime/v1, timeout: 0:00:10.000000, heartbeatIntervalMs: 25000, logLevel: null
2026-10-02T12:27:15.5089409Z I/flutter (11068): [FINEST] supabase.realtime: Initialize with headers: {apikey: <redacted>, X-Client-Info: supabase-flutter/2.17.2; platform=Android; platform-version=sdk_gphone64_x86_64-userdebug 13 TE1A.240213.009 12342917 dev-keys; runtime=dart; runtime-version=3.13.1}, params: {apikey: <redacted>}
2026-10-02T12:27:15.5091820Z I/flutter (11068): [CONFIG] supabase.supabase: Initialize SupabaseClient v2.16.1 with no custom access token
2026-10-02T12:27:15.5093638Z I/flutter (11068): [FINEST] supabase.auth: onAuthStateChange: AuthState(event: initialSession, session: null, fromBroadcast: false, signOutReason: null)
2026-10-02T12:27:15.5094976Z I/flutter (11068): [FINE] supabase.supabase_flutter: Starting deeplink observer
2026-10-02T12:27:15.5095952Z I/flutter (11068): [INFO] supabase.supabase_flutter: ***** Supabase init completed *****
2026-10-02T12:27:15.5096990Z I/flutter (11068): supabase.supabase_flutter: INFO: ***** Supabase init completed ***** 
2026-10-02T12:27:15.5098233Z I/flutter (11068): [INFO] ConnectivityService: Connectivity changed → online
2026-10-02T12:27:15.5099238Z I/flutter (11068): ConnectivityService: INFO: Connectivity changed → online 
2026-10-02T12:27:15.5100486Z I/flutter (11068): [INFO] SyncQueueManager: Network connectivity restored. Triggering queue sync.
2026-10-02T12:27:15.5101670Z I/flutter (11068): SyncQueueManager: INFO: Network connectivity restored. Triggering queue sync. 
2026-10-02T12:27:15.5102722Z I/flutter (11068): [FINE] SyncQueueManager: No pending sync items to process.
2026-10-02T12:27:15.5104651Z I/flutter (11068): [INFO] SyncQueueManager: Registered sync handler for entity type: data_bucket_metadata_sync
2026-10-02T12:27:15.5106059Z I/flutter (11068): SyncQueueManager: INFO: Registered sync handler for entity type: data_bucket_metadata_sync 
2026-10-02T12:27:15.5107380Z I/flutter (11068): [INFO] DataBucketSyncRegistrar: Registered sync handler for data_bucket_metadata_sync
2026-10-02T12:27:15.5108652Z I/flutter (11068): DataBucketSyncRegistrar: INFO: Registered sync handler for data_bucket_metadata_sync 
2026-10-02T12:27:15.5109900Z I/flutter (11068): [INFO] SyncQueueManager: Registered sync handler for entity type: cut_fill_records
2026-10-02T12:27:15.5111087Z I/flutter (11068): SyncQueueManager: INFO: Registered sync handler for entity type: cut_fill_records 
2026-10-02T12:27:15.5112191Z I/flutter (11068): [INFO] TrackingSyncRegistrar: Registered sync handler for cut_fill_records
2026-10-02T12:27:15.5113480Z I/flutter (11068): TrackingSyncRegistrar: INFO: Registered sync handler for cut_fill_records 
2026-10-02T12:27:15.5114702Z I/flutter (11068): [INFO] SyncQueueManager: Registered sync handler for entity type: land_clearing_records
2026-10-02T12:27:15.5115947Z I/flutter (11068): SyncQueueManager: INFO: Registered sync handler for entity type: land_clearing_records 
2026-10-02T12:27:15.5117155Z I/flutter (11068): [INFO] TrackingSyncRegistrar: Registered sync handler for land_clearing_records
2026-10-02T12:27:15.5118328Z I/flutter (11068): TrackingSyncRegistrar: INFO: Registered sync handler for land_clearing_records 
2026-10-02T12:27:15.5119488Z I/flutter (11068): [INFO] SyncQueueManager: Registered sync handler for entity type: inventory_items
2026-10-02T12:27:15.5120718Z I/flutter (11068): SyncQueueManager: INFO: Registered sync handler for entity type: inventory_items 
2026-10-02T12:27:15.5121853Z I/flutter (11068): [INFO] TrackingSyncRegistrar: Registered sync handler for inventory_items
2026-10-02T12:27:15.5123421Z I/flutter (11068): TrackingSyncRegistrar: INFO: Registered sync handler for inventory_items 
2026-10-02T12:27:15.5124676Z I/flutter (11068): [INFO] SyncQueueManager: Registered sync handler for entity type: inventory_transactions
2026-10-02T12:27:15.5125945Z I/flutter (11068): SyncQueueManager: INFO: Registered sync handler for entity type: inventory_transactions 
2026-10-02T12:27:15.5127163Z I/flutter (11068): [INFO] TrackingSyncRegistrar: Registered sync handler for inventory_transactions
2026-10-02T12:27:15.5128329Z I/flutter (11068): TrackingSyncRegistrar: INFO: Registered sync handler for inventory_transactions 
2026-10-02T12:27:15.5129535Z I/flutter (11068): [INFO] SyncQueueManager: Registered sync handler for entity type: attendance_records
2026-10-02T12:27:15.5130801Z I/flutter (11068): SyncQueueManager: INFO: Registered sync handler for entity type: attendance_records 
2026-10-02T12:27:15.5131976Z I/flutter (11068): [INFO] AttendanceSyncRegistrar: Registered sync handler for attendance_records
2026-10-02T12:27:15.5134071Z I/flutter (11068): AttendanceSyncRegistrar: INFO: Registered sync handler for attendance_records 
2026-10-02T12:27:15.5135395Z I/flutter (11068): [INFO] SyncQueueManager: Registered sync handler for entity type: daily_logs
2026-10-02T12:27:15.5137045Z I/flutter (11068): SyncQueueManager: INFO: Registered sync handler for entity type: daily_logs 
2026-10-02T12:27:15.5138946Z I/flutter (11068): [INFO] DailyLogSyncRegistrar: Registered sync handler for daily_logs
2026-10-02T12:27:15.5140231Z I/flutter (11068): DailyLogSyncRegistrar: INFO: Registered sync handler for daily_logs 
2026-10-02T12:27:15.5146106Z I/flutter (11068): [INFO] SyncQueueManager: Registered sync handler for entity type: equipment_checks
2026-10-02T12:27:15.5147573Z I/flutter (11068): SyncQueueManager: INFO: Registered sync handler for entity type: equipment_checks 
2026-10-02T12:27:15.5148789Z I/flutter (11068): [INFO] EquipmentCheckSyncRegistrar: Registered sync handler for equipment_checks
2026-10-02T12:27:15.5150073Z I/flutter (11068): EquipmentCheckSyncRegistrar: INFO: Registered sync handler for equipment_checks 
2026-10-02T12:27:15.5151269Z I/flutter (11068): [INFO] SyncQueueManager: Registered sync handler for entity type: benchmarks
2026-10-02T12:27:15.5152450Z I/flutter (11068): SyncQueueManager: INFO: Registered sync handler for entity type: benchmarks 
2026-10-02T12:27:15.5153784Z I/flutter (11068): [INFO] BenchmarkSyncRegistrar: Registered sync handler for benchmarks
2026-10-02T12:27:15.5154859Z I/flutter (11068): BenchmarkSyncRegistrar: INFO: Registered sync handler for benchmarks 
2026-10-02T12:27:15.5155757Z I/flutter (11068): [INFO] GoRouter: Full paths for routes:
2026-10-02T12:27:15.5156524Z I/flutter (11068): ├─/login (LoginPage)
2026-10-02T12:27:15.5157174Z I/flutter (11068): ├─/privacy-gate (PrivacyAckPage)
2026-10-02T12:27:15.5158004Z I/flutter (11068): ├─/__interaction-fixture (AppInteractionFixturePage)
2026-10-02T12:27:15.5159014Z I/flutter (11068): │ └─/__interaction-fixture/form (AppInteractionFixturePage)
2026-10-02T12:27:15.5159787Z I/flutter (11068): ├─ (ShellRoute)
2026-10-02T12:27:15.5160416Z I/flutter (11068): │ ├─/ (BlocProvider<DashboardCubit>)
2026-10-02T12:27:15.5161225Z I/flutter (11068): │ ├─/tools (GroupLandingPage)
2026-10-02T12:27:15.5162034Z I/flutter (11068): │ │ └─/tools/data-bucket (DataBucketListPage)
2026-10-02T12:27:15.5162868Z I/flutter (11068): │ │   ├─/tools/data-bucket/upload 
2026-10-02T12:27:15.5163916Z I/flutter (11068): │ │   └─/tools/data-bucket/:id 
2026-10-02T12:27:15.5164640Z I/flutter (11068): │ ├─/operations (GroupLandingPage)
2026-10-02T12:27:15.5165416Z I/flutter (11068): │ │ ├─/operations/cut-fill (CutFillListScreen)
2026-10-02T12:27:15.5166247Z I/flutter (11068): │ │ │ ├─/operations/cut-fill/form 
2026-10-02T12:27:15.5167028Z I/flutter (11068): │ │ │ └─/operations/cut-fill/:id/form 
2026-10-02T12:27:15.5167944Z I/flutter (11068): │ │ ├─/operations/land-clearing (LandClearingSummaryScreen)
2026-10-02T12:27:15.5169296Z I/flutter (11068): │ │ │ ├─/operations/land-clearing/form 
2026-10-02T12:27:15.5170050Z I/flutter (11068): │ │ │ ├─/operations/land-clearing/:id 
2026-10-02T12:27:15.5170805Z I/flutter (11068): │ │ │ └─/operations/land-clearing/:id/form 
2026-10-02T12:27:15.5171658Z I/flutter (11068): │ │ └─/operations/benchmark-db (BenchmarkListScreen)
2026-10-02T12:27:15.5172610Z I/flutter (11068): │ │   ├─/operations/benchmark-db/form (BenchmarkFormScreen)
2026-10-02T12:27:15.5173692Z I/flutter (11068): │ │   ├─/operations/benchmark-db/:id 
2026-10-02T12:27:15.5174452Z I/flutter (11068): │ │   └─/operations/benchmark-db/:id/form 
2026-10-02T12:27:15.5175161Z I/flutter (11068): │ ├─/teams (GroupLandingPage)
2026-10-02T12:27:15.5175870Z I/flutter (11068): │ │ ├─/teams/attendance (AttendanceScreen)
2026-10-02T12:27:15.5176766Z I/flutter (11068): │ │ │ └─/teams/attendance/form 
2026-10-02T12:27:15.5177505Z I/flutter (11068): │ │ ├─/teams/daily-log (DailyLogListScreen)
2026-10-02T12:27:15.5178227Z I/flutter (11068): │ │ │ ├─/teams/daily-log/form 
2026-10-02T12:27:15.5178885Z I/flutter (11068): │ │ │ └─/teams/daily-log/:id/form 
2026-10-02T12:27:15.5179664Z I/flutter (11068): │ │ ├─/teams/inventory (InventoryDashboardScreen)
2026-10-02T12:27:15.5180488Z I/flutter (11068): │ │ │ ├─/teams/inventory/form 
2026-10-02T12:27:15.5181184Z I/flutter (11068): │ │ │ ├─/teams/inventory/:id 
2026-10-02T12:27:15.5181862Z I/flutter (11068): │ │ │ └─/teams/inventory/:id/form 
2026-10-02T12:27:15.5182699Z I/flutter (11068): │ │ ├─/teams/equipment-check (EquipmentHistoryScreen)
2026-10-02T12:27:15.5183803Z I/flutter (11068): │ │ │ ├─/teams/equipment-check/form 
2026-10-02T12:27:15.5184575Z I/flutter (11068): │ │ │ └─/teams/equipment-check/:id 
2026-10-02T12:27:15.5185284Z I/flutter (11068): │ │ └─/teams/timeline (TimelinePage)
2026-10-02T12:27:15.5185978Z I/flutter (11068): │ └─/settings (SettingsPage)
2026-10-02T12:27:15.5186755Z I/flutter (11068): │   └─/settings/profile/form (ProfileEditPage)
2026-10-02T12:27:15.5187506Z I/flutter (11068): ├─/reports/config (Widget)
2026-10-02T12:27:15.5188270Z I/flutter (11068): └─/notifications (BlocProvider<NotificationCubit>)
2026-10-02T12:27:15.5188988Z I/flutter (11068): known full paths for route names:
2026-10-02T12:27:15.5189538Z I/flutter (11068):   login => /login
2026-10-02T12:27:15.5190052Z I/flutter (11068):   privacy-gate => /privacy-gate
2026-10-02T12:27:15.5190723Z I/flutter (11068):   interaction-fixture => /__interaction-fixture
2026-10-02T12:27:15.5191538Z I/flutter (11068):   interaction-fixture-form => /__interaction-fixture/form
2026-10-02T12:27:15.5192232Z I/flutter (11068):   dashboard => /
2026-10-02T12:27:15.5192688Z I/flutter (11068):   tools => /tools
2026-10-02T12:27:15.5193584Z I/flutter (11068):   data-bucket => /tools/data-bucket
2026-10-02T12:27:15.5194288Z I/flutter (11068):   data-bucket-upload => /tools/data-bucket/upload
2026-10-02T12:27:15.5195045Z I/flutter (11068):   data-bucket-detail => /tools/data-bucket/:id
2026-10-02T12:27:15.5195913Z I/flutter (11068):   operations => /operations
2026-10-02T12:27:15.5196485Z I/flutter (11068):   cut-fill => /operations/cut-fill
2026-10-02T12:27:15.5197284Z I/flutter (11068):   cut-fill-create => /operations/cut-fill/form
2026-10-02T12:27:15.5198074Z I/flutter (11068):   cut-fill-edit => /operations/cut-fill/:id/form
2026-10-02T12:27:15.5198881Z I/flutter (11068):   land-clearing => /operations/land-clearing
2026-10-02T12:27:15.5199674Z I/flutter (11068):   land-clearing-create => /operations/land-clearing/form
2026-10-02T12:27:15.5200563Z I/flutter (11068):   land-clearing-detail => /operations/land-clearing/:id
2026-10-02T12:27:15.5201552Z I/flutter (11068):   land-clearing-edit => /operations/land-clearing/:id/form
2026-10-02T12:27:15.5202492Z I/flutter (11068):   benchmark-db => /operations/benchmark-db
2026-10-02T12:27:15.5203499Z I/flutter (11068):   benchmark-form => /operations/benchmark-db/form
2026-10-02T12:27:15.5204290Z I/flutter (11068):   benchmark-detail => /operations/benchmark-db/:id
2026-10-02T12:27:15.5205101Z I/flutter (11068):   benchmark-edit => /operations/benchmark-db/:id/form
2026-10-02T12:27:15.5205759Z I/flutter (11068):   teams => /teams
2026-10-02T12:27:15.5206276Z I/flutter (11068):   attendance => /teams/attendance
2026-10-02T12:27:15.5206918Z I/flutter (11068):   attendance-form => /teams/attendance/form
2026-10-02T12:27:15.5207564Z I/flutter (11068):   daily-log => /teams/daily-log
2026-10-02T12:27:15.5208193Z I/flutter (11068):   daily-log-form => /teams/daily-log/form
2026-10-02T12:27:15.5208979Z I/flutter (11068):   daily-log-record-form => /teams/daily-log/:id/form
2026-10-02T12:27:15.5209786Z I/flutter (11068):   inventory => /teams/inventory
2026-10-02T12:27:15.5210535Z I/flutter (11068):   inventory-form => /teams/inventory/form
2026-10-02T12:27:15.5211519Z I/flutter (11068):   inventory-detail => /teams/inventory/:id
2026-10-02T12:27:15.5212241Z I/flutter (11068):   inventory-edit => /teams/inventory/:id/form
2026-10-02T12:27:15.5213175Z I/flutter (11068):   equipment-check => /teams/equipment-check
2026-10-02T12:27:15.5213979Z I/flutter (11068):   equipment-check-form => /teams/equipment-check/form
2026-10-02T12:27:15.5214823Z I/flutter (11068):   equipment-check-detail => /teams/equipment-check/:id
2026-10-02T12:27:15.5215483Z I/flutter (11068):   timeline => /teams/timeline
2026-10-02T12:27:15.5216018Z I/flutter (11068):   settings => /settings
2026-10-02T12:27:15.5216632Z I/flutter (11068):   settings-profile => /settings/profile/form
2026-10-02T12:27:15.5217407Z I/flutter (11068):   report-config => /reports/config
2026-10-02T12:27:15.5218136Z I/flutter (11068):   notifications => /notifications
2026-10-02T12:27:15.5218669Z I/flutter (11068): 
2026-10-02T12:27:15.5219176Z I/flutter (11068): GoRouter: INFO: Full paths for routes:
2026-10-02T12:27:15.5219891Z I/flutter (11068): ├─/login (LoginPage)
2026-10-02T12:27:15.5220537Z I/flutter (11068): ├─/privacy-gate (PrivacyAckPage)
2026-10-02T12:27:15.5221355Z I/flutter (11068): ├─/__interaction-fixture (AppInteractionFixturePage)
2026-10-02T12:27:15.5222338Z I/flutter (11068): │ └─/__interaction-fixture/form (AppInteractionFixturePage)
2026-10-02T12:27:15.5223364Z I/flutter (11068): ├─ (ShellRoute)
2026-10-02T12:27:15.5224030Z I/flutter (11068): │ ├─/ (BlocProvider<DashboardCubit>)
2026-10-02T12:27:15.5224717Z I/flutter (11068): │ ├─/tools (GroupLandingPage)
2026-10-02T12:27:15.5225460Z I/flutter (11068): │ │ └─/tools/data-bucket (DataBucketListPage)
2026-10-02T12:27:15.5226218Z I/flutter (11068): │ │   ├─/tools/data-bucket/upload 
2026-10-02T12:27:15.5226888Z I/flutter (11068): │ │   └─/tools/data-bucket/:id 
2026-10-02T12:27:15.5227560Z I/flutter (11068): │ ├─/operations (GroupLandingPage)
2026-10-02T12:27:15.5228327Z I/flutter (11068): │ │ ├─/operations/cut-fill (CutFillListScreen)
2026-10-02T12:27:15.5229078Z I/flutter (11068): │ │ │ ├─/operations/cut-fill/form 
2026-10-02T12:27:15.5229805Z I/flutter (11068): │ │ │ └─/operations/cut-fill/:id/form 
2026-10-02T12:27:15.5230678Z I/flutter (11068): │ │ ├─/operations/land-clearing (LandClearingSummaryScreen)
2026-10-02T12:27:15.5231849Z I/flutter (11068): │ │ │ ├─/operations/land-clearing/form 
2026-10-02T12:27:15.5232654Z I/flutter (11068): │ │ │ ├─/operations/land-clearing/:id 
2026-10-02T12:27:15.5233744Z I/flutter (11068): │ │ │ └─/operations/land-clearing/:id/form 
2026-10-02T12:27:15.5234678Z I/flutter (11068): │ │ └─/operations/benchmark-db (BenchmarkListScreen)
2026-10-02T12:27:15.5235732Z I/flutter (11068): │ │   ├─/operations/benchmark-db/form (BenchmarkFormScreen)
2026-10-02T12:27:15.5236657Z I/flutter (11068): │ │   ├─/operations/benchmark-db/:id 
2026-10-02T12:27:15.5237421Z I/flutter (11068): │ │   └─/operations/benchmark-db/:id/form 
2026-10-02T12:27:15.5238129Z I/flutter (11068): │ ├─/teams (GroupLandingPage)
2026-10-02T12:27:15.5238839Z I/flutter (11068): │ │ ├─/teams/attendance (AttendanceScreen)
2026-10-02T12:27:15.5239573Z I/flutter (11068): │ │ │ └─/teams/attendance/form 
2026-10-02T12:27:15.5240300Z I/flutter (11068): │ │ ├─/teams/daily-log (DailyLogListScreen)
2026-10-02T12:27:15.5241136Z I/flutter (11068): │ │ │ ├─/teams/daily-log/form 
2026-10-02T12:27:15.5241819Z I/flutter (11068): │ │ │ └─/teams/daily-log/:id/form 
2026-10-02T12:27:15.5242610Z I/flutter (11068): │ │ ├─/teams/inventory (InventoryDashboardScreen)
2026-10-02T12:27:15.5243669Z I/flutter (11068): │ │ │ ├─/teams/inventory/form 
2026-10-02T12:27:15.5244316Z I/flutter (11068): │ │ │ ├─/teams/inventory/:id 
2026-10-02T12:27:15.5244969Z I/flutter (11068): │ │ │ └─/teams/inventory/:id/form 
2026-10-02T12:27:15.5245776Z I/flutter (11068): │ │ ├─/teams/equipment-check (EquipmentHistoryScreen)
2026-10-02T12:27:15.5246591Z I/flutter (11068): │ │ │ ├─/teams/equipment-check/form 
2026-10-02T12:27:15.5247294Z I/flutter (11068): │ │ │ └─/teams/equipment-check/:id 
2026-10-02T12:27:15.5247990Z I/flutter (11068): │ │ └─/teams/timeline (TimelinePage)
2026-10-02T12:27:15.5248976Z I/flutter (11068): │ └─/settings (SettingsPage)
2026-10-02T12:27:15.5249763Z I/flutter (11068): │   └─/settings/profile/form (ProfileEditPage)
2026-10-02T12:27:15.5250503Z I/flutter (11068): ├─/reports/config (Widget)
2026-10-02T12:27:15.5251303Z I/flutter (11068): └─/notifications (BlocProvider<NotificationCubit>)
2026-10-02T12:27:15.5252015Z I/flutter (11068): known full paths for route names:
2026-10-02T12:27:15.5252563Z I/flutter (11068):   login => /login
2026-10-02T12:27:15.5253313Z I/flutter (11068):   privacy-gate => /privacy-gate
2026-10-02T12:27:15.5254010Z I/flutter (11068):   interaction-fixture => /__interaction-fixture
2026-10-02T12:27:15.5254825Z I/flutter (11068):   interaction-fixture-form => /__interaction-fixture/form
2026-10-02T12:27:15.5255523Z I/flutter (11068):   dashboard => /
2026-10-02T12:27:15.5255980Z I/flutter (11068):   tools => /tools
2026-10-02T12:27:15.5256500Z I/flutter (11068):   data-bucket => /tools/data-bucket
2026-10-02T12:27:15.5257195Z I/flutter (11068):   data-bucket-upload => /tools/data-bucket/upload
2026-10-02T12:27:15.5257957Z I/flutter (11068):   data-bucket-detail => /tools/data-bucket/:id
2026-10-02T12:27:15.5258614Z I/flutter (11068):   operations => /operations
2026-10-02T12:27:15.5259183Z I/flutter (11068):   cut-fill => /operations/cut-fill
2026-10-02T12:27:15.5259921Z I/flutter (11068):   cut-fill-create => /operations/cut-fill/form
2026-10-02T12:27:15.5260710Z I/flutter (11068):   cut-fill-edit => /operations/cut-fill/:id/form
2026-10-02T12:27:15.5261450Z I/flutter (11068):   land-clearing => /operations/land-clearing
2026-10-02T12:27:15.5262227Z I/flutter (11068):   land-clearing-create => /operations/land-clearing/form
2026-10-02T12:27:15.5263276Z I/flutter (11068):   land-clearing-detail => /operations/land-clearing/:id
2026-10-02T12:27:15.5264145Z I/flutter (11068):   land-clearing-edit => /operations/land-clearing/:id/form
2026-10-02T12:27:15.5264991Z I/flutter (11068):   benchmark-db => /operations/benchmark-db
2026-10-02T12:27:15.5265735Z I/flutter (11068):   benchmark-form => /operations/benchmark-db/form
2026-10-02T12:27:15.5266511Z I/flutter (11068):   benchmark-detail => /operations/benchmark-db/:id
2026-10-02T12:27:15.5267505Z I/flutter (11068):   benchmark-edit => /operations/benchmark-db/:id/form
2026-10-02T12:27:15.5268160Z I/flutter (11068):   teams => /teams
2026-10-02T12:27:15.5268674Z I/flutter (11068):   attendance => /teams/attendance
2026-10-02T12:27:15.5269321Z I/flutter (11068):   attendance-form => /teams/attendance/form
2026-10-02T12:27:15.5269957Z I/flutter (11068):   daily-log => /teams/daily-log
2026-10-02T12:27:15.5270592Z I/flutter (11068):   daily-log-form => /teams/daily-log/form
2026-10-02T12:27:15.5271394Z I/flutter (11068):   daily-log-record-form => /teams/daily-log/:id/form
2026-10-02T12:27:15.5272154Z I/flutter (11068):   inventory => /teams/inventory
2026-10-02T12:27:15.5272777Z I/flutter (11068):   inventory-form => /teams/inventory/form
2026-10-02T12:27:15.5273719Z I/flutter (11068):   inventory-detail => /teams/inventory/:id
2026-10-02T12:27:15.5274460Z I/flutter (11068):   inventory-edit => /teams/inventory/:id/form
2026-10-02T12:27:15.5275184Z I/flutter (11068):   equipment-check => /teams/equipment-check
2026-10-02T12:27:15.5275935Z I/flutter (11068):   equipment-check-form => /teams/equipment-check/form
2026-10-02T12:27:15.5276763Z I/flutter (11068):   equipment-check-detail => /teams/equipment-check/:id
2026-10-02T12:27:15.5277466Z I/flutter (11068):   timeline => /teams/timeline
2026-10-02T12:27:15.5278001Z I/flutter (11068):   settings => /settings
2026-10-02T12:27:15.5278597Z I/flutter (11068):   settings-profile => /settings/profile/form
2026-10-02T12:27:15.5279265Z I/flutter (11068):   report-config => /reports/config
2026-10-02T12:27:15.5279867Z I/flutter (11068):   notifications => /notifications
2026-10-02T12:27:15.5280403Z I/flutter (11068):  
2026-10-02T12:27:15.5280975Z I/flutter (11068): [INFO] GoRouter: setting initial location /login
2026-10-02T12:27:15.5281915Z I/flutter (11068): GoRouter: INFO: setting initial location /login 
2026-10-02T12:27:15.5282678Z I/flutter (11068): [INFO] GoRouter: Using WidgetsApp configuration
2026-10-02T12:27:15.5283643Z I/flutter (11068): GoRouter: INFO: Using WidgetsApp configuration 
2026-10-02T12:27:15.5284453Z D/ProfileInstaller(11068): Installing profile for com.mineflow.mine_flow
2026-10-02T12:27:15.5285251Z D/FlutterJNI(11068): Sending viewport metrics to the engine.
2026-10-02T12:27:15.5286072Z D/EGL_emulation(11068): app_time_stats: avg=1078.35ms min=280.42ms max=1876.28ms count=2
2026-10-02T12:27:15.5287633Z D/InputMethodManager(11068): showSoftInput() view=io.flutter.embedding.android.FlutterView{c21f023 VFE...... .F....ID 0,0-1080,2337 #1 aid=1073741824} flags=0 reason=SHOW_SOFT_INPUT
2026-10-02T12:27:15.5289723Z D/InputMethodManager(11068): showSoftInput() view=io.flutter.embedding.android.FlutterView{c21f023 VFE...... .F....ID 0,0-1080,2337 #1 aid=1073741824} flags=0 reason=SHOW_SOFT_INPUT
2026-10-02T12:27:15.5291265Z D/EGL_emulation(11068): app_time_stats: avg=570.51ms min=558.90ms max=582.11ms count=2
2026-10-02T12:27:15.5292199Z D/EGL_emulation(11068): app_time_stats: avg=291.02ms min=119.64ms max=710.27ms count=4
2026-10-02T12:27:15.5293925Z D/InputMethodManager(11068): showSoftInput() view=io.flutter.embedding.android.FlutterView{c21f023 VFE...... .F...... 0,0-1080,2337 #1 aid=1073741824} flags=0 reason=SHOW_SOFT_INPUT
2026-10-02T12:27:15.5296218Z D/InputMethodManager(11068): showSoftInput() view=io.flutter.embedding.android.FlutterView{c21f023 VFE...... .F...... 0,0-1080,2337 #1 aid=1073741824} flags=0 reason=SHOW_SOFT_INPUT
2026-10-02T12:27:15.5297849Z I/AssistStructure(11068): Flattened final assist data: 416 bytes, containing 1 windows, 3 views
2026-10-02T12:27:15.5298882Z D/InsetsController(11068): show(ime(), fromIme=true)
2026-10-02T12:27:15.5299577Z D/FlutterJNI(11068): Sending viewport metrics to the engine.
2026-10-02T12:27:15.5300366Z D/FlutterJNI(11068): Sending viewport metrics to the engine.
2026-10-02T12:27:15.5301358Z D/FlutterJNI(11068): Sending viewport metrics to the engine.
2026-10-02T12:27:15.5302135Z D/InsetsController(11068): show(ime(), fromIme=true)
2026-10-02T12:27:15.5303270Z D/InsetsController(11068): show(ime(), fromIme=true)
2026-10-02T12:27:15.5303924Z D/InsetsController(11068): show(ime(), fromIme=true)
2026-10-02T12:27:15.5304554Z D/InsetsController(11068): show(ime(), fromIme=true)
2026-10-02T12:27:15.5305318Z D/FlutterJNI(11068): Sending viewport metrics to the engine.
2026-10-02T12:27:15.5306147Z D/FlutterJNI(11068): Sending viewport metrics to the engine.
2026-10-02T12:27:15.5306867Z D/FlutterJNI(11068): Sending viewport metrics to the engine.
2026-10-02T12:27:15.5307512Z D/EGL_emulation(11068): app_time_stats: avg=338.55ms min=61.80ms max=494.70ms count=3
2026-10-02T12:27:15.5308108Z VMServiceFlutterDriver: request_data message is taking a long time to complete...
2026-10-02T12:27:15.5308708Z D/EGL_emulation(11068): app_time_stats: avg=217.92ms min=122.75ms max=363.44ms count=5
2026-10-02T12:27:15.5309210Z I/flutter (11068): [FINE] supabase.auth: Saving session
2026-10-02T12:27:15.5316064Z I/flutter (11068): [FINEST] supabase.auth: Saving session: Session(providerToken: <redacted>, providerRefreshToken: <redacted>, expiresIn: 3600, tokenType: bearer, user: User(id: cb041494-fccd-493b-b73b-50e952366ea8, appMetadata: {provider: email, providers: [email]}, userMetadata: {email_verified: true}, aud: authenticated, confirmationSentAt: null, recoverySentAt: null, emailChangeSentAt: null, newEmail: null, invitedAt: null, actionLink: null, email: ***, phone: , createdAt: 2026-08-29T08:04:41.039217Z, confirmedAt: 2026-08-29T08:04:41.068013Z, emailConfirmedAt: 2026-08-29T08:04:41.068013Z, phoneConfirmedAt: null, lastSignInAt: 2026-10-02T12:24:46.554071542Z, role: authenticated, updatedAt: 2026-10-02T12:24:46.613753Z, identities: [UserIdentity(id: cb041494-fccd-493b-b73b-50e952366ea8, userId: cb041494-fccd-493b-b73b-50e952366ea8, identityData: {email: ***, email_verified: false, phone_verified: false, sub: cb041494-fccd-493b-b73b-50e952366ea8}, identityId: 8d3c9ac0-0cb4-431a-ba43-538
2026-10-02T12:27:15.5328376Z I/flutter (11068): [FINEST] supabase.auth: onAuthStateChange: AuthState(event: signedIn, session: Session(providerToken: <redacted>, providerRefreshToken: <redacted>, expiresIn: 3600, tokenType: bearer, user: User(id: cb041494-fccd-493b-b73b-50e952366ea8, appMetadata: {provider: email, providers: [email]}, userMetadata: {email_verified: true}, aud: authenticated, confirmationSentAt: null, recoverySentAt: null, emailChangeSentAt: null, newEmail: null, invitedAt: null, actionLink: null, email: ***, phone: , createdAt: 2026-08-29T08:04:41.039217Z, confirmedAt: 2026-08-29T08:04:41.068013Z, emailConfirmedAt: 2026-08-29T08:04:41.068013Z, phoneConfirmedAt: null, lastSignInAt: 2026-10-02T12:24:46.554071542Z, role: authenticated, updatedAt: 2026-10-02T12:24:46.613753Z, identities: [UserIdentity(id: cb041494-fccd-493b-b73b-50e952366ea8, userId: cb041494-fccd-493b-b73b-50e952366ea8, identityData: {email: ***, email_verified: false, phone_verified: false, sub: cb041494-fccd-493b-b73b-50e952366ea8}, 
2026-10-02T12:27:15.5335090Z D/EGL_emulation(11068): app_time_stats: avg=103.26ms min=16.57ms max=174.92ms count=11
2026-10-02T12:27:15.5336674Z I/flutter (11068): [FINEST] supabase.postgrest: Request: GET ***/rest/v1/users?select=%2A&id=eq.cb041494-fccd-493b-b73b-50e952366ea8
2026-10-02T12:27:15.5338589Z I/flutter (11068): [INFO] GoRouter: redirecting to RouteMatchList#e5c42(uri: /privacy-gate, matches: [RouteMatch#eba5e(route: GoRoute#14c02(name: "privacy-gate", path: "/privacy-gate"))])
2026-10-02T12:27:15.5340807Z I/flutter (11068): GoRouter: INFO: redirecting to RouteMatchList#e5c42(uri: /privacy-gate, matches: [RouteMatch#eba5e(route: GoRoute#14c02(name: "privacy-gate", path: "/privacy-gate"))]) 
2026-10-02T12:27:15.5342228Z I/flutter (11068): [INFO] GoRouter: going to /
2026-10-02T12:27:15.5342813Z I/flutter (11068): GoRouter: INFO: going to / 
2026-10-02T12:27:15.5343778Z I/flutter (11068): [INFO] GoRouter: Using WidgetsApp configuration
2026-10-02T12:27:15.5344601Z I/flutter (11068): GoRouter: INFO: Using WidgetsApp configuration 
2026-10-02T12:27:15.5346390Z I/flutter (11068): [FINEST] supabase.postgrest: Request: GET ***/rest/v1/attendance_records?select=%2A%2Cusers%21attendance_records_user_id_fkey%28name%29&deleted_at=is.null
2026-10-02T12:27:15.5348742Z I/flutter (11068): [FINEST] supabase.postgrest: Request: GET ***/rest/v1/equipment_checks?select=%2A&deleted_at=is.null
2026-10-02T12:27:15.5349892Z I/flutter (11068): [FINE] SyncQueueManager: No pending sync items to process.
2026-10-02T12:27:15.5351294Z I/flutter (11068): [FINEST] supabase.postgrest: Request: GET ***/rest/v1/cut_fill_records?select=%2A&deleted_at=is.null
2026-10-02T12:27:15.5352472Z D/EGL_emulation(11068): app_time_stats: avg=162.66ms min=110.22ms max=387.52ms count=8
2026-10-02T12:27:15.5354376Z I/flutter (11068): [FINEST] supabase.postgrest: Request: GET ***/rest/v1/land_clearing_records?select=%2A&deleted_at=is.null
2026-10-02T12:27:15.5355401Z I/flutter (11068): [INFO] GoRouter: going to /
2026-10-02T12:27:15.5355953Z I/flutter (11068): GoRouter: INFO: going to / 
2026-10-02T12:27:15.5357245Z I/flutter (11068): [FINEST] supabase.postgrest: Request: GET ***/rest/v1/inventory_items?select=%2A&deleted_at=is.null
2026-10-02T12:27:15.5358462Z D/EGL_emulation(11068): app_time_stats: avg=1978.11ms min=59.23ms max=3897.00ms count=2
2026-10-02T12:27:15.5359313Z I/flutter (11068): [INFO] GoRouter: going to /teams/daily-log
2026-10-02T12:27:15.5360007Z I/flutter (11068): GoRouter: INFO: going to /teams/daily-log 
2026-10-02T12:27:15.5360811Z I/flutter (11068): [INFO] GoRouter: Using WidgetsApp configuration
2026-10-02T12:27:15.5361586Z I/flutter (11068): GoRouter: INFO: Using WidgetsApp configuration 
2026-10-02T12:27:15.5363594Z I/flutter (11068): [FINEST] supabase.postgrest: Request: GET ***/rest/v1/users?select=%2A&deleted_at=is.null&is_active=eq.true&site_id=eq.f47ac10b-58cc-4372-a567-0e02b2c3d479&order=name.asc.nullslast
2026-10-02T12:27:15.5365489Z W/OnBackInvokedCallback(11068): OnBackInvokedCallback is not enabled for the application.
2026-10-02T12:27:15.5366728Z W/OnBackInvokedCallback(11068): Set 'android:enableOnBackInvokedCallback="true"' in the application manifest.
2026-10-02T12:27:15.5368376Z I/flutter (11068): [FINEST] supabase.postgrest: Request: GET ***/rest/v1/daily_logs?select=%2A&deleted_at=is.null
2026-10-02T12:27:15.5369456Z I/flutter (11068): [FINER] supabase.auth: Access token expires in 359 ticks
2026-10-02T12:27:15.5370629Z I/flutter (11068): Warning: takeScreenshot(android-daily-log-phone-light-id) timed out after 5s
2026-10-02T12:27:15.5371690Z I/flutter (11068): [INFO] GoRouter: going to /teams/daily-log/form
2026-10-02T12:27:15.5372518Z I/flutter (11068): GoRouter: INFO: going to /teams/daily-log/form 
2026-10-02T12:27:15.5374258Z I/flutter (11068): [FINEST] supabase.postgrest: Request: GET ***/rest/v1/daily_logs?select=%2A&deleted_at=is.null
2026-10-02T12:27:15.5375449Z I/flutter (11068): [FINER] supabase.auth: Access token expires in 358 ticks
2026-10-02T12:27:15.5376622Z I/flutter (11068): Warning: takeScreenshot(android-daily-log-form-phone-light-id) timed out after 5s
2026-10-02T12:27:15.5377722Z I/flutter (11068): [INFO] GoRouter: going to /operations
2026-10-02T12:27:15.5378439Z I/flutter (11068): GoRouter: INFO: going to /operations 
2026-10-02T12:27:15.5379235Z I/flutter (11068): [INFO] GoRouter: Using WidgetsApp configuration
2026-10-02T12:27:15.5379996Z I/flutter (11068): GoRouter: INFO: Using WidgetsApp configuration 
2026-10-02T12:27:15.5380944Z I/flutter (11068): Warning: takeScreenshot(android-operations-phone-light-id) timed out after 5s
2026-10-02T12:27:15.5381873Z I/flutter (11068): [INFO] GoRouter: going to /teams
2026-10-02T12:27:15.5382531Z I/flutter (11068): GoRouter: INFO: going to /teams 
2026-10-02T12:27:15.5383507Z I/flutter (11068): [INFO] GoRouter: going to /teams/daily-log
2026-10-02T12:27:15.5384281Z I/flutter (11068): GoRouter: INFO: going to /teams/daily-log 
2026-10-02T12:27:15.5386176Z I/flutter (11068): [FINEST] supabase.postgrest: Request: GET ***/rest/v1/users?select=%2A&deleted_at=is.null&is_active=eq.true&site_id=eq.f47ac10b-58cc-4372-a567-0e02b2c3d479&order=name.asc.nullslast
2026-10-02T12:27:15.5388264Z W/OnBackInvokedCallback(11068): OnBackInvokedCallback is not enabled for the application.
2026-10-02T12:27:15.5389517Z W/OnBackInvokedCallback(11068): Set 'android:enableOnBackInvokedCallback="true"' in the application manifest.
2026-10-02T12:27:15.5391216Z I/flutter (11068): [FINEST] supabase.postgrest: Request: GET ***/rest/v1/daily_logs?select=%2A&deleted_at=is.null
2026-10-02T12:27:15.5392330Z I/flutter (11068): [FINER] supabase.auth: Access token expires in 357 ticks
2026-10-02T12:27:15.5393552Z I/flutter (11068): Warning: takeScreenshot(android-teams-phone-light-id) timed out after 5s
2026-10-02T12:27:15.5394410Z I/flutter (11068): [INFO] GoRouter: going to /tools
2026-10-02T12:27:15.5395031Z I/flutter (11068): GoRouter: INFO: going to /tools 
2026-10-02T12:27:15.5395706Z I/flutter (11068): [INFO] GoRouter: Using WidgetsApp configuration
2026-10-02T12:27:15.5396470Z I/flutter (11068): GoRouter: INFO: Using WidgetsApp configuration 
2026-10-02T12:27:15.5397384Z I/flutter (11068): Warning: takeScreenshot(android-tools-phone-light-id) timed out after 5s
2026-10-02T12:27:15.5398380Z I/flutter (11068): [FINER] supabase.auth: Access token expires in 356 ticks
2026-10-02T12:27:15.5399214Z I/flutter (11068): [INFO] GoRouter: going to /
2026-10-02T12:27:15.5399824Z I/flutter (11068): GoRouter: INFO: going to / 
2026-10-02T12:27:15.5400775Z I/flutter (11068): Warning: takeScreenshot(android-dashboard-phone-light-en) timed out after 5s
2026-10-02T12:27:15.5401830Z I/flutter (11068): [INFO] GoRouter: going to /teams/daily-log
2026-10-02T12:27:15.5402651Z I/flutter (11068): GoRouter: INFO: going to /teams/daily-log 
2026-10-02T12:27:15.5403776Z I/flutter (11068): [FINER] supabase.auth: Access token expires in 355 ticks
2026-10-02T12:27:15.5405123Z I/flutter (11068): Warning: takeScreenshot(android-daily-log-phone-light-en) timed out after 5s
2026-10-02T12:27:15.5406185Z I/flutter (11068): [INFO] GoRouter: going to /teams/daily-log/form
2026-10-02T12:27:15.5407032Z I/flutter (11068): GoRouter: INFO: going to /teams/daily-log/form 
2026-10-02T12:27:15.5408352Z I/flutter (11068): [FINEST] supabase.postgrest: Request: GET ***/rest/v1/daily_logs?select=%2A&deleted_at=is.null
2026-10-02T12:27:15.5409581Z I/flutter (11068): Warning: takeScreenshot(android-daily-log-form-phone-light-en) timed out after 5s
2026-10-02T12:27:15.5410490Z I/flutter (11068): [INFO] GoRouter: going to /operations
2026-10-02T12:27:15.5411173Z I/flutter (11068): GoRouter: INFO: going to /operations 
2026-10-02T12:27:15.5411957Z I/flutter (11068): [FINER] supabase.auth: Access token expires in 354 ticks
2026-10-02T12:27:15.5413284Z I/flutter (11068): Warning: takeScreenshot(android-operations-phone-light-en) timed out after 5s
2026-10-02T12:27:15.5414247Z I/flutter (11068): [INFO] GoRouter: going to /teams
2026-10-02T12:27:15.5414967Z I/flutter (11068): GoRouter: INFO: going to /teams 
2026-10-02T12:27:15.5415519Z I/flutter (11068): [INFO] GoRouter: going to /teams/daily-log
2026-10-02T12:27:15.5415952Z I/flutter (11068): GoRouter: INFO: going to /teams/daily-log 
2026-10-02T12:27:15.5417047Z I/flutter (11068): [FINEST] supabase.postgrest: Request: GET ***/rest/v1/users?select=%2A&deleted_at=is.null&is_active=eq.true&site_id=eq.f47ac10b-58cc-4372-a567-0e02b2c3d479&order=name.asc.nullslast
2026-10-02T12:27:15.5418068Z W/OnBackInvokedCallback(11068): OnBackInvokedCallback is not enabled for the application.
2026-10-02T12:27:15.5418791Z W/OnBackInvokedCallback(11068): Set 'android:enableOnBackInvokedCallback="true"' in the application manifest.
2026-10-02T12:27:15.5419750Z I/flutter (11068): [FINEST] supabase.postgrest: Request: GET ***/rest/v1/daily_logs?select=%2A&deleted_at=is.null
2026-10-02T12:27:15.5420400Z I/flutter (11068): [FINER] supabase.auth: Access token expires in 353 ticks
2026-10-02T12:27:15.5421002Z I/flutter (11068): Warning: takeScreenshot(android-teams-phone-light-en) timed out after 5s
2026-10-02T12:27:15.5421518Z I/flutter (11068): [INFO] GoRouter: going to /tools
2026-10-02T12:27:15.5422075Z I/flutter (11068): GoRouter: INFO: going to /tools 
2026-10-02T12:27:15.5422563Z I/flutter (11068): Warning: takeScreenshot(android-tools-phone-light-en) timed out after 5s
2026-10-02T12:27:15.5423671Z D/FlutterJNI(11068): Sending viewport metrics to the engine.
2026-10-02T12:27:15.5424435Z I/flutter (11068): [INFO] GoRouter: going to /
2026-10-02T12:27:15.5425071Z I/flutter (11068): GoRouter: INFO: going to / 
2026-10-02T12:27:15.5425846Z I/flutter (11068): [FINER] supabase.auth: Access token expires in 352 ticks
2026-10-02T12:27:15.5426916Z I/flutter (11068): Warning: takeScreenshot(android-dashboard-phone-dark-id) timed out after 5s
2026-10-02T12:27:15.5427744Z I/flutter (11068): [INFO] GoRouter: going to /teams/daily-log
2026-10-02T12:27:15.5428168Z I/flutter (11068): GoRouter: INFO: going to /teams/daily-log 
2026-10-02T12:27:15.5428630Z I/flutter (11068): [FINER] supabase.auth: Access token expires in 351 ticks
2026-10-02T12:27:15.5429211Z I/flutter (11068): Warning: takeScreenshot(android-daily-log-phone-dark-id) timed out after 5s
2026-10-02T12:27:15.5429773Z I/flutter (11068): [INFO] GoRouter: going to /teams/daily-log/form
2026-10-02T12:27:15.5430219Z I/flutter (11068): GoRouter: INFO: going to /teams/daily-log/form 
2026-10-02T12:27:15.5431011Z I/flutter (11068): [FINEST] supabase.postgrest: Request: GET ***/rest/v1/daily_logs?select=%2A&deleted_at=is.null
2026-10-02T12:27:15.5431753Z I/flutter (11068): Warning: takeScreenshot(android-daily-log-form-phone-dark-id) timed out after 5s
2026-10-02T12:27:15.5432305Z I/flutter (11068): [INFO] GoRouter: going to /operations
2026-10-02T12:27:15.5432698Z I/flutter (11068): GoRouter: INFO: going to /operations 
2026-10-02T12:27:15.5433463Z I/flutter (11068): [FINER] supabase.auth: Access token expires in 350 ticks
2026-10-02T12:27:15.5434266Z I/flutter (11068): Warning: takeScreenshot(android-operations-phone-dark-id) timed out after 5s
2026-10-02T12:27:15.5434805Z I/flutter (11068): [INFO] GoRouter: going to /teams
2026-10-02T12:27:15.5435159Z I/flutter (11068): GoRouter: INFO: going to /teams 
2026-10-02T12:27:15.5435549Z I/flutter (11068): [INFO] GoRouter: going to /teams/daily-log
2026-10-02T12:27:15.5435968Z I/flutter (11068): GoRouter: INFO: going to /teams/daily-log 
2026-10-02T12:27:15.5437023Z I/flutter (11068): [FINEST] supabase.postgrest: Request: GET ***/rest/v1/users?select=%2A&deleted_at=is.null&is_active=eq.true&site_id=eq.f47ac10b-58cc-4372-a567-0e02b2c3d479&order=name.asc.nullslast
2026-10-02T12:27:15.5438011Z W/OnBackInvokedCallback(11068): OnBackInvokedCallback is not enabled for the application.
2026-10-02T12:27:15.5439406Z W/OnBackInvokedCallback(11068): Set 'android:enableOnBackInvokedCallback="true"' in the application manifest.
2026-10-02T12:27:15.5440486Z I/flutter (11068): [FINEST] supabase.postgrest: Request: GET ***/rest/v1/daily_logs?select=%2A&deleted_at=is.null
2026-10-02T12:27:15.5441548Z I/flutter (11068): Warning: takeScreenshot(android-teams-phone-dark-id) timed out after 5s
2026-10-02T12:27:15.5442382Z I/flutter (11068): [INFO] GoRouter: going to /tools
2026-10-02T12:27:15.5443174Z I/flutter (11068): GoRouter: INFO: going to /tools 
2026-10-02T12:27:15.5443906Z I/flutter (11068): [FINER] supabase.auth: Access token expires in 349 ticks
2026-10-02T12:27:15.5444847Z I/flutter (11068): Warning: takeScreenshot(android-tools-phone-dark-id) timed out after 5s
2026-10-02T12:27:15.5445649Z I/flutter (11068): [INFO] GoRouter: going to /
2026-10-02T12:27:15.5446191Z I/flutter (11068): GoRouter: INFO: going to / 
2026-10-02T12:27:15.5446938Z I/flutter (11068): [FINER] supabase.auth: Access token expires in 348 ticks
2026-10-02T12:27:15.5447936Z I/flutter (11068): Warning: takeScreenshot(android-dashboard-phone-dark-en) timed out after 5s
2026-10-02T12:27:15.5448868Z I/flutter (11068): [INFO] GoRouter: going to /teams/daily-log
2026-10-02T12:27:15.5449578Z I/flutter (11068): GoRouter: INFO: going to /teams/daily-log 
2026-10-02T12:27:15.5450464Z I/flutter (11068): Warning: takeScreenshot(android-daily-log-phone-dark-en) timed out after 5s
2026-10-02T12:27:15.5451689Z I/flutter (11068): [INFO] GoRouter: going to /teams/daily-log/form
2026-10-02T12:27:15.5452479Z I/flutter (11068): GoRouter: INFO: going to /teams/daily-log/form 
2026-10-02T12:27:15.5454085Z I/flutter (11068): [FINEST] supabase.postgrest: Request: GET ***/rest/v1/daily_logs?select=%2A&deleted_at=is.null
2026-10-02T12:27:15.5455228Z I/flutter (11068): [FINER] supabase.auth: Access token expires in 347 ticks
2026-10-02T12:27:15.5456257Z I/flutter (11068): Warning: takeScreenshot(android-daily-log-form-phone-dark-en) timed out after 5s
2026-10-02T12:27:15.5457191Z I/flutter (11068): [INFO] GoRouter: going to /operations
2026-10-02T12:27:15.5457831Z I/flutter (11068): GoRouter: INFO: going to /operations 
2026-10-02T12:27:15.5458712Z I/flutter (11068): Warning: takeScreenshot(android-operations-phone-dark-en) timed out after 5s
2026-10-02T12:27:15.5459594Z I/flutter (11068): [INFO] GoRouter: going to /teams
2026-10-02T12:27:15.5460173Z I/flutter (11068): GoRouter: INFO: going to /teams 
2026-10-02T12:27:15.5460813Z I/flutter (11068): [INFO] GoRouter: going to /teams/daily-log
2026-10-02T12:27:15.5461496Z I/flutter (11068): GoRouter: INFO: going to /teams/daily-log 
2026-10-02T12:27:15.5462258Z I/flutter (11068): [FINER] supabase.auth: Access token expires in 346 ticks
2026-10-02T12:27:15.5464859Z I/flutter (11068): [FINEST] supabase.postgrest: Request: GET ***/rest/v1/users?select=%2A&deleted_at=is.null&is_active=eq.true&site_id=eq.f47ac10b-58cc-4372-a567-0e02b2c3d479&order=name.asc.nullslast
2026-10-02T12:27:15.5466555Z W/OnBackInvokedCallback(11068): OnBackInvokedCallback is not enabled for the application.
2026-10-02T12:27:15.5467945Z W/OnBackInvokedCallback(11068): Set 'android:enableOnBackInvokedCallback="true"' in the application manifest.
2026-10-02T12:27:15.5469767Z I/flutter (11068): [FINEST] supabase.postgrest: Request: GET ***/rest/v1/daily_logs?select=%2A&deleted_at=is.null
2026-10-02T12:27:15.5470974Z I/flutter (11068): Warning: takeScreenshot(android-teams-phone-dark-en) timed out after 5s
2026-10-02T12:27:15.5471832Z I/flutter (11068): [INFO] GoRouter: going to /tools
2026-10-02T12:27:15.5472411Z I/flutter (11068): GoRouter: INFO: going to /tools 
2026-10-02T12:27:15.5473375Z I/flutter (11068): [FINER] supabase.auth: Access token expires in 345 ticks
2026-10-02T12:27:15.5474347Z I/flutter (11068): Warning: takeScreenshot(android-tools-phone-dark-en) timed out after 5s
2026-10-02T12:27:15.5475902Z I/flutter (11068): ══╡ EXCEPTION CAUGHT BY FLUTTER TEST FRAMEWORK ╞════════════════════════════════════════════════════
2026-10-02T12:27:15.5476977Z I/flutter (11068): The following TestFailure was thrown running a test:
2026-10-02T12:27:15.5477643Z I/flutter (11068): Expected: empty
2026-10-02T12:27:15.5478105Z I/flutter (11068):   Actual: Set:[
2026-10-02T12:27:15.5478678Z I/flutter (11068):             'android-daily-log-phone-light-id',
2026-10-02T12:27:15.5479463Z I/flutter (11068):             'android-daily-log-form-phone-light-id',
2026-10-02T12:27:15.5480228Z I/flutter (11068):             'android-operations-phone-light-id',
2026-10-02T12:27:15.5481041Z I/flutter (11068):             'android-teams-phone-light-id',
2026-10-02T12:27:15.5481745Z I/flutter (11068):             'android-tools-phone-light-id',
2026-10-02T12:27:15.5482456Z I/flutter (11068):             'android-dashboard-phone-light-en',
2026-10-02T12:27:15.5483427Z I/flutter (11068):             'android-daily-log-phone-light-en',
2026-10-02T12:27:15.5484180Z I/flutter (11068):             'android-daily-log-form-phone-light-en',
2026-10-02T12:27:15.5484948Z I/flutter (11068):             'android-operations-phone-light-en',
2026-10-02T12:27:15.5485668Z I/flutter (11068):             'android-teams-phone-light-en',
2026-10-02T12:27:15.5486369Z I/flutter (11068):             'android-tools-phone-light-en',
2026-10-02T12:27:15.5487144Z I/flutter (11068):             'android-dashboard-phone-dark-id',
2026-10-02T12:27:15.5487901Z I/flutter (11068):             'android-daily-log-phone-dark-id',
2026-10-02T12:27:15.5488868Z I/flutter (11068):             'android-daily-log-form-phone-dark-id',
2026-10-02T12:27:15.5489745Z I/flutter (11068):             'android-operations-phone-dark-id',
2026-10-02T12:27:15.5490500Z I/flutter (11068):             'android-teams-phone-dark-id',
2026-10-02T12:27:15.5491309Z I/flutter (11068):             'android-tools-phone-dark-id',
2026-10-02T12:27:15.5492099Z I/flutter (11068):             'android-dashboard-phone-dark-en',
2026-10-02T12:27:15.5492850Z I/flutter (11068):             'android-daily-log-phone-dark-en',
2026-10-02T12:27:15.5493990Z I/flutter (11068):             'android-daily-log-form-phone-dark-en',
2026-10-02T12:27:15.5494812Z I/flutter (11068):             'android-operations-phone-dark-en',
2026-10-02T12:27:15.5495583Z I/flutter (11068):             'android-teams-phone-dark-en',
2026-10-02T12:27:15.5496385Z I/flutter (11068):             'android-tools-phone-dark-en'
2026-10-02T12:27:15.5497101Z I/flutter (11068):           ]
2026-10-02T12:27:15.5497825Z I/flutter (11068): All 25 matrix cells must produce valid screenshots on android- (missing:
2026-10-02T12:27:15.5499116Z I/flutter (11068): android-daily-log-phone-light-id, android-daily-log-form-phone-light-id,
2026-10-02T12:27:15.5500435Z I/flutter (11068): android-operations-phone-light-id, android-teams-phone-light-id, android-tools-phone-light-id,
2026-10-02T12:27:15.5501693Z I/flutter (11068): android-dashboard-phone-light-en, android-daily-log-phone-light-en,
2026-10-02T12:27:15.5502800Z I/flutter (11068): android-daily-log-form-phone-light-en, android-operations-phone-light-en,
2026-10-02T12:27:15.5504329Z I/flutter (11068): android-teams-phone-light-en, android-tools-phone-light-en, android-dashboard-phone-dark-id,
2026-10-02T12:27:15.5505618Z I/flutter (11068): android-daily-log-phone-dark-id, android-daily-log-form-phone-dark-id,
2026-10-02T12:27:15.5507087Z I/flutter (11068): android-operations-phone-dark-id, android-teams-phone-dark-id, android-tools-phone-dark-id,
2026-10-02T12:27:15.5508297Z I/flutter (11068): android-dashboard-phone-dark-en, android-daily-log-phone-dark-en,
2026-10-02T12:27:15.5509579Z I/flutter (11068): android-daily-log-form-phone-dark-en, android-operations-phone-dark-en, android-teams-phone-dark-en,
2026-10-02T12:27:15.5510642Z I/flutter (11068): android-tools-phone-dark-en)
2026-10-02T12:27:15.5511162Z I/flutter (11068): 
2026-10-02T12:27:15.5511693Z I/flutter (11068): When the exception was thrown, this was the stack:
2026-10-02T12:27:15.5513251Z I/flutter (11068): #4      main.<anonymous closure> (file:///home/runner/work/mine-flow-app/mine-flow-app/integration_test/design_review_capture_test.dart:208:5)
2026-10-02T12:27:15.5514555Z I/flutter (11068): <asynchronous suspension>
2026-10-02T12:27:15.5515569Z I/flutter (11068): #5      testWidgets.<anonymous closure>.<anonymous closure> (package:flutter_test/src/widget_tester.dart:192:15)
2026-10-02T12:27:15.5516597Z I/flutter (11068): <asynchronous suspension>
2026-10-02T12:27:15.5517501Z I/flutter (11068): #6      TestWidgetsFlutterBinding._runTestBody (package:flutter_test/src/binding.dart:1953:5)
2026-10-02T12:27:15.5518494Z I/flutter (11068): <asynchronous suspension>
2026-10-02T12:27:15.5519660Z I/flutter (11068): #7      TestWidgetsFlutterBinding._createTestCompletionHandler.<anonymous closure> (package:flutter_test/src/binding.dart:1707:12)
2026-10-02T12:27:15.5520920Z I/flutter (11068): <asynchronous suspension>
2026-10-02T12:27:15.5521407Z I/flutter (11068): 
2026-10-02T12:27:15.5521996Z I/flutter (11068): This was caught by the test expectation on the following line:
2026-10-02T12:27:15.5523435Z I/flutter (11068):   file:///home/runner/work/mine-flow-app/mine-flow-app/integration_test/design_review_capture_test.dart line 208
2026-10-02T12:27:15.5524526Z I/flutter (11068): The test description was:
2026-10-02T12:27:15.5525088Z I/flutter (11068):   Design Review Capture - Matrix
2026-10-02T12:27:15.5526235Z I/flutter (11068): ════════════════════════════════════════════════════════════════════════════════════════════════════
2026-10-02T12:27:15.5527461Z I/flutter (11068): 02:34 +0: Design Review Capture - Matrix [E]
2026-10-02T12:27:15.5528156Z I/flutter (11068):   Test failed. See exception logs above.
2026-10-02T12:27:15.5528923Z I/flutter (11068):   The test description was: Design Review Capture - Matrix
2026-10-02T12:27:15.5529625Z I/flutter (11068):   
2026-10-02T12:27:15.5530405Z I/Choreographer(11068): Skipped 55 frames!  The application may be doing too much work on its main thread.
2026-10-02T12:27:15.5531544Z D/EGL_emulation(11068): app_time_stats: avg=145212.97ms min=145212.97ms max=145212.97ms count=1
2026-10-02T12:27:15.5532350Z I/flutter (11068): 02:34 +0 -1: (tearDownAll)
2026-10-02T12:27:15.5537235Z I/OpenGLRenderer(11068): Davey! duration=929ms; Flags=0, FrameTimelineVsyncId=138467, IntendedVsync=1614619387183, Vsync=1615536053813, InputEventId=0, HandleInputStart=1615542718178, AnimationStart=1615542719541, PerformTraversalsStart=1615542765787, DrawStart=1615543216278, FrameDeadline=1614636053849, FrameInterval=1615542624785, FrameStartTime=16666666, SyncQueued=1615543501009, SyncStart=1615543519073, IssueDrawCommandsStart=1615543556644, SwapBuffers=1615544257923, FrameCompleted=1615548499111, DequeueBufferDuration=3878, QueueBufferDuration=414274, GpuCompleted=1615548383255, SwapBuffersCompleted=1615548499111, DisplayPresentTime=0, CommandSubmissionCompleted=1615544257923, 
2026-10-02T12:27:15.5541950Z I/flutter (11068): 02:34 +1 -1: Some tests failed.
2026-10-02T12:27:15.5542841Z [driver] Saved screenshot: screenshots/android-login-phone-light-en.png (67183 bytes)
2026-10-02T12:27:15.5544294Z [driver] Saved screenshot: screenshots/android-dashboard-phone-light-id.png (131059 bytes)
2026-10-02T12:27:15.5545123Z Failure Details:
2026-10-02T12:27:15.5545580Z Failure in method: Design Review Capture - Matrix
2026-10-02T12:27:15.5546662Z ══╡ EXCEPTION CAUGHT BY FLUTTER TEST FRAMEWORK ╞═════════════════
2026-10-02T12:27:15.5547394Z The following TestFailure was thrown running a test:
2026-10-02T12:27:15.5547978Z Expected: empty
2026-10-02T12:27:15.5548355Z   Actual: Set:[
2026-10-02T12:27:15.5548767Z             'android-daily-log-phone-light-id',
2026-10-02T12:27:15.5549368Z             'android-daily-log-form-phone-light-id',
2026-10-02T12:27:15.5549971Z             'android-operations-phone-light-id',
2026-10-02T12:27:15.5550541Z             'android-teams-phone-light-id',
2026-10-02T12:27:15.5551070Z             'android-tools-phone-light-id',
2026-10-02T12:27:15.5551615Z             'android-dashboard-phone-light-en',
2026-10-02T12:27:15.5552178Z             'android-daily-log-phone-light-en',
2026-10-02T12:27:15.5552759Z             'android-daily-log-form-phone-light-en',
2026-10-02T12:27:15.5553601Z             'android-operations-phone-light-en',
2026-10-02T12:27:15.5554172Z             'android-teams-phone-light-en',
2026-10-02T12:27:15.5554766Z             'android-tools-phone-light-en',
2026-10-02T12:27:15.5555349Z             'android-dashboard-phone-dark-id',
2026-10-02T12:27:15.5555922Z             'android-daily-log-phone-dark-id',
2026-10-02T12:27:15.5556559Z             'android-daily-log-form-phone-dark-id',
2026-10-02T12:27:15.5557154Z             'android-operations-phone-dark-id',
2026-10-02T12:27:15.5557709Z             'android-teams-phone-dark-id',
2026-10-02T12:27:15.5558225Z             'android-tools-phone-dark-id',
2026-10-02T12:27:15.5558764Z             'android-dashboard-phone-dark-en',
2026-10-02T12:27:15.5559319Z             'android-daily-log-phone-dark-en',
2026-10-02T12:27:15.5559891Z             'android-daily-log-form-phone-dark-en',
2026-10-02T12:27:15.5560484Z             'android-operations-phone-dark-en',
2026-10-02T12:27:15.5561086Z             'android-teams-phone-dark-en',
2026-10-02T12:27:15.5561608Z             'android-tools-phone-dark-en'
2026-10-02T12:27:15.5562085Z           ]
2026-10-02T12:27:15.5562565Z All 25 matrix cells must produce valid screenshots on android-
2026-10-02T12:27:15.5563574Z (missing: android-daily-log-phone-light-id,
2026-10-02T12:27:15.5564164Z android-daily-log-form-phone-light-id,
2026-10-02T12:27:15.5565085Z android-operations-phone-light-id, android-teams-phone-light-id,
2026-10-02T12:27:15.5565983Z android-tools-phone-light-id, android-dashboard-phone-light-en,
2026-10-02T12:27:15.5566698Z android-daily-log-phone-light-en,
2026-10-02T12:27:15.5567218Z android-daily-log-form-phone-light-en,
2026-10-02T12:27:15.5567906Z android-operations-phone-light-en, android-teams-phone-light-en,
2026-10-02T12:27:15.5568812Z android-tools-phone-light-en, android-dashboard-phone-dark-id,
2026-10-02T12:27:15.5569519Z android-daily-log-phone-dark-id,
2026-10-02T12:27:15.5570057Z android-daily-log-form-phone-dark-id,
2026-10-02T12:27:15.5570724Z android-operations-phone-dark-id, android-teams-phone-dark-id,
2026-10-02T12:27:15.5571602Z android-tools-phone-dark-id, android-dashboard-phone-dark-en,
2026-10-02T12:27:15.5572353Z android-daily-log-phone-dark-en,
2026-10-02T12:27:15.5572837Z android-daily-log-form-phone-dark-en,
2026-10-02T12:27:15.5573864Z android-operations-phone-dark-en, android-teams-phone-dark-en,
2026-10-02T12:27:15.5574522Z android-tools-phone-dark-en)
2026-10-02T12:27:15.5574824Z 
2026-10-02T12:27:15.5575061Z When the exception was thrown, this was the stack:
2026-10-02T12:27:15.5576238Z #4      main.<anonymous closure> (file:///home/runner/work/mine-flow-app/mine-flow-app/integration_test/design_review_capture_test.dart:208:5)
2026-10-02T12:27:15.5577420Z <asynchronous suspension>
2026-10-02T12:27:15.5578423Z #5      testWidgets.<anonymous closure>.<anonymous closure> (package:flutter_test/src/widget_tester.dart:192:15)
2026-10-02T12:27:15.5579488Z <asynchronous suspension>
2026-10-02T12:27:15.5580251Z #6      TestWidgetsFlutterBinding._runTestBody (package:flutter_test/src/binding.dart:1953:5)
2026-10-02T12:27:15.5581088Z <asynchronous suspension>
2026-10-02T12:27:15.5582502Z #7      TestWidgetsFlutterBinding._createTestCompletionHandler.<anonymous closure> (package:flutter_test/src/binding.dart:1707:12)
2026-10-02T12:27:15.5583958Z <asynchronous suspension>
2026-10-02T12:27:15.5584249Z 
2026-10-02T12:27:15.5584549Z This was caught by the test expectation on the following line:
2026-10-02T12:27:15.5585622Z   file:///home/runner/work/mine-flow-app/mine-flow-app/integration_test/design_review_capture_test.dart line 208
2026-10-02T12:27:15.5586616Z The test description was:
2026-10-02T12:27:15.5587082Z   Design Review Capture - Matrix
2026-10-02T12:27:15.5587865Z ═════════════════════════════════════════════════════════════════
2026-10-02T12:27:15.5588297Z 
2026-10-02T12:27:15.5588453Z end of failure 1
2026-10-02T12:27:15.5588675Z 
2026-10-02T12:27:15.5588681Z 
2026-10-02T12:27:15.5588687Z 
2026-10-02T12:27:15.5675730Z ##[error]The process '/usr/bin/sh' failed with exit code 1
2026-10-02T12:27:15.5775873Z ##[group]Terminate Emulator
2026-10-02T12:27:15.5777395Z [command]/usr/local/lib/android/sdk/platform-tools/adb -s emulator-5554 emu kill
2026-10-02T12:27:15.5905770Z OK: killing emulator, bye bye
2026-10-02T12:27:15.5906916Z OK
2026-10-02T12:27:15.5964546Z ##[endgroup]
2026-10-02T12:27:15.6035867Z INFO         | Wait for emulator (pid 2996) 20 seconds to shutdown gracefully before kill;you can set environment variable ANDROID_EMULATOR_WAIT_TIME_BEFORE_KILL(in seconds) to change the default value (20 seconds)
2026-10-02T12:27:15.6063642Z 
2026-10-02T12:27:15.6466716Z USER_INFO    | Snapshots have been disabled by the user, save request is ignored.
2026-10-02T12:27:15.6467801Z INFO         | Saving snapshot 'default_boot' took 1 ms
2026-10-02T12:27:16.1910721Z ERROR        | stop: Not implemented
2026-10-02T12:27:16.1916977Z WARNING      | Emulator client has not yet been configured.. Call configure me first!
2026-10-02T12:27:16.2274158Z INFO         | removeAll
2026-10-02T12:27:17.1958630Z WARNING      | Netsim Wifi dns:///localhost:41843 is gone due to Stream removed (CANCELLED)
2026-10-02T12:27:17.2140010Z INFO         | ipv6:%5B::1%5D:41843: Got goaway [2] err=UNAVAILABLE:GOAWAY received; Error code: 2; Debug Text: Cancelling all calls {http2_error:2}
2026-10-02T12:27:18.1306437Z ##[group]Run actions/upload-artifact@v4
2026-10-02T12:27:18.1306881Z with:
2026-10-02T12:27:18.1307161Z   name: android-e2e-log
2026-10-02T12:27:18.1307499Z   path: integration_test.log
2026-10-02T12:27:18.1307832Z   retention-days: 7
2026-10-02T12:27:18.1308128Z   if-no-files-found: warn
2026-10-02T12:27:18.1308455Z   compression-level: 6
2026-10-02T12:27:18.1308782Z   overwrite: false
2026-10-02T12:27:18.1309047Z   include-hidden-files: false
2026-10-02T12:27:18.1309333Z env:
2026-10-02T12:27:18.1309684Z   JAVA_HOME: /opt/hostedtoolcache/Java_Temurin-Hotspot_jdk/17.0.20-1/x64
2026-10-02T12:27:18.1310274Z   JAVA_HOME_17_X64: /opt/hostedtoolcache/Java_Temurin-Hotspot_jdk/17.0.20-1/x64
2026-10-02T12:27:18.1310853Z   FLUTTER_ROOT: /opt/hostedtoolcache/flutter/stable-3.47.1-x64/flutter
2026-10-02T12:27:18.1311304Z   PUB_CACHE: /home/runner/.pub-cache
2026-10-02T12:27:18.1311645Z   ANDROID_AVD_HOME: /home/runner/.android/avd
2026-10-02T12:27:18.1311984Z ##[endgroup]
2026-10-02T12:27:18.3875245Z (node:8714) [DEP0040] DeprecationWarning: The `punycode` module is deprecated. Please use a userland alternative instead.
2026-10-02T12:27:18.3876520Z (Use `node --trace-deprecation ...` to show where the warning was created)
2026-10-02T12:27:18.3929855Z With the provided path, there will be 1 file uploaded
2026-10-02T12:27:18.3936105Z Artifact name is valid!
2026-10-02T12:27:18.3943853Z Root directory input is valid!
2026-10-02T12:27:18.7584316Z Beginning upload of artifact content to blob storage
2026-10-02T12:27:18.7910014Z (node:8714) [DEP0169] DeprecationWarning: `url.parse()` behavior is not standardized and prone to errors that have security implications. Use the WHATWG URL API instead. CVEs are not issued for `url.parse()` vulnerabilities.
2026-10-02T12:27:19.1151159Z Uploaded bytes 26186
2026-10-02T12:27:19.1897429Z Finished uploading artifact content to blob storage!
2026-10-02T12:27:19.1898943Z SHA256 digest of uploaded artifact zip is 6331f8253e009f5776c050db9e7e680db543e92bb3e421833d9a638dee308cf0
2026-10-02T12:27:19.1900325Z Finalizing artifact upload
2026-10-02T12:27:19.4777083Z Artifact android-e2e-log.zip successfully finalized. Artifact ID 11225109917
2026-10-02T12:27:19.4778395Z Artifact android-e2e-log has been successfully uploaded! Final size is 26186 bytes. Artifact ID is 11225109917
2026-10-02T12:27:19.4784922Z Artifact download URL: https://github.com/lvinist/mine-flow-app/actions/runs/37003629360/artifacts/11225109917
2026-10-02T12:27:19.4952529Z ##[group]Run actions/upload-artifact@v4
2026-10-02T12:27:19.4953380Z with:
2026-10-02T12:27:19.4953788Z   name: android-screenshots
2026-10-02T12:27:19.4954284Z   path: screenshots/
2026-10-02T12:27:19.4954729Z   retention-days: 7
2026-10-02T12:27:19.4955161Z   if-no-files-found: warn
2026-10-02T12:27:19.4955658Z   compression-level: 6
2026-10-02T12:27:19.4956160Z   overwrite: false
2026-10-02T12:27:19.4956609Z   include-hidden-files: false
2026-10-02T12:27:19.4957084Z env:
2026-10-02T12:27:19.4957634Z   JAVA_HOME: /opt/hostedtoolcache/Java_Temurin-Hotspot_jdk/17.0.20-1/x64
2026-10-02T12:27:19.4958620Z   JAVA_HOME_17_X64: /opt/hostedtoolcache/Java_Temurin-Hotspot_jdk/17.0.20-1/x64
2026-10-02T12:27:19.4959571Z   FLUTTER_ROOT: /opt/hostedtoolcache/flutter/stable-3.47.1-x64/flutter
2026-10-02T12:27:19.4960292Z   PUB_CACHE: /home/runner/.pub-cache
2026-10-02T12:27:19.4960673Z   ANDROID_AVD_HOME: /home/runner/.android/avd
2026-10-02T12:27:19.4960997Z ##[endgroup]
2026-10-02T12:27:19.6602651Z (node:8727) [DEP0040] DeprecationWarning: The `punycode` module is deprecated. Please use a userland alternative instead.
2026-10-02T12:27:19.6604294Z (Use `node --trace-deprecation ...` to show where the warning was created)
2026-10-02T12:27:19.6704080Z With the provided path, there will be 2 files uploaded
2026-10-02T12:27:19.6763686Z Artifact name is valid!
2026-10-02T12:27:19.6793772Z Root directory input is valid!
2026-10-02T12:27:20.0533299Z Beginning upload of artifact content to blob storage
2026-10-02T12:27:20.0814633Z (node:8727) [DEP0169] DeprecationWarning: `url.parse()` behavior is not standardized and prone to errors that have security implications. Use the WHATWG URL API instead. CVEs are not issued for `url.parse()` vulnerabilities.
2026-10-02T12:27:20.5647378Z Uploaded bytes 165063
2026-10-02T12:27:20.6433013Z Finished uploading artifact content to blob storage!
2026-10-02T12:27:20.6434347Z SHA256 digest of uploaded artifact zip is 2e7e879eadca79b87810d9269211ca432b72d9a9509ed36230717f148e736a40
2026-10-02T12:27:20.6436705Z Finalizing artifact upload
2026-10-02T12:27:20.9216457Z Artifact android-screenshots.zip successfully finalized. Artifact ID 11226370237
2026-10-02T12:27:20.9217479Z Artifact android-screenshots has been successfully uploaded! Final size is 165063 bytes. Artifact ID is 11226370237
2026-10-02T12:27:20.9222959Z Artifact download URL: https://github.com/lvinist/mine-flow-app/actions/runs/37003629360/artifacts/11226370237
2026-10-02T12:27:20.9580682Z Post job cleanup.
2026-10-02T12:27:20.9607868Z ##[start-action display=Cache pub dependencies;id=__4f5782ac-0158-474b-994a-21f19c057324.cache-pub]
2026-10-02T12:27:20.9614555Z ##[end-action id=__4f5782ac-0158-474b-994a-21f19c057324.cache-pub;outcome=skipped;conclusion=skipped;duration_ms=0]
2026-10-02T12:27:20.9616940Z ##[start-action display=Cache Flutter;id=__4f5782ac-0158-474b-994a-21f19c057324.cache-flutter]
2026-10-02T12:27:20.9619091Z ##[end-action id=__4f5782ac-0158-474b-994a-21f19c057324.cache-flutter;outcome=skipped;conclusion=skipped;duration_ms=0]
2026-10-02T12:27:20.9742466Z Post job cleanup.
2026-10-02T12:27:21.1133401Z (node:8740) [DEP0040] DeprecationWarning: The `punycode` module is deprecated. Please use a userland alternative instead.
2026-10-02T12:27:21.1134309Z (Use `node --trace-deprecation ...` to show where the warning was created)
2026-10-02T12:27:21.1405361Z Post job cleanup.
2026-10-02T12:27:21.2388133Z [command]/usr/bin/git version
2026-10-02T12:27:21.2438368Z git version 2.55.0
2026-10-02T12:27:21.2484454Z Temporarily overriding HOME='/home/runner/work/_temp/3cd33124-e8cf-4bed-9ae8-189fec94f6ac' before making global git config changes
2026-10-02T12:27:21.2488102Z Adding repository directory to the temporary git global config as a safe directory
2026-10-02T12:27:21.2491301Z [command]/usr/bin/git config --global --add safe.directory /home/runner/work/mine-flow-app/mine-flow-app
2026-10-02T12:27:21.2555192Z [command]/usr/bin/git config --local --name-only --get-regexp core\.sshCommand
2026-10-02T12:27:21.2595605Z [command]/usr/bin/git submodule foreach --recursive sh -c "git config --local --name-only --get-regexp 'core\.sshCommand' && git config --local --unset-all 'core.sshCommand' || :"
2026-10-02T12:27:21.3076336Z [command]/usr/bin/git config --local --name-only --get-regexp http\.https\:\/\/github\.com\/\.extraheader
2026-10-02T12:27:21.3105788Z http.https://github.com/.extraheader
2026-10-02T12:27:21.3118095Z [command]/usr/bin/git config --local --unset-all http.https://github.com/.extraheader
2026-10-02T12:27:21.3165898Z [command]/usr/bin/git submodule foreach --recursive sh -c "git config --local --name-only --get-regexp 'http\.https\:\/\/github\.com\/\.extraheader' && git config --local --unset-all 'http.https://github.com/.extraheader' || :"
2026-10-02T12:27:21.3430276Z [command]/usr/bin/git config --local --name-only --get-regexp ^includeIf\.gitdir:
2026-10-02T12:27:21.3470066Z [command]/usr/bin/git submodule foreach --recursive git config --local --show-origin --name-only --get-regexp remote.origin.url
2026-10-02T12:27:21.3900776Z Cleaning up orphan processes
2026-10-02T12:27:21.4466153Z Terminate orphan process: pid (3101) (adb)
2026-10-02T12:27:21.4569156Z Terminate orphan process: pid (3351) (java)
2026-10-02T12:27:21.4722856Z Terminate orphan process: pid (3643) (java)
2026-10-02T12:27:21.4894761Z Terminate orphan process: pid (3995) (java)
2026-10-02T12:27:21.5007207Z ##[warning]Node.js 20 is deprecated. The following actions target Node.js 20 but are being forced to run on Node.js 24: actions/checkout@v4, actions/setup-java@v4, actions/upload-artifact@v4. For more information see: https://github.blog/changelog/2025-09-19-deprecation-of-node-20-on-github-actions-runners/
