[1790942322.658][INFO]: Starting ChromeDriver 154.0.8037.92 (334b65d254ccc35df4fca82706d1753227b01039-refs/branch-heads/8037@{#1589}) on port 4444
[1790942322.658][INFO]: Please see https://chromedriver.chromium.org/security-considerations for suggestions on keeping ChromeDriver safe.
[1790942322.663][INFO]: ChromeDriver was started successfully on port 4444
[1790942401.445][INFO]: [e56da8c6d108b7224a6000d50dba9858] COMMAND InitSession {
   "capabilities": {
      "alwaysMatch": {
         "acceptInsecureCerts": true,
         "browserName": "chrome",
         "goog:chromeOptions": {
            "args": [ "--bwsi", "--disable-background-timer-throttling", "--disable-default-apps", "--disable-extensions", "--disable-popup-blocking", "--disable-translate", "--no-default-browser-check", "--no-sandbox", "--no-first-run", "--headless" ],
            "perfLoggingPrefs": {
               "traceCategories": "devtools.timeline,v8,blink.console,benchmark,blink,blink.user_timing"
            },
            "w3c": true
         },
         "goog:loggingPrefs": {
            "browser": "INFO",
            "performance": "ALL"
         }
      }
   },
   "desiredCapabilities": {
      "acceptInsecureCerts": true,
      "browserName": "chrome",
      "goog:chromeOptions": {
         "args": [ "--bwsi", "--disable-background-timer-throttling", "--disable-default-apps", "--disable-extensions", "--disable-popup-blocking", "--disable-translate", "--no-default-browser-check", "--no-sandbox", "--no-first-run", "--headless" ],
         "perfLoggingPrefs": {
            "traceCategories": "devtools.timeline,v8,blink.console,benchmark,blink,blink.user_timing"
         },
         "w3c": true
      },
      "goog:loggingPrefs": {
         "browser": "INFO",
         "performance": "ALL"
      }
   }
}
[1790942401.445][INFO]: Browser search. Trying... /opt/hostedtoolcache/setup-chrome/chromedriver/stable/x64/chrome
[1790942401.445][INFO]: Browser search. Trying... /opt/hostedtoolcache/setup-chrome/chromedriver/stable/x64/chrome
[1790942401.445][INFO]: Browser search. Trying... /opt/hostedtoolcache/setup-chrome/chromedriver/stable/x64/google-chrome
[1790942401.445][INFO]: Browser search. Trying... /opt/hostedtoolcache/setup-chrome/chromedriver/stable/x64/chromium
[1790942401.445][INFO]: Browser search. Trying... /opt/hostedtoolcache/setup-chrome/chromedriver/stable/x64/chromium-browser
[1790942401.445][INFO]: Browser search. Trying... /usr/local/sbin/chrome
[1790942401.445][INFO]: Browser search. Trying... /usr/local/bin/chrome
[1790942401.445][INFO]: Browser search. Trying... /usr/sbin/chrome
[1790942401.445][INFO]: Browser search. Trying... /usr/bin/chrome
[1790942401.445][INFO]: Browser search. Trying... /sbin/chrome
[1790942401.445][INFO]: Browser search. Trying... /bin/chrome
[1790942401.445][INFO]: Browser search. Trying... /opt/google/chrome/chrome
[1790942401.445][INFO]: Browser search. Found at  /opt/google/chrome/chrome
[1790942401.445][INFO]: Populating Preferences file: {
   "alternate_error_pages": {
      "enabled": false
   },
   "autofill": {
      "enabled": false
   },
   "browser": {
      "check_default_browser": false
   },
   "distribution": {
      "import_bookmarks": false,
      "import_history": false,
      "import_search_engine": false,
      "make_chrome_default_for_user": false,
      "skip_first_run_ui": true
   },
   "dns_prefetching": {
      "enabled": false
   },
   "profile": {
      "content_settings": {
         "pattern_pairs": {
            "https://*,*": {
               "media-stream": {
                  "audio": "Default",
                  "video": "Default"
               }
            }
         }
      },
      "default_content_setting_values": {
         "geolocation": 1
      },
      "default_content_settings": {
         "geolocation": 1,
         "mouselock": 1,
         "notifications": 1,
         "popups": 1,
         "ppapi-broker": 1
      },
      "password_manager_enabled": false
   },
   "safebrowsing": {
      "enabled": false
   },
   "search": {
      "suggest_enabled": false
   },
   "translate": {
      "enabled": false
   }
}
[1790942401.445][INFO]: Populating Local State file: {
   "background_mode": {
      "enabled": false
   },
   "ssl": {
      "rev_checking": {
         "enabled": false
      }
   }
}
[1790942401.445][INFO]: ChromeDriver supports communication with Chrome via pipes. This is more reliable and more secure.
[1790942401.445][INFO]: Use the --remote-debugging-pipe Chrome switch instead of the default --remote-debugging-port to enable this communication mode.
[1790942401.445][INFO]: Launching chrome: /opt/google/chrome/chrome --allow-pre-commit-input --bwsi --disable-background-networking --disable-background-timer-throttling --disable-backgrounding-occluded-windows --disable-client-side-phishing-detection --disable-default-apps --disable-extensions --disable-features=IgnoreDuplicateNavs,Prewarm --disable-hang-monitor --disable-popup-blocking --disable-prompt-on-repost --disable-sync --disable-translate --enable-automation --enable-logging --headless --ignore-certificate-errors --log-level=0 --no-default-browser-check --no-first-run --no-sandbox --no-service-autorun --password-store=basic --remote-debugging-port=0 --test-type=webdriver --use-mock-keychain --user-data-dir=/tmp/org.chromium.Chromium.scoped_dir.IG6FJT data:,
[1790942401.829][INFO]: resolved localhost to ["::1","127.0.0.1"]
[1790942401.912][INFO]: [e56da8c6d108b7224a6000d50dba9858] RESPONSE InitSession {
   "capabilities": {
      "acceptInsecureCerts": true,
      "browserName": "chrome",
      "browserVersion": "154.0.8037.97",
      "chrome": {
         "chromedriverVersion": "154.0.8037.92 (334b65d254ccc35df4fca82706d1753227b01039-refs/branch-heads/8037@{#1589})",
         "userDataDir": "/tmp/org.chromium.Chromium.scoped_dir.IG6FJT"
      },
      "fedcm:accounts": true,
      "goog:chromeOptions": {
         "debuggerAddress": "localhost:41725"
      },
      "goog:processID": 3218,
      "networkConnectionEnabled": false,
      "pageLoadStrategy": "normal",
      "platformName": "linux",
      "proxy": {
      },
      "setWindowRect": true,
      "strictFileInteractability": false,
      "timeouts": {
         "implicit": 0,
         "pageLoad": 300000,
         "script": 30000
      },
      "unhandledPromptBehavior": "dismiss and notify",
      "webauthn:extension:cmtgKey": true,
      "webauthn:extension:credBlob": true,
      "webauthn:extension:largeBlob": true,
      "webauthn:extension:minPinLength": true,
      "~~~": "..."
   },
   "sessionId": "e56da8c6d108b7224a6000d50dba9858"
}
[1790942401.943][INFO]: [e56da8c6d108b7224a6000d50dba9858] COMMAND GetWindow {
}
[1790942401.943][INFO]: [e56da8c6d108b7224a6000d50dba9858] RESPONSE GetWindow "999EE696D6A20621B7B71B661061DC73"
[1790942401.948][INFO]: [e56da8c6d108b7224a6000d50dba9858] COMMAND SetWindowRect {
   "x": 0,
   "y": 0
}
[1790942401.948][INFO]: Waiting for pending navigations...
[1790942401.958][INFO]: Done waiting for pending navigations. Status: ok
[1790942401.974][INFO]: Waiting for pending navigations...
[1790942401.975][INFO]: Done waiting for pending navigations. Status: ok
[1790942401.975][INFO]: [e56da8c6d108b7224a6000d50dba9858] RESPONSE SetWindowRect {
   "height": 580,
   "width": 780,
   "x": 0,
   "y": 0
}
[1790942401.978][INFO]: [e56da8c6d108b7224a6000d50dba9858] COMMAND SetWindowRect {
   "height": 1024,
   "width": 1600
}
[1790942401.978][INFO]: Waiting for pending navigations...
[1790942401.978][INFO]: Done waiting for pending navigations. Status: ok
[1790942401.993][INFO]: Waiting for pending navigations...
[1790942401.994][INFO]: Done waiting for pending navigations. Status: ok
[1790942401.994][INFO]: [e56da8c6d108b7224a6000d50dba9858] RESPONSE SetWindowRect {
   "height": 1024,
   "width": 1600,
   "x": 0,
   "y": 0
}
[1790942404.242][INFO]: [e56da8c6d108b7224a6000d50dba9858] COMMAND Navigate {
   "url": "http://localhost:34861"
}
[1790942404.368][INFO]: Waiting for pending navigations...
[1790942404.369][INFO]: Done waiting for pending navigations. Status: ok
[1790942405.133][INFO]: Waiting for pending navigations...
[1790942411.463][INFO]: Done waiting for pending navigations. Status: ok
[1790942411.463][INFO]: [e56da8c6d108b7224a6000d50dba9858] RESPONSE Navigate
[1790942411.496][INFO]: [e56da8c6d108b7224a6000d50dba9858] COMMAND ExecuteScript {
   "args": [  ],
   "script": "return typeof(window.$flutterDriver)"
}
[1790942411.496][INFO]: Waiting for pending navigations...
[1790942411.497][INFO]: Done waiting for pending navigations. Status: ok
[1790942411.500][INFO]: Waiting for pending navigations...
[1790942411.500][INFO]: Done waiting for pending navigations. Status: ok
[1790942411.500][INFO]: [e56da8c6d108b7224a6000d50dba9858] RESPONSE ExecuteScript "undefined"
[1790942412.019][INFO]: [e56da8c6d108b7224a6000d50dba9858] COMMAND ExecuteScript {
   "args": [  ],
   "script": "return typeof(window.$flutterDriver)"
}
[1790942412.029][INFO]: Waiting for pending navigations...
[1790942412.296][INFO]: Done waiting for pending navigations. Status: ok
[1790942412.569][INFO]: Waiting for pending navigations...
[1790942412.570][INFO]: Done waiting for pending navigations. Status: ok
[1790942412.572][INFO]: [e56da8c6d108b7224a6000d50dba9858] RESPONSE ExecuteScript "function"
[1790942412.596][INFO]: [e56da8c6d108b7224a6000d50dba9858] COMMAND ExecuteScript {
   "args": [  ],
   "script": "return $flutterDriverResult"
}
[1790942412.596][INFO]: Waiting for pending navigations...
[1790942412.597][INFO]: Done waiting for pending navigations. Status: ok
[1790942412.613][INFO]: Waiting for pending navigations...
[1790942412.614][INFO]: Done waiting for pending navigations. Status: ok
[1790942412.614][INFO]: [e56da8c6d108b7224a6000d50dba9858] RESPONSE ExecuteScript null
[1790942412.617][INFO]: [e56da8c6d108b7224a6000d50dba9858] COMMAND ExecuteScript {
   "args": [  ],
   "script": "window.$flutterDriver('{\"command\":\"request_data\",\"message\":\"pending\"}')"
}
[1790942412.617][INFO]: Waiting for pending navigations...
[1790942412.626][INFO]: Done waiting for pending navigations. Status: ok
[1790942412.630][INFO]: Waiting for pending navigations...
[1790942412.631][INFO]: Done waiting for pending navigations. Status: ok
[1790942412.631][INFO]: [e56da8c6d108b7224a6000d50dba9858] RESPONSE ExecuteScript null
[1790942412.633][INFO]: [e56da8c6d108b7224a6000d50dba9858] COMMAND ExecuteScript {
   "args": [  ],
   "script": "return $flutterDriverResult"
}
[1790942412.634][INFO]: Waiting for pending navigations...
[1790942412.635][INFO]: Done waiting for pending navigations. Status: ok
[1790942412.637][INFO]: Waiting for pending navigations...
[1790942412.639][INFO]: Done waiting for pending navigations. Status: ok
[1790942412.639][INFO]: [e56da8c6d108b7224a6000d50dba9858] RESPONSE ExecuteScript null
[1790942413.142][INFO]: [e56da8c6d108b7224a6000d50dba9858] COMMAND ExecuteScript {
   "args": [  ],
   "script": "return $flutterDriverResult"
}
[1790942413.251][INFO]: Waiting for pending navigations...
[1790942413.927][INFO]: Done waiting for pending navigations. Status: ok
[1790942413.936][INFO]: Waiting for pending navigations...
[1790942413.936][INFO]: Done waiting for pending navigations. Status: ok
[1790942413.936][INFO]: [e56da8c6d108b7224a6000d50dba9858] RESPONSE ExecuteScript null
[1790942414.439][INFO]: [e56da8c6d108b7224a6000d50dba9858] COMMAND ExecuteScript {
   "args": [  ],
   "script": "return $flutterDriverResult"
}
[1790942414.439][INFO]: Waiting for pending navigations...
[1790942414.440][INFO]: Done waiting for pending navigations. Status: ok
[1790942414.442][INFO]: Waiting for pending navigations...
[1790942414.442][INFO]: Done waiting for pending navigations. Status: ok
[1790942414.442][INFO]: [e56da8c6d108b7224a6000d50dba9858] RESPONSE ExecuteScript "{\"isError\":false,\"response\":{\"message\":\"{\\\"result\\\":\\\"false\\\",\\\"failureDetails\\\":[],\\\"data\\\":{\\\"web_driver_command\\\":\\\"WebDriverCommandType.noop\\\"}}\"}}"
[1790942414.445][INFO]: [e56da8c6d108b7224a6000d50dba9858] COMMAND ExecuteScript {
   "args": [  ],
   "script": "$flutterDriverResult = null"
}
[1790942414.445][INFO]: Waiting for pending navigations...
[1790942414.445][INFO]: Done waiting for pending navigations. Status: ok
[1790942414.447][INFO]: Waiting for pending navigations...
[1790942414.447][INFO]: Done waiting for pending navigations. Status: ok
[1790942414.447][INFO]: [e56da8c6d108b7224a6000d50dba9858] RESPONSE ExecuteScript null
[1790942414.451][INFO]: [e56da8c6d108b7224a6000d50dba9858] COMMAND ExecuteScript {
   "args": [  ],
   "script": "return $flutterDriverResult"
}
[1790942414.451][INFO]: Waiting for pending navigations...
[1790942414.451][INFO]: Done waiting for pending navigations. Status: ok
[1790942414.453][INFO]: Waiting for pending navigations...
[1790942414.453][INFO]: Done waiting for pending navigations. Status: ok
[1790942414.453][INFO]: [e56da8c6d108b7224a6000d50dba9858] RESPONSE ExecuteScript null
[1790942414.454][INFO]: [e56da8c6d108b7224a6000d50dba9858] COMMAND ExecuteScript {
   "args": [  ],
   "script": "window.$flutterDriver('{\"command\":\"request_data\"}')"
}
[1790942414.454][INFO]: Waiting for pending navigations...
[1790942414.455][INFO]: Done waiting for pending navigations. Status: ok
[1790942414.458][INFO]: Waiting for pending navigations...
[1790942414.458][INFO]: Done waiting for pending navigations. Status: ok
[1790942414.458][INFO]: [e56da8c6d108b7224a6000d50dba9858] RESPONSE ExecuteScript null
[1790942414.459][INFO]: [e56da8c6d108b7224a6000d50dba9858] COMMAND ExecuteScript {
   "args": [  ],
   "script": "return $flutterDriverResult"
}
[1790942414.459][INFO]: Waiting for pending navigations...
[1790942414.459][INFO]: Done waiting for pending navigations. Status: ok
[1790942414.461][INFO]: Waiting for pending navigations...
[1790942414.461][INFO]: Done waiting for pending navigations. Status: ok
[1790942414.461][INFO]: [e56da8c6d108b7224a6000d50dba9858] RESPONSE ExecuteScript "{\"isError\":false,\"response\":{\"message\":\"{\\\"result\\\":\\\"true\\\",\\\"failureDetails\\\":[],\\\"data\\\":{\\\"e2e_executed\\\":[\\\"app_boots\\\"]}}\"}}"
[1790942414.463][INFO]: [e56da8c6d108b7224a6000d50dba9858] COMMAND ExecuteScript {
   "args": [  ],
   "script": "$flutterDriverResult = null"
}
[1790942414.463][INFO]: Waiting for pending navigations...
[1790942414.463][INFO]: Done waiting for pending navigations. Status: ok
[1790942414.465][INFO]: Waiting for pending navigations...
[1790942414.466][INFO]: Done waiting for pending navigations. Status: ok
[1790942414.466][INFO]: [e56da8c6d108b7224a6000d50dba9858] RESPONSE ExecuteScript null
[1790942414.491][INFO]: [e56da8c6d108b7224a6000d50dba9858] COMMAND Quit {
}
[1790942414.542][INFO]: [e56da8c6d108b7224a6000d50dba9858] RESPONSE Quit
[1790942488.482][INFO]: [9fb0acc43303d911eca40d0e1b55f64e] COMMAND InitSession {
   "capabilities": {
      "alwaysMatch": {
         "acceptInsecureCerts": true,
         "browserName": "chrome",
         "goog:chromeOptions": {
            "args": [ "--bwsi", "--disable-background-timer-throttling", "--disable-default-apps", "--disable-extensions", "--disable-popup-blocking", "--disable-translate", "--no-default-browser-check", "--no-sandbox", "--no-first-run", "--headless" ],
            "perfLoggingPrefs": {
               "traceCategories": "devtools.timeline,v8,blink.console,benchmark,blink,blink.user_timing"
            },
            "w3c": true
         },
         "goog:loggingPrefs": {
            "browser": "INFO",
            "performance": "ALL"
         }
      }
   },
   "desiredCapabilities": {
      "acceptInsecureCerts": true,
      "browserName": "chrome",
      "goog:chromeOptions": {
         "args": [ "--bwsi", "--disable-background-timer-throttling", "--disable-default-apps", "--disable-extensions", "--disable-popup-blocking", "--disable-translate", "--no-default-browser-check", "--no-sandbox", "--no-first-run", "--headless" ],
         "perfLoggingPrefs": {
            "traceCategories": "devtools.timeline,v8,blink.console,benchmark,blink,blink.user_timing"
         },
         "w3c": true
      },
      "goog:loggingPrefs": {
         "browser": "INFO",
         "performance": "ALL"
      }
   }
}
[1790942488.482][INFO]: Browser search. Trying... /opt/hostedtoolcache/setup-chrome/chromedriver/stable/x64/chrome
[1790942488.482][INFO]: Browser search. Trying... /opt/hostedtoolcache/setup-chrome/chromedriver/stable/x64/chrome
[1790942488.482][INFO]: Browser search. Trying... /opt/hostedtoolcache/setup-chrome/chromedriver/stable/x64/google-chrome
[1790942488.482][INFO]: Browser search. Trying... /opt/hostedtoolcache/setup-chrome/chromedriver/stable/x64/chromium
[1790942488.482][INFO]: Browser search. Trying... /opt/hostedtoolcache/setup-chrome/chromedriver/stable/x64/chromium-browser
[1790942488.482][INFO]: Browser search. Trying... /usr/local/sbin/chrome
[1790942488.482][INFO]: Browser search. Trying... /usr/local/bin/chrome
[1790942488.482][INFO]: Browser search. Trying... /usr/sbin/chrome
[1790942488.482][INFO]: Browser search. Trying... /usr/bin/chrome
[1790942488.482][INFO]: Browser search. Trying... /sbin/chrome
[1790942488.482][INFO]: Browser search. Trying... /bin/chrome
[1790942488.482][INFO]: Browser search. Trying... /opt/google/chrome/chrome
[1790942488.482][INFO]: Browser search. Found at  /opt/google/chrome/chrome
[1790942488.482][INFO]: Populating Preferences file: {
   "alternate_error_pages": {
      "enabled": false
   },
   "autofill": {
      "enabled": false
   },
   "browser": {
      "check_default_browser": false
   },
   "distribution": {
      "import_bookmarks": false,
      "import_history": false,
      "import_search_engine": false,
      "make_chrome_default_for_user": false,
      "skip_first_run_ui": true
   },
   "dns_prefetching": {
      "enabled": false
   },
   "profile": {
      "content_settings": {
         "pattern_pairs": {
            "https://*,*": {
               "media-stream": {
                  "audio": "Default",
                  "video": "Default"
               }
            }
         }
      },
      "default_content_setting_values": {
         "geolocation": 1
      },
      "default_content_settings": {
         "geolocation": 1,
         "mouselock": 1,
         "notifications": 1,
         "popups": 1,
         "ppapi-broker": 1
      },
      "password_manager_enabled": false
   },
   "safebrowsing": {
      "enabled": false
   },
   "search": {
      "suggest_enabled": false
   },
   "translate": {
      "enabled": false
   }
}
[1790942488.482][INFO]: Populating Local State file: {
   "background_mode": {
      "enabled": false
   },
   "ssl": {
      "rev_checking": {
         "enabled": false
      }
   }
}
[1790942488.482][INFO]: ChromeDriver supports communication with Chrome via pipes. This is more reliable and more secure.
[1790942488.482][INFO]: Use the --remote-debugging-pipe Chrome switch instead of the default --remote-debugging-port to enable this communication mode.
[1790942488.482][INFO]: Launching chrome: /opt/google/chrome/chrome --allow-pre-commit-input --bwsi --disable-background-networking --disable-background-timer-throttling --disable-backgrounding-occluded-windows --disable-client-side-phishing-detection --disable-default-apps --disable-extensions --disable-features=IgnoreDuplicateNavs,Prewarm --disable-hang-monitor --disable-popup-blocking --disable-prompt-on-repost --disable-sync --disable-translate --enable-automation --enable-logging --headless --ignore-certificate-errors --log-level=0 --no-default-browser-check --no-first-run --no-sandbox --no-service-autorun --password-store=basic --remote-debugging-port=0 --test-type=webdriver --use-mock-keychain --user-data-dir=/tmp/org.chromium.Chromium.scoped_dir.LQZWAB data:,
[1790942488.723][INFO]: resolved localhost to ["::1","127.0.0.1"]
[1790942488.792][INFO]: [9fb0acc43303d911eca40d0e1b55f64e] RESPONSE InitSession {
   "capabilities": {
      "acceptInsecureCerts": true,
      "browserName": "chrome",
      "browserVersion": "154.0.8037.97",
      "chrome": {
         "chromedriverVersion": "154.0.8037.92 (334b65d254ccc35df4fca82706d1753227b01039-refs/branch-heads/8037@{#1589})",
         "userDataDir": "/tmp/org.chromium.Chromium.scoped_dir.LQZWAB"
      },
      "fedcm:accounts": true,
      "goog:chromeOptions": {
         "debuggerAddress": "localhost:39347"
      },
      "goog:processID": 3498,
      "networkConnectionEnabled": false,
      "pageLoadStrategy": "normal",
      "platformName": "linux",
      "proxy": {
      },
      "setWindowRect": true,
      "strictFileInteractability": false,
      "timeouts": {
         "implicit": 0,
         "pageLoad": 300000,
         "script": 30000
      },
      "unhandledPromptBehavior": "dismiss and notify",
      "webauthn:extension:cmtgKey": true,
      "webauthn:extension:credBlob": true,
      "webauthn:extension:largeBlob": true,
      "webauthn:extension:minPinLength": true,
      "~~~": "..."
   },
   "sessionId": "9fb0acc43303d911eca40d0e1b55f64e"
}
[1790942488.817][INFO]: [9fb0acc43303d911eca40d0e1b55f64e] COMMAND GetWindow {
}
[1790942488.817][INFO]: [9fb0acc43303d911eca40d0e1b55f64e] RESPONSE GetWindow "112E4606D97416A4D7B9AA6E1891CA2C"
[1790942488.822][INFO]: [9fb0acc43303d911eca40d0e1b55f64e] COMMAND SetWindowRect {
   "x": 0,
   "y": 0
}
[1790942488.822][INFO]: Waiting for pending navigations...
[1790942488.826][INFO]: Done waiting for pending navigations. Status: ok
[1790942488.837][INFO]: Waiting for pending navigations...
[1790942488.837][INFO]: Done waiting for pending navigations. Status: ok
[1790942488.837][INFO]: [9fb0acc43303d911eca40d0e1b55f64e] RESPONSE SetWindowRect {
   "height": 580,
   "width": 780,
   "x": 0,
   "y": 0
}
[1790942488.840][INFO]: [9fb0acc43303d911eca40d0e1b55f64e] COMMAND SetWindowRect {
   "height": 1024,
   "width": 1600
}
[1790942488.840][INFO]: Waiting for pending navigations...
[1790942488.840][INFO]: Done waiting for pending navigations. Status: ok
[1790942488.855][INFO]: Waiting for pending navigations...
[1790942488.855][INFO]: Done waiting for pending navigations. Status: ok
[1790942488.855][INFO]: [9fb0acc43303d911eca40d0e1b55f64e] RESPONSE SetWindowRect {
   "height": 1024,
   "width": 1600,
   "x": 0,
   "y": 0
}
[1790942491.232][INFO]: [9fb0acc43303d911eca40d0e1b55f64e] COMMAND Navigate {
   "url": "http://localhost:42449"
}
[1790942491.373][INFO]: Waiting for pending navigations...
[1790942491.373][INFO]: Done waiting for pending navigations. Status: ok
[1790942492.181][INFO]: Waiting for pending navigations...
[1790942498.180][INFO]: Done waiting for pending navigations. Status: ok
[1790942498.180][INFO]: [9fb0acc43303d911eca40d0e1b55f64e] RESPONSE Navigate
[1790942498.214][INFO]: [9fb0acc43303d911eca40d0e1b55f64e] COMMAND ExecuteScript {
   "args": [  ],
   "script": "return typeof(window.$flutterDriver)"
}
[1790942498.215][INFO]: Waiting for pending navigations...
[1790942498.215][INFO]: Done waiting for pending navigations. Status: ok
[1790942498.219][INFO]: Waiting for pending navigations...
[1790942498.219][INFO]: Done waiting for pending navigations. Status: ok
[1790942498.219][INFO]: [9fb0acc43303d911eca40d0e1b55f64e] RESPONSE ExecuteScript "undefined"
[1790942498.733][INFO]: [9fb0acc43303d911eca40d0e1b55f64e] COMMAND ExecuteScript {
   "args": [  ],
   "script": "return typeof(window.$flutterDriver)"
}
[1790942498.742][INFO]: Waiting for pending navigations...
[1790942498.942][INFO]: Done waiting for pending navigations. Status: ok
[1790942499.214][INFO]: Waiting for pending navigations...
[1790942499.225][INFO]: Done waiting for pending navigations. Status: ok
[1790942499.225][INFO]: [9fb0acc43303d911eca40d0e1b55f64e] RESPONSE ExecuteScript "function"
[1790942499.248][INFO]: [9fb0acc43303d911eca40d0e1b55f64e] COMMAND ExecuteScript {
   "args": [  ],
   "script": "return $flutterDriverResult"
}
[1790942499.248][INFO]: Waiting for pending navigations...
[1790942499.251][INFO]: Done waiting for pending navigations. Status: ok
[1790942499.255][INFO]: Waiting for pending navigations...
[1790942499.256][INFO]: Done waiting for pending navigations. Status: ok
[1790942499.256][INFO]: [9fb0acc43303d911eca40d0e1b55f64e] RESPONSE ExecuteScript null
[1790942499.259][INFO]: [9fb0acc43303d911eca40d0e1b55f64e] COMMAND ExecuteScript {
   "args": [  ],
   "script": "window.$flutterDriver('{\"command\":\"request_data\",\"message\":\"pending\"}')"
}
[1790942499.259][INFO]: Waiting for pending navigations...
[1790942499.259][INFO]: Done waiting for pending navigations. Status: ok
[1790942499.265][INFO]: Waiting for pending navigations...
[1790942499.266][INFO]: Done waiting for pending navigations. Status: ok
[1790942499.266][INFO]: [9fb0acc43303d911eca40d0e1b55f64e] RESPONSE ExecuteScript null
[1790942499.267][INFO]: [9fb0acc43303d911eca40d0e1b55f64e] COMMAND ExecuteScript {
   "args": [  ],
   "script": "return $flutterDriverResult"
}
[1790942499.267][INFO]: Waiting for pending navigations...
[1790942499.269][INFO]: Done waiting for pending navigations. Status: ok
[1790942499.271][INFO]: Waiting for pending navigations...
[1790942499.272][INFO]: Done waiting for pending navigations. Status: ok
[1790942499.272][INFO]: [9fb0acc43303d911eca40d0e1b55f64e] RESPONSE ExecuteScript null
[1790942499.775][INFO]: [9fb0acc43303d911eca40d0e1b55f64e] COMMAND ExecuteScript {
   "args": [  ],
   "script": "return $flutterDriverResult"
}
[1790942499.846][INFO]: Waiting for pending navigations...
[1790942500.473][INFO]: Done waiting for pending navigations. Status: ok
[1790942500.482][INFO]: Waiting for pending navigations...
[1790942500.483][INFO]: Done waiting for pending navigations. Status: ok
[1790942500.483][INFO]: [9fb0acc43303d911eca40d0e1b55f64e] RESPONSE ExecuteScript null
[1790942500.985][INFO]: [9fb0acc43303d911eca40d0e1b55f64e] COMMAND ExecuteScript {
   "args": [  ],
   "script": "return $flutterDriverResult"
}
[1790942500.985][INFO]: Waiting for pending navigations...
[1790942500.986][INFO]: Done waiting for pending navigations. Status: ok
[1790942500.988][INFO]: Waiting for pending navigations...
[1790942500.988][INFO]: Done waiting for pending navigations. Status: ok
[1790942500.988][INFO]: [9fb0acc43303d911eca40d0e1b55f64e] RESPONSE ExecuteScript null
[1790942501.490][INFO]: [9fb0acc43303d911eca40d0e1b55f64e] COMMAND ExecuteScript {
   "args": [  ],
   "script": "return $flutterDriverResult"
}
[1790942501.490][INFO]: Waiting for pending navigations...
[1790942501.491][INFO]: Done waiting for pending navigations. Status: ok
[1790942501.492][INFO]: Waiting for pending navigations...
[1790942501.493][INFO]: Done waiting for pending navigations. Status: ok
[1790942501.493][INFO]: [9fb0acc43303d911eca40d0e1b55f64e] RESPONSE ExecuteScript null
[1790942501.995][INFO]: [9fb0acc43303d911eca40d0e1b55f64e] COMMAND ExecuteScript {
   "args": [  ],
   "script": "return $flutterDriverResult"
}
[1790942501.996][INFO]: Waiting for pending navigations...
[1790942501.996][INFO]: Done waiting for pending navigations. Status: ok
[1790942501.998][INFO]: Waiting for pending navigations...
[1790942501.999][INFO]: Done waiting for pending navigations. Status: ok
[1790942501.999][INFO]: [9fb0acc43303d911eca40d0e1b55f64e] RESPONSE ExecuteScript null
[1790942502.501][INFO]: [9fb0acc43303d911eca40d0e1b55f64e] COMMAND ExecuteScript {
   "args": [  ],
   "script": "return $flutterDriverResult"
}
[1790942502.501][INFO]: Waiting for pending navigations...
[1790942502.502][INFO]: Done waiting for pending navigations. Status: ok
[1790942502.503][INFO]: Waiting for pending navigations...
[1790942502.504][INFO]: Done waiting for pending navigations. Status: ok
[1790942502.504][INFO]: [9fb0acc43303d911eca40d0e1b55f64e] RESPONSE ExecuteScript null
[1790942503.006][INFO]: [9fb0acc43303d911eca40d0e1b55f64e] COMMAND ExecuteScript {
   "args": [  ],
   "script": "return $flutterDriverResult"
}
[1790942503.007][INFO]: Waiting for pending navigations...
[1790942503.022][INFO]: Done waiting for pending navigations. Status: ok
[1790942503.055][INFO]: Waiting for pending navigations...
[1790942503.055][INFO]: Done waiting for pending navigations. Status: ok
[1790942503.055][INFO]: [9fb0acc43303d911eca40d0e1b55f64e] RESPONSE ExecuteScript null
[1790942503.558][INFO]: [9fb0acc43303d911eca40d0e1b55f64e] COMMAND ExecuteScript {
   "args": [  ],
   "script": "return $flutterDriverResult"
}
[1790942503.558][INFO]: Waiting for pending navigations...
[1790942503.559][INFO]: Done waiting for pending navigations. Status: ok
[1790942503.561][INFO]: Waiting for pending navigations...
[1790942503.561][INFO]: Done waiting for pending navigations. Status: ok
[1790942503.561][INFO]: [9fb0acc43303d911eca40d0e1b55f64e] RESPONSE ExecuteScript null
[1790942504.063][INFO]: [9fb0acc43303d911eca40d0e1b55f64e] COMMAND ExecuteScript {
   "args": [  ],
   "script": "return $flutterDriverResult"
}
[1790942504.064][INFO]: Waiting for pending navigations...
[1790942504.064][INFO]: Done waiting for pending navigations. Status: ok
[1790942504.066][INFO]: Waiting for pending navigations...
[1790942504.066][INFO]: Done waiting for pending navigations. Status: ok
[1790942504.066][INFO]: [9fb0acc43303d911eca40d0e1b55f64e] RESPONSE ExecuteScript null
[1790942504.568][INFO]: [9fb0acc43303d911eca40d0e1b55f64e] COMMAND ExecuteScript {
   "args": [  ],
   "script": "return $flutterDriverResult"
}
[1790942504.570][INFO]: Waiting for pending navigations...
[1790942504.600][INFO]: Done waiting for pending navigations. Status: ok
[1790942504.602][INFO]: Waiting for pending navigations...
[1790942504.603][INFO]: Done waiting for pending navigations. Status: ok
[1790942504.603][INFO]: [9fb0acc43303d911eca40d0e1b55f64e] RESPONSE ExecuteScript null
[1790942505.106][INFO]: [9fb0acc43303d911eca40d0e1b55f64e] COMMAND ExecuteScript {
   "args": [  ],
   "script": "return $flutterDriverResult"
}
[1790942505.109][INFO]: Waiting for pending navigations...
[1790942505.317][INFO]: Done waiting for pending navigations. Status: ok
[1790942505.466][INFO]: Waiting for pending navigations...
[1790942505.468][INFO]: Done waiting for pending navigations. Status: ok
[1790942505.469][INFO]: [9fb0acc43303d911eca40d0e1b55f64e] RESPONSE ExecuteScript null
[1790942505.972][INFO]: [9fb0acc43303d911eca40d0e1b55f64e] COMMAND ExecuteScript {
   "args": [  ],
   "script": "return $flutterDriverResult"
}
[1790942505.974][INFO]: Waiting for pending navigations...
[1790942506.035][INFO]: Done waiting for pending navigations. Status: ok
[1790942506.040][INFO]: Waiting for pending navigations...
[1790942506.040][INFO]: Done waiting for pending navigations. Status: ok
[1790942506.040][INFO]: [9fb0acc43303d911eca40d0e1b55f64e] RESPONSE ExecuteScript null
[1790942506.543][INFO]: [9fb0acc43303d911eca40d0e1b55f64e] COMMAND ExecuteScript {
   "args": [  ],
   "script": "return $flutterDriverResult"
}
[1790942506.546][INFO]: Waiting for pending navigations...
[1790942506.598][INFO]: Done waiting for pending navigations. Status: ok
[1790942506.601][INFO]: Waiting for pending navigations...
[1790942506.602][INFO]: Done waiting for pending navigations. Status: ok
[1790942506.602][INFO]: [9fb0acc43303d911eca40d0e1b55f64e] RESPONSE ExecuteScript null
[1790942507.104][INFO]: [9fb0acc43303d911eca40d0e1b55f64e] COMMAND ExecuteScript {
   "args": [  ],
   "script": "return $flutterDriverResult"
}
[1790942507.105][INFO]: Waiting for pending navigations...
[1790942507.106][INFO]: Done waiting for pending navigations. Status: ok
[1790942507.108][INFO]: Waiting for pending navigations...
[1790942507.108][INFO]: Done waiting for pending navigations. Status: ok
[1790942507.108][INFO]: [9fb0acc43303d911eca40d0e1b55f64e] RESPONSE ExecuteScript null
[1790942507.611][INFO]: [9fb0acc43303d911eca40d0e1b55f64e] COMMAND ExecuteScript {
   "args": [  ],
   "script": "return $flutterDriverResult"
}
[1790942507.612][INFO]: Waiting for pending navigations...
[1790942507.680][INFO]: Done waiting for pending navigations. Status: ok
[1790942507.682][INFO]: Waiting for pending navigations...
[1790942507.683][INFO]: Done waiting for pending navigations. Status: ok
[1790942507.683][INFO]: [9fb0acc43303d911eca40d0e1b55f64e] RESPONSE ExecuteScript null
[1790942508.185][INFO]: [9fb0acc43303d911eca40d0e1b55f64e] COMMAND ExecuteScript {
   "args": [  ],
   "script": "return $flutterDriverResult"
}
[1790942508.186][INFO]: Waiting for pending navigations...
[1790942509.629][INFO]: Done waiting for pending navigations. Status: ok
[1790942509.859][INFO]: Waiting for pending navigations...
[1790942509.922][INFO]: Done waiting for pending navigations. Status: ok
[1790942509.922][INFO]: [9fb0acc43303d911eca40d0e1b55f64e] RESPONSE ExecuteScript null
[1790942510.426][INFO]: [9fb0acc43303d911eca40d0e1b55f64e] COMMAND ExecuteScript {
   "args": [  ],
   "script": "return $flutterDriverResult"
}
[1790942510.427][INFO]: Waiting for pending navigations...
[1790942510.481][INFO]: Done waiting for pending navigations. Status: ok
[1790942510.658][INFO]: Waiting for pending navigations...
[1790942510.659][INFO]: Done waiting for pending navigations. Status: ok
[1790942510.659][INFO]: [9fb0acc43303d911eca40d0e1b55f64e] RESPONSE ExecuteScript null
[1790942511.162][INFO]: [9fb0acc43303d911eca40d0e1b55f64e] COMMAND ExecuteScript {
   "args": [  ],
   "script": "return $flutterDriverResult"
}
[1790942511.162][INFO]: Waiting for pending navigations...
[1790942511.285][INFO]: Done waiting for pending navigations. Status: ok
[1790942511.752][INFO]: Waiting for pending navigations...
[1790942511.754][INFO]: Done waiting for pending navigations. Status: ok
[1790942511.754][INFO]: [9fb0acc43303d911eca40d0e1b55f64e] RESPONSE ExecuteScript null
[1790942512.257][INFO]: [9fb0acc43303d911eca40d0e1b55f64e] COMMAND ExecuteScript {
   "args": [  ],
   "script": "return $flutterDriverResult"
}
[1790942512.261][INFO]: Waiting for pending navigations...
[1790942512.261][INFO]: Done waiting for pending navigations. Status: ok
[1790942512.263][INFO]: Waiting for pending navigations...
[1790942512.264][INFO]: Done waiting for pending navigations. Status: ok
[1790942512.264][INFO]: [9fb0acc43303d911eca40d0e1b55f64e] RESPONSE ExecuteScript null
[1790942512.767][INFO]: [9fb0acc43303d911eca40d0e1b55f64e] COMMAND ExecuteScript {
   "args": [  ],
   "script": "return $flutterDriverResult"
}
[1790942512.768][INFO]: Waiting for pending navigations...
[1790942512.768][INFO]: Done waiting for pending navigations. Status: ok
[1790942512.770][INFO]: Waiting for pending navigations...
[1790942512.771][INFO]: Done waiting for pending navigations. Status: ok
[1790942512.771][INFO]: [9fb0acc43303d911eca40d0e1b55f64e] RESPONSE ExecuteScript null
[1790942513.273][INFO]: [9fb0acc43303d911eca40d0e1b55f64e] COMMAND ExecuteScript {
   "args": [  ],
   "script": "return $flutterDriverResult"
}
[1790942513.274][INFO]: Waiting for pending navigations...
[1790942513.275][INFO]: Done waiting for pending navigations. Status: ok
[1790942513.276][INFO]: Waiting for pending navigations...
[1790942513.277][INFO]: Done waiting for pending navigations. Status: ok
[1790942513.277][INFO]: [9fb0acc43303d911eca40d0e1b55f64e] RESPONSE ExecuteScript null
[1790942513.779][INFO]: [9fb0acc43303d911eca40d0e1b55f64e] COMMAND ExecuteScript {
   "args": [  ],
   "script": "return $flutterDriverResult"
}
[1790942513.779][INFO]: Waiting for pending navigations...
[1790942513.780][INFO]: Done waiting for pending navigations. Status: ok
[1790942513.782][INFO]: Waiting for pending navigations...
[1790942513.782][INFO]: Done waiting for pending navigations. Status: ok
[1790942513.782][INFO]: [9fb0acc43303d911eca40d0e1b55f64e] RESPONSE ExecuteScript null
[1790942514.284][INFO]: [9fb0acc43303d911eca40d0e1b55f64e] COMMAND ExecuteScript {
   "args": [  ],
   "script": "return $flutterDriverResult"
}
[1790942514.285][INFO]: Waiting for pending navigations...
[1790942514.285][INFO]: Done waiting for pending navigations. Status: ok
[1790942514.287][INFO]: Waiting for pending navigations...
[1790942514.287][INFO]: Done waiting for pending navigations. Status: ok
[1790942514.287][INFO]: [9fb0acc43303d911eca40d0e1b55f64e] RESPONSE ExecuteScript null
[1790942514.790][INFO]: [9fb0acc43303d911eca40d0e1b55f64e] COMMAND ExecuteScript {
   "args": [  ],
   "script": "return $flutterDriverResult"
}
[1790942514.790][INFO]: Waiting for pending navigations...
[1790942514.791][INFO]: Done waiting for pending navigations. Status: ok
[1790942514.793][INFO]: Waiting for pending navigations...
[1790942514.793][INFO]: Done waiting for pending navigations. Status: ok
[1790942514.793][INFO]: [9fb0acc43303d911eca40d0e1b55f64e] RESPONSE ExecuteScript null
[1790942515.295][INFO]: [9fb0acc43303d911eca40d0e1b55f64e] COMMAND ExecuteScript {
   "args": [  ],
   "script": "return $flutterDriverResult"
}
[1790942515.295][INFO]: Waiting for pending navigations...
[1790942515.296][INFO]: Done waiting for pending navigations. Status: ok
[1790942515.298][INFO]: Waiting for pending navigations...
[1790942515.298][INFO]: Done waiting for pending navigations. Status: ok
[1790942515.298][INFO]: [9fb0acc43303d911eca40d0e1b55f64e] RESPONSE ExecuteScript null
[1790942515.801][INFO]: [9fb0acc43303d911eca40d0e1b55f64e] COMMAND ExecuteScript {
   "args": [  ],
   "script": "return $flutterDriverResult"
}
[1790942515.801][INFO]: Waiting for pending navigations...
[1790942515.839][INFO]: Done waiting for pending navigations. Status: ok
[1790942515.841][INFO]: Waiting for pending navigations...
[1790942515.842][INFO]: Done waiting for pending navigations. Status: ok
[1790942515.842][INFO]: [9fb0acc43303d911eca40d0e1b55f64e] RESPONSE ExecuteScript null
[1790942516.344][INFO]: [9fb0acc43303d911eca40d0e1b55f64e] COMMAND ExecuteScript {
   "args": [  ],
   "script": "return $flutterDriverResult"
}
[1790942516.345][INFO]: Waiting for pending navigations...
[1790942516.345][INFO]: Done waiting for pending navigations. Status: ok
[1790942516.347][INFO]: Waiting for pending navigations...
[1790942516.347][INFO]: Done waiting for pending navigations. Status: ok
[1790942516.347][INFO]: [9fb0acc43303d911eca40d0e1b55f64e] RESPONSE ExecuteScript null
[1790942516.849][INFO]: [9fb0acc43303d911eca40d0e1b55f64e] COMMAND ExecuteScript {
   "args": [  ],
   "script": "return $flutterDriverResult"
}
[1790942516.849][INFO]: Waiting for pending navigations...
[1790942516.860][INFO]: Done waiting for pending navigations. Status: ok
[1790942516.871][INFO]: Waiting for pending navigations...
[1790942516.871][INFO]: Done waiting for pending navigations. Status: ok
[1790942516.871][INFO]: [9fb0acc43303d911eca40d0e1b55f64e] RESPONSE ExecuteScript null
[1790942517.374][INFO]: [9fb0acc43303d911eca40d0e1b55f64e] COMMAND ExecuteScript {
   "args": [  ],
   "script": "return $flutterDriverResult"
}
[1790942517.375][INFO]: Waiting for pending navigations...
[1790942517.375][INFO]: Done waiting for pending navigations. Status: ok
[1790942517.377][INFO]: Waiting for pending navigations...
[1790942517.377][INFO]: Done waiting for pending navigations. Status: ok
[1790942517.377][INFO]: [9fb0acc43303d911eca40d0e1b55f64e] RESPONSE ExecuteScript null
[1790942517.880][INFO]: [9fb0acc43303d911eca40d0e1b55f64e] COMMAND ExecuteScript {
   "args": [  ],
   "script": "return $flutterDriverResult"
}
[1790942517.880][INFO]: Waiting for pending navigations...
[1790942517.902][INFO]: Done waiting for pending navigations. Status: ok
[1790942517.904][INFO]: Waiting for pending navigations...
[1790942517.905][INFO]: Done waiting for pending navigations. Status: ok
[1790942517.905][INFO]: [9fb0acc43303d911eca40d0e1b55f64e] RESPONSE ExecuteScript null
[1790942518.409][INFO]: [9fb0acc43303d911eca40d0e1b55f64e] COMMAND ExecuteScript {
   "args": [  ],
   "script": "return $flutterDriverResult"
}
[1790942518.409][INFO]: Waiting for pending navigations...
[1790942518.419][INFO]: Done waiting for pending navigations. Status: ok
[1790942518.421][INFO]: Waiting for pending navigations...
[1790942518.421][INFO]: Done waiting for pending navigations. Status: ok
[1790942518.421][INFO]: [9fb0acc43303d911eca40d0e1b55f64e] RESPONSE ExecuteScript null
[1790942518.924][INFO]: [9fb0acc43303d911eca40d0e1b55f64e] COMMAND ExecuteScript {
   "args": [  ],
   "script": "return $flutterDriverResult"
}
[1790942518.924][INFO]: Waiting for pending navigations...
[1790942518.925][INFO]: Done waiting for pending navigations. Status: ok
[1790942518.927][INFO]: Waiting for pending navigations...
[1790942518.927][INFO]: Done waiting for pending navigations. Status: ok
[1790942518.927][INFO]: [9fb0acc43303d911eca40d0e1b55f64e] RESPONSE ExecuteScript null
[1790942519.429][INFO]: [9fb0acc43303d911eca40d0e1b55f64e] COMMAND ExecuteScript {
   "args": [  ],
   "script": "return $flutterDriverResult"
}
[1790942519.430][INFO]: Waiting for pending navigations...
[1790942519.437][INFO]: Done waiting for pending navigations. Status: ok
[1790942519.439][INFO]: Waiting for pending navigations...
[1790942519.440][INFO]: Done waiting for pending navigations. Status: ok
[1790942519.440][INFO]: [9fb0acc43303d911eca40d0e1b55f64e] RESPONSE ExecuteScript null
[1790942519.942][INFO]: [9fb0acc43303d911eca40d0e1b55f64e] COMMAND ExecuteScript {
   "args": [  ],
   "script": "return $flutterDriverResult"
}
[1790942519.942][INFO]: Waiting for pending navigations...
[1790942519.943][INFO]: Done waiting for pending navigations. Status: ok
[1790942519.945][INFO]: Waiting for pending navigations...
[1790942519.945][INFO]: Done waiting for pending navigations. Status: ok
[1790942519.945][INFO]: [9fb0acc43303d911eca40d0e1b55f64e] RESPONSE ExecuteScript null
[1790942520.451][INFO]: [9fb0acc43303d911eca40d0e1b55f64e] COMMAND ExecuteScript {
   "args": [  ],
   "script": "return $flutterDriverResult"
}
[1790942520.452][INFO]: Waiting for pending navigations...
[1790942520.471][INFO]: Done waiting for pending navigations. Status: ok
[1790942520.473][INFO]: Waiting for pending navigations...
[1790942520.473][INFO]: Done waiting for pending navigations. Status: ok
[1790942520.473][INFO]: [9fb0acc43303d911eca40d0e1b55f64e] RESPONSE ExecuteScript null
[1790942520.976][INFO]: [9fb0acc43303d911eca40d0e1b55f64e] COMMAND ExecuteScript {
   "args": [  ],
   "script": "return $flutterDriverResult"
}
[1790942520.976][INFO]: Waiting for pending navigations...
[1790942520.977][INFO]: Done waiting for pending navigations. Status: ok
[1790942520.979][INFO]: Waiting for pending navigations...
[1790942520.979][INFO]: Done waiting for pending navigations. Status: ok
[1790942520.979][INFO]: [9fb0acc43303d911eca40d0e1b55f64e] RESPONSE ExecuteScript null
[1790942521.481][INFO]: [9fb0acc43303d911eca40d0e1b55f64e] COMMAND ExecuteScript {
   "args": [  ],
   "script": "return $flutterDriverResult"
}
[1790942521.482][INFO]: Waiting for pending navigations...
[1790942521.492][INFO]: Done waiting for pending navigations. Status: ok
[1790942521.494][INFO]: Waiting for pending navigations...
[1790942521.494][INFO]: Done waiting for pending navigations. Status: ok
[1790942521.494][INFO]: [9fb0acc43303d911eca40d0e1b55f64e] RESPONSE ExecuteScript null
[1790942521.997][INFO]: [9fb0acc43303d911eca40d0e1b55f64e] COMMAND ExecuteScript {
   "args": [  ],
   "script": "return $flutterDriverResult"
}
[1790942521.997][INFO]: Waiting for pending navigations...
[1790942521.998][INFO]: Done waiting for pending navigations. Status: ok
[1790942521.999][INFO]: Waiting for pending navigations...
[1790942522.000][INFO]: Done waiting for pending navigations. Status: ok
[1790942522.000][INFO]: [9fb0acc43303d911eca40d0e1b55f64e] RESPONSE ExecuteScript null
[1790942522.502][INFO]: [9fb0acc43303d911eca40d0e1b55f64e] COMMAND ExecuteScript {
   "args": [  ],
   "script": "return $flutterDriverResult"
}
[1790942522.503][INFO]: Waiting for pending navigations...
[1790942522.511][INFO]: Done waiting for pending navigations. Status: ok
[1790942522.513][INFO]: Waiting for pending navigations...
[1790942522.513][INFO]: Done waiting for pending navigations. Status: ok
[1790942522.513][INFO]: [9fb0acc43303d911eca40d0e1b55f64e] RESPONSE ExecuteScript null
[1790942523.015][INFO]: [9fb0acc43303d911eca40d0e1b55f64e] COMMAND ExecuteScript {
   "args": [  ],
   "script": "return $flutterDriverResult"
}
[1790942523.015][INFO]: Waiting for pending navigations...
[1790942523.016][INFO]: Done waiting for pending navigations. Status: ok
[1790942523.017][INFO]: Waiting for pending navigations...
[1790942523.018][INFO]: Done waiting for pending navigations. Status: ok
[1790942523.018][INFO]: [9fb0acc43303d911eca40d0e1b55f64e] RESPONSE ExecuteScript null
[1790942523.520][INFO]: [9fb0acc43303d911eca40d0e1b55f64e] COMMAND ExecuteScript {
   "args": [  ],
   "script": "return $flutterDriverResult"
}
[1790942523.521][INFO]: Waiting for pending navigations...
[1790942523.566][INFO]: Done waiting for pending navigations. Status: ok
[1790942523.633][INFO]: Waiting for pending navigations...
[1790942523.633][INFO]: Done waiting for pending navigations. Status: ok
[1790942523.633][INFO]: [9fb0acc43303d911eca40d0e1b55f64e] RESPONSE ExecuteScript null
[1790942524.137][INFO]: [9fb0acc43303d911eca40d0e1b55f64e] COMMAND ExecuteScript {
   "args": [  ],
   "script": "return $flutterDriverResult"
}
[1790942524.139][INFO]: Waiting for pending navigations...
[1790942524.153][INFO]: Done waiting for pending navigations. Status: ok
[1790942524.155][INFO]: Waiting for pending navigations...
[1790942524.155][INFO]: Done waiting for pending navigations. Status: ok
[1790942524.155][INFO]: [9fb0acc43303d911eca40d0e1b55f64e] RESPONSE ExecuteScript null
[1790942524.657][INFO]: [9fb0acc43303d911eca40d0e1b55f64e] COMMAND ExecuteScript {
   "args": [  ],
   "script": "return $flutterDriverResult"
}
[1790942524.658][INFO]: Waiting for pending navigations...
[1790942524.658][INFO]: Done waiting for pending navigations. Status: ok
[1790942524.660][INFO]: Waiting for pending navigations...
[1790942524.660][INFO]: Done waiting for pending navigations. Status: ok
[1790942524.660][INFO]: [9fb0acc43303d911eca40d0e1b55f64e] RESPONSE ExecuteScript null
[1790942525.163][INFO]: [9fb0acc43303d911eca40d0e1b55f64e] COMMAND ExecuteScript {
   "args": [  ],
   "script": "return $flutterDriverResult"
}
[1790942525.164][INFO]: Waiting for pending navigations...
[1790942525.164][INFO]: Done waiting for pending navigations. Status: ok
[1790942525.277][INFO]: Waiting for pending navigations...
[1790942525.277][INFO]: Done waiting for pending navigations. Status: ok
[1790942525.277][INFO]: [9fb0acc43303d911eca40d0e1b55f64e] RESPONSE ExecuteScript null
[1790942525.780][INFO]: [9fb0acc43303d911eca40d0e1b55f64e] COMMAND ExecuteScript {
   "args": [  ],
   "script": "return $flutterDriverResult"
}
[1790942525.781][INFO]: Waiting for pending navigations...
[1790942525.882][INFO]: Done waiting for pending navigations. Status: ok
[1790942526.090][INFO]: Waiting for pending navigations...
[1790942526.091][INFO]: Done waiting for pending navigations. Status: ok
[1790942526.092][INFO]: [9fb0acc43303d911eca40d0e1b55f64e] RESPONSE ExecuteScript null
[1790942526.594][INFO]: [9fb0acc43303d911eca40d0e1b55f64e] COMMAND ExecuteScript {
   "args": [  ],
   "script": "return $flutterDriverResult"
}
[1790942526.594][INFO]: Waiting for pending navigations...
[1790942526.628][INFO]: Done waiting for pending navigations. Status: ok
[1790942526.630][INFO]: Waiting for pending navigations...
[1790942526.630][INFO]: Done waiting for pending navigations. Status: ok
[1790942526.630][INFO]: [9fb0acc43303d911eca40d0e1b55f64e] RESPONSE ExecuteScript null
[1790942527.134][INFO]: [9fb0acc43303d911eca40d0e1b55f64e] COMMAND ExecuteScript {
   "args": [  ],
   "script": "return $flutterDriverResult"
}
[1790942527.135][INFO]: Waiting for pending navigations...
[1790942527.280][INFO]: Done waiting for pending navigations. Status: ok
[1790942527.529][INFO]: Waiting for pending navigations...
[1790942527.530][INFO]: Done waiting for pending navigations. Status: ok
[1790942527.530][INFO]: [9fb0acc43303d911eca40d0e1b55f64e] RESPONSE ExecuteScript null
[1790942528.033][INFO]: [9fb0acc43303d911eca40d0e1b55f64e] COMMAND ExecuteScript {
   "args": [  ],
   "script": "return $flutterDriverResult"
}
[1790942528.037][INFO]: Waiting for pending navigations...
[1790942528.037][INFO]: Done waiting for pending navigations. Status: ok
[1790942528.039][INFO]: Waiting for pending navigations...
[1790942528.039][INFO]: Done waiting for pending navigations. Status: ok
[1790942528.039][INFO]: [9fb0acc43303d911eca40d0e1b55f64e] RESPONSE ExecuteScript null
[1790942528.541][INFO]: [9fb0acc43303d911eca40d0e1b55f64e] COMMAND ExecuteScript {
   "args": [  ],
   "script": "return $flutterDriverResult"
}
[1790942528.542][INFO]: Waiting for pending navigations...
[1790942528.543][INFO]: Done waiting for pending navigations. Status: ok
[1790942528.544][INFO]: Waiting for pending navigations...
[1790942528.545][INFO]: Done waiting for pending navigations. Status: ok
[1790942528.545][INFO]: [9fb0acc43303d911eca40d0e1b55f64e] RESPONSE ExecuteScript null
[1790942529.047][INFO]: [9fb0acc43303d911eca40d0e1b55f64e] COMMAND ExecuteScript {
   "args": [  ],
   "script": "return $flutterDriverResult"
}
[1790942529.050][INFO]: Waiting for pending navigations...
[1790942529.051][INFO]: Done waiting for pending navigations. Status: ok
[1790942529.052][INFO]: Waiting for pending navigations...
[1790942529.053][INFO]: Done waiting for pending navigations. Status: ok
[1790942529.053][INFO]: [9fb0acc43303d911eca40d0e1b55f64e] RESPONSE ExecuteScript null
[1790942529.555][INFO]: [9fb0acc43303d911eca40d0e1b55f64e] COMMAND ExecuteScript {
   "args": [  ],
   "script": "return $flutterDriverResult"
}
[1790942529.556][INFO]: Waiting for pending navigations...
[1790942529.556][INFO]: Done waiting for pending navigations. Status: ok
[1790942529.558][INFO]: Waiting for pending navigations...
[1790942529.558][INFO]: Done waiting for pending navigations. Status: ok
[1790942529.558][INFO]: [9fb0acc43303d911eca40d0e1b55f64e] RESPONSE ExecuteScript null
[1790942530.060][INFO]: [9fb0acc43303d911eca40d0e1b55f64e] COMMAND ExecuteScript {
   "args": [  ],
   "script": "return $flutterDriverResult"
}
[1790942530.063][INFO]: Waiting for pending navigations...
[1790942530.063][INFO]: Done waiting for pending navigations. Status: ok
[1790942530.065][INFO]: Waiting for pending navigations...
[1790942530.066][INFO]: Done waiting for pending navigations. Status: ok
[1790942530.066][INFO]: [9fb0acc43303d911eca40d0e1b55f64e] RESPONSE ExecuteScript null
[1790942530.568][INFO]: [9fb0acc43303d911eca40d0e1b55f64e] COMMAND ExecuteScript {
   "args": [  ],
   "script": "return $flutterDriverResult"
}
[1790942530.568][INFO]: Waiting for pending navigations...
[1790942530.569][INFO]: Done waiting for pending navigations. Status: ok
[1790942530.571][INFO]: Waiting for pending navigations...
[1790942530.571][INFO]: Done waiting for pending navigations. Status: ok
[1790942530.571][INFO]: [9fb0acc43303d911eca40d0e1b55f64e] RESPONSE ExecuteScript null
[1790942531.073][INFO]: [9fb0acc43303d911eca40d0e1b55f64e] COMMAND ExecuteScript {
   "args": [  ],
   "script": "return $flutterDriverResult"
}
[1790942531.075][INFO]: Waiting for pending navigations...
[1790942531.076][INFO]: Done waiting for pending navigations. Status: ok
[1790942531.077][INFO]: Waiting for pending navigations...
[1790942531.078][INFO]: Done waiting for pending navigations. Status: ok
[1790942531.078][INFO]: [9fb0acc43303d911eca40d0e1b55f64e] RESPONSE ExecuteScript null
[1790942531.580][INFO]: [9fb0acc43303d911eca40d0e1b55f64e] COMMAND ExecuteScript {
   "args": [  ],
   "script": "return $flutterDriverResult"
}
[1790942531.581][INFO]: Waiting for pending navigations...
[1790942531.582][INFO]: Done waiting for pending navigations. Status: ok
[1790942531.583][INFO]: Waiting for pending navigations...
[1790942531.584][INFO]: Done waiting for pending navigations. Status: ok
[1790942531.584][INFO]: [9fb0acc43303d911eca40d0e1b55f64e] RESPONSE ExecuteScript "{\"isError\":false,\"response\":{\"message\":\"{\\\"result\\\":\\\"false\\\",\\\"failureDetails\\\":[],\\\"data\\\":{\\\"web_driver_command\\\":\\\"WebDriverCommandType.noop\\\"}}\"}}"
[1790942531.586][INFO]: [9fb0acc43303d911eca40d0e1b55f64e] COMMAND ExecuteScript {
   "args": [  ],
   "script": "$flutterDriverResult = null"
}
[1790942531.586][INFO]: Waiting for pending navigations...
[1790942531.586][INFO]: Done waiting for pending navigations. Status: ok
[1790942531.588][INFO]: Waiting for pending navigations...
[1790942531.588][INFO]: Done waiting for pending navigations. Status: ok
[1790942531.588][INFO]: [9fb0acc43303d911eca40d0e1b55f64e] RESPONSE ExecuteScript null
[1790942531.592][INFO]: [9fb0acc43303d911eca40d0e1b55f64e] COMMAND ExecuteScript {
   "args": [  ],
   "script": "return $flutterDriverResult"
}
[1790942531.592][INFO]: Waiting for pending navigations...
[1790942531.593][INFO]: Done waiting for pending navigations. Status: ok
[1790942531.594][INFO]: Waiting for pending navigations...
[1790942531.594][INFO]: Done waiting for pending navigations. Status: ok
[1790942531.594][INFO]: [9fb0acc43303d911eca40d0e1b55f64e] RESPONSE ExecuteScript null
[1790942531.595][INFO]: [9fb0acc43303d911eca40d0e1b55f64e] COMMAND ExecuteScript {
   "args": [  ],
   "script": "window.$flutterDriver('{\"command\":\"request_data\"}')"
}
[1790942531.595][INFO]: Waiting for pending navigations...
[1790942531.596][INFO]: Done waiting for pending navigations. Status: ok
[1790942531.598][INFO]: Waiting for pending navigations...
[1790942531.599][INFO]: Done waiting for pending navigations. Status: ok
[1790942531.599][INFO]: [9fb0acc43303d911eca40d0e1b55f64e] RESPONSE ExecuteScript null
[1790942531.600][INFO]: [9fb0acc43303d911eca40d0e1b55f64e] COMMAND ExecuteScript {
   "args": [  ],
   "script": "return $flutterDriverResult"
}
[1790942531.600][INFO]: Waiting for pending navigations...
[1790942531.600][INFO]: Done waiting for pending navigations. Status: ok
[1790942531.601][INFO]: Waiting for pending navigations...
[1790942531.602][INFO]: Done waiting for pending navigations. Status: ok
[1790942531.602][INFO]: [9fb0acc43303d911eca40d0e1b55f64e] RESPONSE ExecuteScript "{\"isError\":false,\"response\":{\"message\":\"{\\\"result\\\":\\\"true\\\",\\\"failureDetails\\\":[],\\\"data\\\":{\\\"e2e_executed\\\":[\\\"attendance_journey_test\\\"]}}\"}}"
[1790942531.603][INFO]: [9fb0acc43303d911eca40d0e1b55f64e] COMMAND ExecuteScript {
   "args": [  ],
   "script": "$flutterDriverResult = null"
}
[1790942531.603][INFO]: Waiting for pending navigations...
[1790942531.603][INFO]: Done waiting for pending navigations. Status: ok
[1790942531.605][INFO]: Waiting for pending navigations...
[1790942531.605][INFO]: Done waiting for pending navigations. Status: ok
[1790942531.605][INFO]: [9fb0acc43303d911eca40d0e1b55f64e] RESPONSE ExecuteScript null
[1790942531.630][INFO]: [9fb0acc43303d911eca40d0e1b55f64e] COMMAND Quit {
}
[1790942531.681][INFO]: [9fb0acc43303d911eca40d0e1b55f64e] RESPONSE Quit
[1790942605.319][INFO]: [abf63e1b0029ee18c203994034e28290] COMMAND InitSession {
   "capabilities": {
      "alwaysMatch": {
         "acceptInsecureCerts": true,
         "browserName": "chrome",
         "goog:chromeOptions": {
            "args": [ "--bwsi", "--disable-background-timer-throttling", "--disable-default-apps", "--disable-extensions", "--disable-popup-blocking", "--disable-translate", "--no-default-browser-check", "--no-sandbox", "--no-first-run", "--headless" ],
            "perfLoggingPrefs": {
               "traceCategories": "devtools.timeline,v8,blink.console,benchmark,blink,blink.user_timing"
            },
            "w3c": true
         },
         "goog:loggingPrefs": {
            "browser": "INFO",
            "performance": "ALL"
         }
      }
   },
   "desiredCapabilities": {
      "acceptInsecureCerts": true,
      "browserName": "chrome",
      "goog:chromeOptions": {
         "args": [ "--bwsi", "--disable-background-timer-throttling", "--disable-default-apps", "--disable-extensions", "--disable-popup-blocking", "--disable-translate", "--no-default-browser-check", "--no-sandbox", "--no-first-run", "--headless" ],
         "perfLoggingPrefs": {
            "traceCategories": "devtools.timeline,v8,blink.console,benchmark,blink,blink.user_timing"
         },
         "w3c": true
      },
      "goog:loggingPrefs": {
         "browser": "INFO",
         "performance": "ALL"
      }
   }
}
[1790942605.319][INFO]: Browser search. Trying... /opt/hostedtoolcache/setup-chrome/chromedriver/stable/x64/chrome
[1790942605.319][INFO]: Browser search. Trying... /opt/hostedtoolcache/setup-chrome/chromedriver/stable/x64/chrome
[1790942605.319][INFO]: Browser search. Trying... /opt/hostedtoolcache/setup-chrome/chromedriver/stable/x64/google-chrome
[1790942605.319][INFO]: Browser search. Trying... /opt/hostedtoolcache/setup-chrome/chromedriver/stable/x64/chromium
[1790942605.319][INFO]: Browser search. Trying... /opt/hostedtoolcache/setup-chrome/chromedriver/stable/x64/chromium-browser
[1790942605.319][INFO]: Browser search. Trying... /usr/local/sbin/chrome
[1790942605.319][INFO]: Browser search. Trying... /usr/local/bin/chrome
[1790942605.319][INFO]: Browser search. Trying... /usr/sbin/chrome
[1790942605.319][INFO]: Browser search. Trying... /usr/bin/chrome
[1790942605.319][INFO]: Browser search. Trying... /sbin/chrome
[1790942605.319][INFO]: Browser search. Trying... /bin/chrome
[1790942605.319][INFO]: Browser search. Trying... /opt/google/chrome/chrome
[1790942605.319][INFO]: Browser search. Found at  /opt/google/chrome/chrome
[1790942605.319][INFO]: Populating Preferences file: {
   "alternate_error_pages": {
      "enabled": false
   },
   "autofill": {
      "enabled": false
   },
   "browser": {
      "check_default_browser": false
   },
   "distribution": {
      "import_bookmarks": false,
      "import_history": false,
      "import_search_engine": false,
      "make_chrome_default_for_user": false,
      "skip_first_run_ui": true
   },
   "dns_prefetching": {
      "enabled": false
   },
   "profile": {
      "content_settings": {
         "pattern_pairs": {
            "https://*,*": {
               "media-stream": {
                  "audio": "Default",
                  "video": "Default"
               }
            }
         }
      },
      "default_content_setting_values": {
         "geolocation": 1
      },
      "default_content_settings": {
         "geolocation": 1,
         "mouselock": 1,
         "notifications": 1,
         "popups": 1,
         "ppapi-broker": 1
      },
      "password_manager_enabled": false
   },
   "safebrowsing": {
      "enabled": false
   },
   "search": {
      "suggest_enabled": false
   },
   "translate": {
      "enabled": false
   }
}
[1790942605.319][INFO]: Populating Local State file: {
   "background_mode": {
      "enabled": false
   },
   "ssl": {
      "rev_checking": {
         "enabled": false
      }
   }
}
[1790942605.319][INFO]: ChromeDriver supports communication with Chrome via pipes. This is more reliable and more secure.
[1790942605.319][INFO]: Use the --remote-debugging-pipe Chrome switch instead of the default --remote-debugging-port to enable this communication mode.
[1790942605.320][INFO]: Launching chrome: /opt/google/chrome/chrome --allow-pre-commit-input --bwsi --disable-background-networking --disable-background-timer-throttling --disable-backgrounding-occluded-windows --disable-client-side-phishing-detection --disable-default-apps --disable-extensions --disable-features=IgnoreDuplicateNavs,Prewarm --disable-hang-monitor --disable-popup-blocking --disable-prompt-on-repost --disable-sync --disable-translate --enable-automation --enable-logging --headless --ignore-certificate-errors --log-level=0 --no-default-browser-check --no-first-run --no-sandbox --no-service-autorun --password-store=basic --remote-debugging-port=0 --test-type=webdriver --use-mock-keychain --user-data-dir=/tmp/org.chromium.Chromium.scoped_dir.oOjcg7 data:,
[1790942605.550][INFO]: resolved localhost to ["::1","127.0.0.1"]
[1790942605.622][INFO]: [abf63e1b0029ee18c203994034e28290] RESPONSE InitSession {
   "capabilities": {
      "acceptInsecureCerts": true,
      "browserName": "chrome",
      "browserVersion": "154.0.8037.97",
      "chrome": {
         "chromedriverVersion": "154.0.8037.92 (334b65d254ccc35df4fca82706d1753227b01039-refs/branch-heads/8037@{#1589})",
         "userDataDir": "/tmp/org.chromium.Chromium.scoped_dir.oOjcg7"
      },
      "fedcm:accounts": true,
      "goog:chromeOptions": {
         "debuggerAddress": "localhost:40645"
      },
      "goog:processID": 3836,
      "networkConnectionEnabled": false,
      "pageLoadStrategy": "normal",
      "platformName": "linux",
      "proxy": {
      },
      "setWindowRect": true,
      "strictFileInteractability": false,
      "timeouts": {
         "implicit": 0,
         "pageLoad": 300000,
         "script": 30000
      },
      "unhandledPromptBehavior": "dismiss and notify",
      "webauthn:extension:cmtgKey": true,
      "webauthn:extension:credBlob": true,
      "webauthn:extension:largeBlob": true,
      "webauthn:extension:minPinLength": true,
      "~~~": "..."
   },
   "sessionId": "abf63e1b0029ee18c203994034e28290"
}
[1790942605.648][INFO]: [abf63e1b0029ee18c203994034e28290] COMMAND GetWindow {
}
[1790942605.648][INFO]: [abf63e1b0029ee18c203994034e28290] RESPONSE GetWindow "EFA0B666B3D0EF143FC683197B3B75AF"
[1790942605.651][INFO]: [abf63e1b0029ee18c203994034e28290] COMMAND SetWindowRect {
   "x": 0,
   "y": 0
}
[1790942605.651][INFO]: Waiting for pending navigations...
[1790942605.659][INFO]: Done waiting for pending navigations. Status: ok
[1790942605.671][INFO]: Waiting for pending navigations...
[1790942605.672][INFO]: Done waiting for pending navigations. Status: ok
[1790942605.672][INFO]: [abf63e1b0029ee18c203994034e28290] RESPONSE SetWindowRect {
   "height": 580,
   "width": 780,
   "x": 0,
   "y": 0
}
[1790942605.674][INFO]: [abf63e1b0029ee18c203994034e28290] COMMAND SetWindowRect {
   "height": 1024,
   "width": 1600
}
[1790942605.675][INFO]: Waiting for pending navigations...
[1790942605.675][INFO]: Done waiting for pending navigations. Status: ok
[1790942605.694][INFO]: Waiting for pending navigations...
[1790942605.695][INFO]: Done waiting for pending navigations. Status: ok
[1790942605.695][INFO]: [abf63e1b0029ee18c203994034e28290] RESPONSE SetWindowRect {
   "height": 1024,
   "width": 1600,
   "x": 0,
   "y": 0
}
[1790942608.059][INFO]: [abf63e1b0029ee18c203994034e28290] COMMAND Navigate {
   "url": "http://localhost:41833"
}
[1790942608.181][INFO]: Waiting for pending navigations...
[1790942608.181][INFO]: Done waiting for pending navigations. Status: ok
[1790942608.961][INFO]: Waiting for pending navigations...
[1790942615.183][INFO]: Done waiting for pending navigations. Status: ok
[1790942615.183][INFO]: [abf63e1b0029ee18c203994034e28290] RESPONSE Navigate
[1790942615.208][INFO]: [abf63e1b0029ee18c203994034e28290] COMMAND ExecuteScript {
   "args": [  ],
   "script": "return typeof(window.$flutterDriver)"
}
[1790942615.209][INFO]: Waiting for pending navigations...
[1790942615.209][INFO]: Done waiting for pending navigations. Status: ok
[1790942615.212][INFO]: Waiting for pending navigations...
[1790942615.213][INFO]: Done waiting for pending navigations. Status: ok
[1790942615.213][INFO]: [abf63e1b0029ee18c203994034e28290] RESPONSE ExecuteScript "undefined"
[1790942615.728][INFO]: [abf63e1b0029ee18c203994034e28290] COMMAND ExecuteScript {
   "args": [  ],
   "script": "return typeof(window.$flutterDriver)"
}
[1790942615.737][INFO]: Waiting for pending navigations...
[1790942615.912][INFO]: Done waiting for pending navigations. Status: ok
[1790942616.179][INFO]: Waiting for pending navigations...
[1790942616.189][INFO]: Done waiting for pending navigations. Status: ok
[1790942616.189][INFO]: [abf63e1b0029ee18c203994034e28290] RESPONSE ExecuteScript "function"
[1790942616.212][INFO]: [abf63e1b0029ee18c203994034e28290] COMMAND ExecuteScript {
   "args": [  ],
   "script": "return $flutterDriverResult"
}
[1790942616.213][INFO]: Waiting for pending navigations...
[1790942616.218][INFO]: Done waiting for pending navigations. Status: ok
[1790942616.221][INFO]: Waiting for pending navigations...
[1790942616.222][INFO]: Done waiting for pending navigations. Status: ok
[1790942616.222][INFO]: [abf63e1b0029ee18c203994034e28290] RESPONSE ExecuteScript null
[1790942616.224][INFO]: [abf63e1b0029ee18c203994034e28290] COMMAND ExecuteScript {
   "args": [  ],
   "script": "window.$flutterDriver('{\"command\":\"request_data\",\"message\":\"pending\"}')"
}
[1790942616.225][INFO]: Waiting for pending navigations...
[1790942616.225][INFO]: Done waiting for pending navigations. Status: ok
[1790942616.231][INFO]: Waiting for pending navigations...
[1790942616.232][INFO]: Done waiting for pending navigations. Status: ok
[1790942616.232][INFO]: [abf63e1b0029ee18c203994034e28290] RESPONSE ExecuteScript null
[1790942616.234][INFO]: [abf63e1b0029ee18c203994034e28290] COMMAND ExecuteScript {
   "args": [  ],
   "script": "return $flutterDriverResult"
}
[1790942616.234][INFO]: Waiting for pending navigations...
[1790942616.234][INFO]: Done waiting for pending navigations. Status: ok
[1790942616.238][INFO]: Waiting for pending navigations...
[1790942616.238][INFO]: Done waiting for pending navigations. Status: ok
[1790942616.238][INFO]: [abf63e1b0029ee18c203994034e28290] RESPONSE ExecuteScript null
[1790942616.741][INFO]: [abf63e1b0029ee18c203994034e28290] COMMAND ExecuteScript {
   "args": [  ],
   "script": "return $flutterDriverResult"
}
[1790942616.799][INFO]: Waiting for pending navigations...
[1790942617.450][INFO]: Done waiting for pending navigations. Status: ok
[1790942617.459][INFO]: Waiting for pending navigations...
[1790942617.460][INFO]: Done waiting for pending navigations. Status: ok
[1790942617.460][INFO]: [abf63e1b0029ee18c203994034e28290] RESPONSE ExecuteScript null
[1790942617.963][INFO]: [abf63e1b0029ee18c203994034e28290] COMMAND ExecuteScript {
   "args": [  ],
   "script": "return $flutterDriverResult"
}
[1790942617.963][INFO]: Waiting for pending navigations...
[1790942617.964][INFO]: Done waiting for pending navigations. Status: ok
[1790942617.966][INFO]: Waiting for pending navigations...
[1790942617.966][INFO]: Done waiting for pending navigations. Status: ok
[1790942617.966][INFO]: [abf63e1b0029ee18c203994034e28290] RESPONSE ExecuteScript null
[1790942618.468][INFO]: [abf63e1b0029ee18c203994034e28290] COMMAND ExecuteScript {
   "args": [  ],
   "script": "return $flutterDriverResult"
}
[1790942618.468][INFO]: Waiting for pending navigations...
[1790942618.469][INFO]: Done waiting for pending navigations. Status: ok
[1790942618.470][INFO]: Waiting for pending navigations...
[1790942618.470][INFO]: Done waiting for pending navigations. Status: ok
[1790942618.471][INFO]: [abf63e1b0029ee18c203994034e28290] RESPONSE ExecuteScript null
[1790942618.973][INFO]: [abf63e1b0029ee18c203994034e28290] COMMAND ExecuteScript {
   "args": [  ],
   "script": "return $flutterDriverResult"
}
[1790942618.974][INFO]: Waiting for pending navigations...
[1790942618.974][INFO]: Done waiting for pending navigations. Status: ok
[1790942618.976][INFO]: Waiting for pending navigations...
[1790942618.976][INFO]: Done waiting for pending navigations. Status: ok
[1790942618.976][INFO]: [abf63e1b0029ee18c203994034e28290] RESPONSE ExecuteScript null
[1790942619.478][INFO]: [abf63e1b0029ee18c203994034e28290] COMMAND ExecuteScript {
   "args": [  ],
   "script": "return $flutterDriverResult"
}
[1790942619.478][INFO]: Waiting for pending navigations...
[1790942619.488][INFO]: Done waiting for pending navigations. Status: ok
[1790942619.491][INFO]: Waiting for pending navigations...
[1790942619.491][INFO]: Done waiting for pending navigations. Status: ok
[1790942619.491][INFO]: [abf63e1b0029ee18c203994034e28290] RESPONSE ExecuteScript null
[1790942619.994][INFO]: [abf63e1b0029ee18c203994034e28290] COMMAND ExecuteScript {
   "args": [  ],
   "script": "return $flutterDriverResult"
}
[1790942619.994][INFO]: Waiting for pending navigations...
[1790942619.995][INFO]: Done waiting for pending navigations. Status: ok
[1790942619.997][INFO]: Waiting for pending navigations...
[1790942619.997][INFO]: Done waiting for pending navigations. Status: ok
[1790942619.997][INFO]: [abf63e1b0029ee18c203994034e28290] RESPONSE ExecuteScript null
[1790942620.499][INFO]: [abf63e1b0029ee18c203994034e28290] COMMAND ExecuteScript {
   "args": [  ],
   "script": "return $flutterDriverResult"
}
[1790942620.499][INFO]: Waiting for pending navigations...
[1790942620.541][INFO]: Done waiting for pending navigations. Status: ok
[1790942620.653][INFO]: Waiting for pending navigations...
[1790942620.653][INFO]: Done waiting for pending navigations. Status: ok
[1790942620.653][INFO]: [abf63e1b0029ee18c203994034e28290] RESPONSE ExecuteScript null
[1790942621.156][INFO]: [abf63e1b0029ee18c203994034e28290] COMMAND ExecuteScript {
   "args": [  ],
   "script": "return $flutterDriverResult"
}
[1790942621.159][INFO]: Waiting for pending navigations...
[1790942621.159][INFO]: Done waiting for pending navigations. Status: ok
[1790942621.161][INFO]: Waiting for pending navigations...
[1790942621.161][INFO]: Done waiting for pending navigations. Status: ok
[1790942621.161][INFO]: [abf63e1b0029ee18c203994034e28290] RESPONSE ExecuteScript null
[1790942621.664][INFO]: [abf63e1b0029ee18c203994034e28290] COMMAND ExecuteScript {
   "args": [  ],
   "script": "return $flutterDriverResult"
}
[1790942621.665][INFO]: Waiting for pending navigations...
[1790942621.665][INFO]: Done waiting for pending navigations. Status: ok
[1790942621.667][INFO]: Waiting for pending navigations...
[1790942621.667][INFO]: Done waiting for pending navigations. Status: ok
[1790942621.667][INFO]: [abf63e1b0029ee18c203994034e28290] RESPONSE ExecuteScript null
[1790942622.169][INFO]: [abf63e1b0029ee18c203994034e28290] COMMAND ExecuteScript {
   "args": [  ],
   "script": "return $flutterDriverResult"
}
[1790942622.170][INFO]: Waiting for pending navigations...
[1790942622.175][INFO]: Done waiting for pending navigations. Status: ok
[1790942622.176][INFO]: Waiting for pending navigations...
[1790942622.177][INFO]: Done waiting for pending navigations. Status: ok
[1790942622.177][INFO]: [abf63e1b0029ee18c203994034e28290] RESPONSE ExecuteScript null
[1790942622.679][INFO]: [abf63e1b0029ee18c203994034e28290] COMMAND ExecuteScript {
   "args": [  ],
   "script": "return $flutterDriverResult"
}
[1790942622.688][INFO]: Waiting for pending navigations...
[1790942622.689][INFO]: Done waiting for pending navigations. Status: ok
[1790942622.691][INFO]: Waiting for pending navigations...
[1790942622.691][INFO]: Done waiting for pending navigations. Status: ok
[1790942622.691][INFO]: [abf63e1b0029ee18c203994034e28290] RESPONSE ExecuteScript null
[1790942623.193][INFO]: [abf63e1b0029ee18c203994034e28290] COMMAND ExecuteScript {
   "args": [  ],
   "script": "return $flutterDriverResult"
}
[1790942623.194][INFO]: Waiting for pending navigations...
[1790942623.194][INFO]: Done waiting for pending navigations. Status: ok
[1790942623.196][INFO]: Waiting for pending navigations...
[1790942623.196][INFO]: Done waiting for pending navigations. Status: ok
[1790942623.196][INFO]: [abf63e1b0029ee18c203994034e28290] RESPONSE ExecuteScript null
[1790942623.699][INFO]: [abf63e1b0029ee18c203994034e28290] COMMAND ExecuteScript {
   "args": [  ],
   "script": "return $flutterDriverResult"
}
[1790942623.702][INFO]: Waiting for pending navigations...
[1790942623.702][INFO]: Done waiting for pending navigations. Status: ok
[1790942623.704][INFO]: Waiting for pending navigations...
[1790942623.704][INFO]: Done waiting for pending navigations. Status: ok
[1790942623.704][INFO]: [abf63e1b0029ee18c203994034e28290] RESPONSE ExecuteScript null
[1790942624.206][INFO]: [abf63e1b0029ee18c203994034e28290] COMMAND ExecuteScript {
   "args": [  ],
   "script": "return $flutterDriverResult"
}
[1790942624.207][INFO]: Waiting for pending navigations...
[1790942624.207][INFO]: Done waiting for pending navigations. Status: ok
[1790942624.209][INFO]: Waiting for pending navigations...
[1790942624.209][INFO]: Done waiting for pending navigations. Status: ok
[1790942624.209][INFO]: [abf63e1b0029ee18c203994034e28290] RESPONSE ExecuteScript null
[1790942624.712][INFO]: [abf63e1b0029ee18c203994034e28290] COMMAND ExecuteScript {
   "args": [  ],
   "script": "return $flutterDriverResult"
}
[1790942624.714][INFO]: Waiting for pending navigations...
[1790942624.741][INFO]: Done waiting for pending navigations. Status: ok
[1790942624.744][INFO]: Waiting for pending navigations...
[1790942624.745][INFO]: Done waiting for pending navigations. Status: ok
[1790942624.745][INFO]: [abf63e1b0029ee18c203994034e28290] RESPONSE ExecuteScript null
[1790942625.248][INFO]: [abf63e1b0029ee18c203994034e28290] COMMAND ExecuteScript {
   "args": [  ],
   "script": "return $flutterDriverResult"
}
[1790942625.249][INFO]: Waiting for pending navigations...
[1790942625.250][INFO]: Done waiting for pending navigations. Status: ok
[1790942625.252][INFO]: Waiting for pending navigations...
[1790942625.252][INFO]: Done waiting for pending navigations. Status: ok
[1790942625.252][INFO]: [abf63e1b0029ee18c203994034e28290] RESPONSE ExecuteScript "{\"isError\":false,\"response\":{\"message\":\"{\\\"result\\\":\\\"false\\\",\\\"failureDetails\\\":[],\\\"data\\\":{\\\"web_driver_command\\\":\\\"WebDriverCommandType.noop\\\"}}\"}}"
[1790942625.255][INFO]: [abf63e1b0029ee18c203994034e28290] COMMAND ExecuteScript {
   "args": [  ],
   "script": "$flutterDriverResult = null"
}
[1790942625.255][INFO]: Waiting for pending navigations...
[1790942625.255][INFO]: Done waiting for pending navigations. Status: ok
[1790942625.257][INFO]: Waiting for pending navigations...
[1790942625.257][INFO]: Done waiting for pending navigations. Status: ok
[1790942625.257][INFO]: [abf63e1b0029ee18c203994034e28290] RESPONSE ExecuteScript null
[1790942625.261][INFO]: [abf63e1b0029ee18c203994034e28290] COMMAND ExecuteScript {
   "args": [  ],
   "script": "return $flutterDriverResult"
}
[1790942625.261][INFO]: Waiting for pending navigations...
[1790942625.261][INFO]: Done waiting for pending navigations. Status: ok
[1790942625.263][INFO]: Waiting for pending navigations...
[1790942625.263][INFO]: Done waiting for pending navigations. Status: ok
[1790942625.263][INFO]: [abf63e1b0029ee18c203994034e28290] RESPONSE ExecuteScript null
[1790942625.264][INFO]: [abf63e1b0029ee18c203994034e28290] COMMAND ExecuteScript {
   "args": [  ],
   "script": "window.$flutterDriver('{\"command\":\"request_data\"}')"
}
[1790942625.264][INFO]: Waiting for pending navigations...
[1790942625.265][INFO]: Done waiting for pending navigations. Status: ok
[1790942625.268][INFO]: Waiting for pending navigations...
[1790942625.268][INFO]: Done waiting for pending navigations. Status: ok
[1790942625.268][INFO]: [abf63e1b0029ee18c203994034e28290] RESPONSE ExecuteScript null
[1790942625.269][INFO]: [abf63e1b0029ee18c203994034e28290] COMMAND ExecuteScript {
   "args": [  ],
   "script": "return $flutterDriverResult"
}
[1790942625.269][INFO]: Waiting for pending navigations...
[1790942625.269][INFO]: Done waiting for pending navigations. Status: ok
[1790942625.271][INFO]: Waiting for pending navigations...
[1790942625.271][INFO]: Done waiting for pending navigations. Status: ok
[1790942625.271][INFO]: [abf63e1b0029ee18c203994034e28290] RESPONSE ExecuteScript "{\"isError\":false,\"response\":{\"message\":\"{\\\"result\\\":\\\"true\\\",\\\"failureDetails\\\":[],\\\"data\\\":{\\\"e2e_executed\\\":[\\\"auth_journey_test\\\"]}}\"}}"
[1790942625.273][INFO]: [abf63e1b0029ee18c203994034e28290] COMMAND ExecuteScript {
   "args": [  ],
   "script": "$flutterDriverResult = null"
}
[1790942625.273][INFO]: Waiting for pending navigations...
[1790942625.273][INFO]: Done waiting for pending navigations. Status: ok
[1790942625.275][INFO]: Waiting for pending navigations...
[1790942625.275][INFO]: Done waiting for pending navigations. Status: ok
[1790942625.275][INFO]: [abf63e1b0029ee18c203994034e28290] RESPONSE ExecuteScript null
[1790942625.302][INFO]: [abf63e1b0029ee18c203994034e28290] COMMAND Quit {
}
[1790942625.353][INFO]: [abf63e1b0029ee18c203994034e28290] RESPONSE Quit
[1790942698.502][INFO]: [85d7ef70e97f79926162038c0305cc01] COMMAND InitSession {
   "capabilities": {
      "alwaysMatch": {
         "acceptInsecureCerts": true,
         "browserName": "chrome",
         "goog:chromeOptions": {
            "args": [ "--bwsi", "--disable-background-timer-throttling", "--disable-default-apps", "--disable-extensions", "--disable-popup-blocking", "--disable-translate", "--no-default-browser-check", "--no-sandbox", "--no-first-run", "--headless" ],
            "perfLoggingPrefs": {
               "traceCategories": "devtools.timeline,v8,blink.console,benchmark,blink,blink.user_timing"
            },
            "w3c": true
         },
         "goog:loggingPrefs": {
            "browser": "INFO",
            "performance": "ALL"
         }
      }
   },
   "desiredCapabilities": {
      "acceptInsecureCerts": true,
      "browserName": "chrome",
      "goog:chromeOptions": {
         "args": [ "--bwsi", "--disable-background-timer-throttling", "--disable-default-apps", "--disable-extensions", "--disable-popup-blocking", "--disable-translate", "--no-default-browser-check", "--no-sandbox", "--no-first-run", "--headless" ],
         "perfLoggingPrefs": {
            "traceCategories": "devtools.timeline,v8,blink.console,benchmark,blink,blink.user_timing"
         },
         "w3c": true
      },
      "goog:loggingPrefs": {
         "browser": "INFO",
         "performance": "ALL"
      }
   }
}
[1790942698.502][INFO]: Browser search. Trying... /opt/hostedtoolcache/setup-chrome/chromedriver/stable/x64/chrome
[1790942698.502][INFO]: Browser search. Trying... /opt/hostedtoolcache/setup-chrome/chromedriver/stable/x64/chrome
[1790942698.502][INFO]: Browser search. Trying... /opt/hostedtoolcache/setup-chrome/chromedriver/stable/x64/google-chrome
[1790942698.502][INFO]: Browser search. Trying... /opt/hostedtoolcache/setup-chrome/chromedriver/stable/x64/chromium
[1790942698.502][INFO]: Browser search. Trying... /opt/hostedtoolcache/setup-chrome/chromedriver/stable/x64/chromium-browser
[1790942698.502][INFO]: Browser search. Trying... /usr/local/sbin/chrome
[1790942698.502][INFO]: Browser search. Trying... /usr/local/bin/chrome
[1790942698.502][INFO]: Browser search. Trying... /usr/sbin/chrome
[1790942698.502][INFO]: Browser search. Trying... /usr/bin/chrome
[1790942698.502][INFO]: Browser search. Trying... /sbin/chrome
[1790942698.502][INFO]: Browser search. Trying... /bin/chrome
[1790942698.502][INFO]: Browser search. Trying... /opt/google/chrome/chrome
[1790942698.502][INFO]: Browser search. Found at  /opt/google/chrome/chrome
[1790942698.502][INFO]: Populating Preferences file: {
   "alternate_error_pages": {
      "enabled": false
   },
   "autofill": {
      "enabled": false
   },
   "browser": {
      "check_default_browser": false
   },
   "distribution": {
      "import_bookmarks": false,
      "import_history": false,
      "import_search_engine": false,
      "make_chrome_default_for_user": false,
      "skip_first_run_ui": true
   },
   "dns_prefetching": {
      "enabled": false
   },
   "profile": {
      "content_settings": {
         "pattern_pairs": {
            "https://*,*": {
               "media-stream": {
                  "audio": "Default",
                  "video": "Default"
               }
            }
         }
      },
      "default_content_setting_values": {
         "geolocation": 1
      },
      "default_content_settings": {
         "geolocation": 1,
         "mouselock": 1,
         "notifications": 1,
         "popups": 1,
         "ppapi-broker": 1
      },
      "password_manager_enabled": false
   },
   "safebrowsing": {
      "enabled": false
   },
   "search": {
      "suggest_enabled": false
   },
   "translate": {
      "enabled": false
   }
}
[1790942698.503][INFO]: Populating Local State file: {
   "background_mode": {
      "enabled": false
   },
   "ssl": {
      "rev_checking": {
         "enabled": false
      }
   }
}
[1790942698.503][INFO]: ChromeDriver supports communication with Chrome via pipes. This is more reliable and more secure.
[1790942698.503][INFO]: Use the --remote-debugging-pipe Chrome switch instead of the default --remote-debugging-port to enable this communication mode.
[1790942698.503][INFO]: Launching chrome: /opt/google/chrome/chrome --allow-pre-commit-input --bwsi --disable-background-networking --disable-background-timer-throttling --disable-backgrounding-occluded-windows --disable-client-side-phishing-detection --disable-default-apps --disable-extensions --disable-features=IgnoreDuplicateNavs,Prewarm --disable-hang-monitor --disable-popup-blocking --disable-prompt-on-repost --disable-sync --disable-translate --enable-automation --enable-logging --headless --ignore-certificate-errors --log-level=0 --no-default-browser-check --no-first-run --no-sandbox --no-service-autorun --password-store=basic --remote-debugging-port=0 --test-type=webdriver --use-mock-keychain --user-data-dir=/tmp/org.chromium.Chromium.scoped_dir.Hm3uFG data:,
[1790942698.727][INFO]: resolved localhost to ["::1","127.0.0.1"]
[1790942698.803][INFO]: [85d7ef70e97f79926162038c0305cc01] RESPONSE InitSession {
   "capabilities": {
      "acceptInsecureCerts": true,
      "browserName": "chrome",
      "browserVersion": "154.0.8037.97",
      "chrome": {
         "chromedriverVersion": "154.0.8037.92 (334b65d254ccc35df4fca82706d1753227b01039-refs/branch-heads/8037@{#1589})",
         "userDataDir": "/tmp/org.chromium.Chromium.scoped_dir.Hm3uFG"
      },
      "fedcm:accounts": true,
      "goog:chromeOptions": {
         "debuggerAddress": "localhost:37811"
      },
      "goog:processID": 4104,
      "networkConnectionEnabled": false,
      "pageLoadStrategy": "normal",
      "platformName": "linux",
      "proxy": {
      },
      "setWindowRect": true,
      "strictFileInteractability": false,
      "timeouts": {
         "implicit": 0,
         "pageLoad": 300000,
         "script": 30000
      },
      "unhandledPromptBehavior": "dismiss and notify",
      "webauthn:extension:cmtgKey": true,
      "webauthn:extension:credBlob": true,
      "webauthn:extension:largeBlob": true,
      "webauthn:extension:minPinLength": true,
      "~~~": "..."
   },
   "sessionId": "85d7ef70e97f79926162038c0305cc01"
}
[1790942698.827][INFO]: [85d7ef70e97f79926162038c0305cc01] COMMAND GetWindow {
}
[1790942698.827][INFO]: [85d7ef70e97f79926162038c0305cc01] RESPONSE GetWindow "CC52709BCB5B885CB8E7FE3A47B1C74A"
[1790942698.830][INFO]: [85d7ef70e97f79926162038c0305cc01] COMMAND SetWindowRect {
   "x": 0,
   "y": 0
}
[1790942698.830][INFO]: Waiting for pending navigations...
[1790942698.838][INFO]: Done waiting for pending navigations. Status: ok
[1790942698.850][INFO]: Waiting for pending navigations...
[1790942698.850][INFO]: Done waiting for pending navigations. Status: ok
[1790942698.850][INFO]: [85d7ef70e97f79926162038c0305cc01] RESPONSE SetWindowRect {
   "height": 580,
   "width": 780,
   "x": 0,
   "y": 0
}
[1790942698.853][INFO]: [85d7ef70e97f79926162038c0305cc01] COMMAND SetWindowRect {
   "height": 1024,
   "width": 1600
}
[1790942698.853][INFO]: Waiting for pending navigations...
[1790942698.854][INFO]: Done waiting for pending navigations. Status: ok
[1790942698.871][INFO]: Waiting for pending navigations...
[1790942698.872][INFO]: Done waiting for pending navigations. Status: ok
[1790942698.872][INFO]: [85d7ef70e97f79926162038c0305cc01] RESPONSE SetWindowRect {
   "height": 1024,
   "width": 1600,
   "x": 0,
   "y": 0
}
[1790942701.252][INFO]: [85d7ef70e97f79926162038c0305cc01] COMMAND Navigate {
   "url": "http://localhost:44381"
}
[1790942701.369][INFO]: Waiting for pending navigations...
[1790942701.369][INFO]: Done waiting for pending navigations. Status: ok
[1790942702.126][INFO]: Waiting for pending navigations...
[1790942708.076][INFO]: Done waiting for pending navigations. Status: ok
[1790942708.076][INFO]: [85d7ef70e97f79926162038c0305cc01] RESPONSE Navigate
[1790942708.105][INFO]: [85d7ef70e97f79926162038c0305cc01] COMMAND ExecuteScript {
   "args": [  ],
   "script": "return typeof(window.$flutterDriver)"
}
[1790942708.106][INFO]: Waiting for pending navigations...
[1790942708.106][INFO]: Done waiting for pending navigations. Status: ok
[1790942708.110][INFO]: Waiting for pending navigations...
[1790942708.111][INFO]: Done waiting for pending navigations. Status: ok
[1790942708.111][INFO]: [85d7ef70e97f79926162038c0305cc01] RESPONSE ExecuteScript "undefined"
[1790942708.629][INFO]: [85d7ef70e97f79926162038c0305cc01] COMMAND ExecuteScript {
   "args": [  ],
   "script": "return typeof(window.$flutterDriver)"
}
[1790942708.642][INFO]: Waiting for pending navigations...
[1790942708.813][INFO]: Done waiting for pending navigations. Status: ok
[1790942709.095][INFO]: Waiting for pending navigations...
[1790942709.096][INFO]: Done waiting for pending navigations. Status: ok
[1790942709.096][INFO]: [85d7ef70e97f79926162038c0305cc01] RESPONSE ExecuteScript "function"
[1790942709.120][INFO]: [85d7ef70e97f79926162038c0305cc01] COMMAND ExecuteScript {
   "args": [  ],
   "script": "return $flutterDriverResult"
}
[1790942709.120][INFO]: Waiting for pending navigations...
[1790942709.121][INFO]: Done waiting for pending navigations. Status: ok
[1790942709.142][INFO]: Waiting for pending navigations...
[1790942709.143][INFO]: Done waiting for pending navigations. Status: ok
[1790942709.143][INFO]: [85d7ef70e97f79926162038c0305cc01] RESPONSE ExecuteScript null
[1790942709.146][INFO]: [85d7ef70e97f79926162038c0305cc01] COMMAND ExecuteScript {
   "args": [  ],
   "script": "window.$flutterDriver('{\"command\":\"request_data\",\"message\":\"pending\"}')"
}
[1790942709.147][INFO]: Waiting for pending navigations...
[1790942709.147][INFO]: Done waiting for pending navigations. Status: ok
[1790942709.152][INFO]: Waiting for pending navigations...
[1790942709.153][INFO]: Done waiting for pending navigations. Status: ok
[1790942709.153][INFO]: [85d7ef70e97f79926162038c0305cc01] RESPONSE ExecuteScript null
[1790942709.155][INFO]: [85d7ef70e97f79926162038c0305cc01] COMMAND ExecuteScript {
   "args": [  ],
   "script": "return $flutterDriverResult"
}
[1790942709.155][INFO]: Waiting for pending navigations...
[1790942709.155][INFO]: Done waiting for pending navigations. Status: ok
[1790942709.159][INFO]: Waiting for pending navigations...
[1790942709.159][INFO]: Done waiting for pending navigations. Status: ok
[1790942709.159][INFO]: [85d7ef70e97f79926162038c0305cc01] RESPONSE ExecuteScript null
[1790942709.662][INFO]: [85d7ef70e97f79926162038c0305cc01] COMMAND ExecuteScript {
   "args": [  ],
   "script": "return $flutterDriverResult"
}
[1790942709.724][INFO]: Waiting for pending navigations...
[1790942710.393][INFO]: Done waiting for pending navigations. Status: ok
[1790942710.402][INFO]: Waiting for pending navigations...
[1790942710.402][INFO]: Done waiting for pending navigations. Status: ok
[1790942710.402][INFO]: [85d7ef70e97f79926162038c0305cc01] RESPONSE ExecuteScript null
[1790942710.905][INFO]: [85d7ef70e97f79926162038c0305cc01] COMMAND ExecuteScript {
   "args": [  ],
   "script": "return $flutterDriverResult"
}
[1790942710.905][INFO]: Waiting for pending navigations...
[1790942710.906][INFO]: Done waiting for pending navigations. Status: ok
[1790942710.908][INFO]: Waiting for pending navigations...
[1790942710.908][INFO]: Done waiting for pending navigations. Status: ok
[1790942710.908][INFO]: [85d7ef70e97f79926162038c0305cc01] RESPONSE ExecuteScript null
[1790942711.410][INFO]: [85d7ef70e97f79926162038c0305cc01] COMMAND ExecuteScript {
   "args": [  ],
   "script": "return $flutterDriverResult"
}
[1790942711.411][INFO]: Waiting for pending navigations...
[1790942711.411][INFO]: Done waiting for pending navigations. Status: ok
[1790942711.413][INFO]: Waiting for pending navigations...
[1790942711.413][INFO]: Done waiting for pending navigations. Status: ok
[1790942711.413][INFO]: [85d7ef70e97f79926162038c0305cc01] RESPONSE ExecuteScript null
[1790942711.915][INFO]: [85d7ef70e97f79926162038c0305cc01] COMMAND ExecuteScript {
   "args": [  ],
   "script": "return $flutterDriverResult"
}
[1790942711.916][INFO]: Waiting for pending navigations...
[1790942711.916][INFO]: Done waiting for pending navigations. Status: ok
[1790942711.918][INFO]: Waiting for pending navigations...
[1790942711.918][INFO]: Done waiting for pending navigations. Status: ok
[1790942711.918][INFO]: [85d7ef70e97f79926162038c0305cc01] RESPONSE ExecuteScript null
[1790942712.423][INFO]: [85d7ef70e97f79926162038c0305cc01] COMMAND ExecuteScript {
   "args": [  ],
   "script": "return $flutterDriverResult"
}
[1790942712.423][INFO]: Waiting for pending navigations...
[1790942712.424][INFO]: Done waiting for pending navigations. Status: ok
[1790942712.426][INFO]: Waiting for pending navigations...
[1790942712.426][INFO]: Done waiting for pending navigations. Status: ok
[1790942712.426][INFO]: [85d7ef70e97f79926162038c0305cc01] RESPONSE ExecuteScript null
[1790942712.928][INFO]: [85d7ef70e97f79926162038c0305cc01] COMMAND ExecuteScript {
   "args": [  ],
   "script": "return $flutterDriverResult"
}
[1790942712.931][INFO]: Waiting for pending navigations...
[1790942712.947][INFO]: Done waiting for pending navigations. Status: ok
[1790942712.950][INFO]: Waiting for pending navigations...
[1790942712.950][INFO]: Done waiting for pending navigations. Status: ok
[1790942712.950][INFO]: [85d7ef70e97f79926162038c0305cc01] RESPONSE ExecuteScript null
[1790942713.452][INFO]: [85d7ef70e97f79926162038c0305cc01] COMMAND ExecuteScript {
   "args": [  ],
   "script": "return $flutterDriverResult"
}
[1790942713.453][INFO]: Waiting for pending navigations...
[1790942713.454][INFO]: Done waiting for pending navigations. Status: ok
[1790942713.456][INFO]: Waiting for pending navigations...
[1790942713.456][INFO]: Done waiting for pending navigations. Status: ok
[1790942713.456][INFO]: [85d7ef70e97f79926162038c0305cc01] RESPONSE ExecuteScript null
[1790942713.959][INFO]: [85d7ef70e97f79926162038c0305cc01] COMMAND ExecuteScript {
   "args": [  ],
   "script": "return $flutterDriverResult"
}
[1790942713.961][INFO]: Waiting for pending navigations...
[1790942714.443][INFO]: Done waiting for pending navigations. Status: ok
[1790942714.600][INFO]: Waiting for pending navigations...
[1790942714.600][INFO]: Done waiting for pending navigations. Status: ok
[1790942714.600][INFO]: [85d7ef70e97f79926162038c0305cc01] RESPONSE ExecuteScript null
[1790942715.102][INFO]: [85d7ef70e97f79926162038c0305cc01] COMMAND ExecuteScript {
   "args": [  ],
   "script": "return $flutterDriverResult"
}
[1790942715.104][INFO]: Waiting for pending navigations...
[1790942715.382][INFO]: Done waiting for pending navigations. Status: ok
[1790942715.398][INFO]: Waiting for pending navigations...
[1790942715.399][INFO]: Done waiting for pending navigations. Status: ok
[1790942715.399][INFO]: [85d7ef70e97f79926162038c0305cc01] RESPONSE ExecuteScript null
[1790942715.901][INFO]: [85d7ef70e97f79926162038c0305cc01] COMMAND ExecuteScript {
   "args": [  ],
   "script": "return $flutterDriverResult"
}
[1790942715.902][INFO]: Waiting for pending navigations...
[1790942716.039][INFO]: Done waiting for pending navigations. Status: ok
[1790942716.718][INFO]: Waiting for pending navigations...
[1790942716.728][INFO]: Done waiting for pending navigations. Status: ok
[1790942716.728][INFO]: [85d7ef70e97f79926162038c0305cc01] RESPONSE ExecuteScript null
[1790942717.235][INFO]: [85d7ef70e97f79926162038c0305cc01] COMMAND ExecuteScript {
   "args": [  ],
   "script": "return $flutterDriverResult"
}
[1790942717.236][INFO]: Waiting for pending navigations...
[1790942717.252][INFO]: Done waiting for pending navigations. Status: ok
[1790942717.254][INFO]: Waiting for pending navigations...
[1790942717.255][INFO]: Done waiting for pending navigations. Status: ok
[1790942717.255][INFO]: [85d7ef70e97f79926162038c0305cc01] RESPONSE ExecuteScript null
[1790942717.757][INFO]: [85d7ef70e97f79926162038c0305cc01] COMMAND ExecuteScript {
   "args": [  ],
   "script": "return $flutterDriverResult"
}
[1790942717.758][INFO]: Waiting for pending navigations...
[1790942717.850][INFO]: Done waiting for pending navigations. Status: ok
[1790942718.308][INFO]: Waiting for pending navigations...
[1790942718.317][INFO]: Done waiting for pending navigations. Status: ok
[1790942718.317][INFO]: [85d7ef70e97f79926162038c0305cc01] RESPONSE ExecuteScript null
[1790942718.823][INFO]: [85d7ef70e97f79926162038c0305cc01] COMMAND ExecuteScript {
   "args": [  ],
   "script": "return $flutterDriverResult"
}
[1790942718.823][INFO]: Waiting for pending navigations...
[1790942718.858][INFO]: Done waiting for pending navigations. Status: ok
[1790942718.952][INFO]: Waiting for pending navigations...
[1790942718.952][INFO]: Done waiting for pending navigations. Status: ok
[1790942718.952][INFO]: [85d7ef70e97f79926162038c0305cc01] RESPONSE ExecuteScript null
[1790942719.456][INFO]: [85d7ef70e97f79926162038c0305cc01] COMMAND ExecuteScript {
   "args": [  ],
   "script": "return $flutterDriverResult"
}
[1790942719.456][INFO]: Waiting for pending navigations...
[1790942719.456][INFO]: Done waiting for pending navigations. Status: ok
[1790942719.458][INFO]: Waiting for pending navigations...
[1790942719.459][INFO]: Done waiting for pending navigations. Status: ok
[1790942719.459][INFO]: [85d7ef70e97f79926162038c0305cc01] RESPONSE ExecuteScript null
[1790942719.961][INFO]: [85d7ef70e97f79926162038c0305cc01] COMMAND ExecuteScript {
   "args": [  ],
   "script": "return $flutterDriverResult"
}
[1790942719.961][INFO]: Waiting for pending navigations...
[1790942720.014][INFO]: Done waiting for pending navigations. Status: ok
[1790942720.314][INFO]: Waiting for pending navigations...
[1790942720.382][INFO]: Done waiting for pending navigations. Status: ok
[1790942720.382][INFO]: [85d7ef70e97f79926162038c0305cc01] RESPONSE ExecuteScript null
[1790942720.887][INFO]: [85d7ef70e97f79926162038c0305cc01] COMMAND ExecuteScript {
   "args": [  ],
   "script": "return $flutterDriverResult"
}
[1790942720.890][INFO]: Waiting for pending navigations...
[1790942720.891][INFO]: Done waiting for pending navigations. Status: ok
[1790942720.893][INFO]: Waiting for pending navigations...
[1790942720.894][INFO]: Done waiting for pending navigations. Status: ok
[1790942720.894][INFO]: [85d7ef70e97f79926162038c0305cc01] RESPONSE ExecuteScript null
[1790942721.398][INFO]: [85d7ef70e97f79926162038c0305cc01] COMMAND ExecuteScript {
   "args": [  ],
   "script": "return $flutterDriverResult"
}
[1790942721.400][INFO]: Waiting for pending navigations...
[1790942721.424][INFO]: Done waiting for pending navigations. Status: ok
[1790942721.426][INFO]: Waiting for pending navigations...
[1790942721.426][INFO]: Done waiting for pending navigations. Status: ok
[1790942721.426][INFO]: [85d7ef70e97f79926162038c0305cc01] RESPONSE ExecuteScript null
[1790942721.930][INFO]: [85d7ef70e97f79926162038c0305cc01] COMMAND ExecuteScript {
   "args": [  ],
   "script": "return $flutterDriverResult"
}
[1790942721.930][INFO]: Waiting for pending navigations...
[1790942721.930][INFO]: Done waiting for pending navigations. Status: ok
[1790942721.932][INFO]: Waiting for pending navigations...
[1790942721.933][INFO]: Done waiting for pending navigations. Status: ok
[1790942721.933][INFO]: [85d7ef70e97f79926162038c0305cc01] RESPONSE ExecuteScript null
[1790942722.436][INFO]: [85d7ef70e97f79926162038c0305cc01] COMMAND ExecuteScript {
   "args": [  ],
   "script": "return $flutterDriverResult"
}
[1790942722.439][INFO]: Waiting for pending navigations...
[1790942722.617][INFO]: Done waiting for pending navigations. Status: ok
[1790942723.244][INFO]: Waiting for pending navigations...
[1790942723.361][INFO]: Done waiting for pending navigations. Status: ok
[1790942723.361][INFO]: [85d7ef70e97f79926162038c0305cc01] RESPONSE ExecuteScript null
[1790942723.864][INFO]: [85d7ef70e97f79926162038c0305cc01] COMMAND ExecuteScript {
   "args": [  ],
   "script": "return $flutterDriverResult"
}
[1790942723.865][INFO]: Waiting for pending navigations...
[1790942723.978][INFO]: Done waiting for pending navigations. Status: ok
[1790942723.992][INFO]: Waiting for pending navigations...
[1790942723.992][INFO]: Done waiting for pending navigations. Status: ok
[1790942723.992][INFO]: [85d7ef70e97f79926162038c0305cc01] RESPONSE ExecuteScript null
[1790942724.495][INFO]: [85d7ef70e97f79926162038c0305cc01] COMMAND ExecuteScript {
   "args": [  ],
   "script": "return $flutterDriverResult"
}
[1790942724.496][INFO]: Waiting for pending navigations...
[1790942724.519][INFO]: Done waiting for pending navigations. Status: ok
[1790942724.521][INFO]: Waiting for pending navigations...
[1790942724.522][INFO]: Done waiting for pending navigations. Status: ok
[1790942724.522][INFO]: [85d7ef70e97f79926162038c0305cc01] RESPONSE ExecuteScript null
[1790942725.025][INFO]: [85d7ef70e97f79926162038c0305cc01] COMMAND ExecuteScript {
   "args": [  ],
   "script": "return $flutterDriverResult"
}
[1790942725.025][INFO]: Waiting for pending navigations...
[1790942725.080][INFO]: Done waiting for pending navigations. Status: ok
[1790942725.086][INFO]: Waiting for pending navigations...
[1790942725.086][INFO]: Done waiting for pending navigations. Status: ok
[1790942725.087][INFO]: [85d7ef70e97f79926162038c0305cc01] RESPONSE ExecuteScript null
[1790942725.589][INFO]: [85d7ef70e97f79926162038c0305cc01] COMMAND ExecuteScript {
   "args": [  ],
   "script": "return $flutterDriverResult"
}
[1790942725.590][INFO]: Waiting for pending navigations...
[1790942725.665][INFO]: Done waiting for pending navigations. Status: ok
[1790942725.994][INFO]: Waiting for pending navigations...
[1790942726.087][INFO]: Done waiting for pending navigations. Status: ok
[1790942726.087][INFO]: [85d7ef70e97f79926162038c0305cc01] RESPONSE ExecuteScript null
[1790942726.591][INFO]: [85d7ef70e97f79926162038c0305cc01] COMMAND ExecuteScript {
   "args": [  ],
   "script": "return $flutterDriverResult"
}
[1790942726.594][INFO]: Waiting for pending navigations...
[1790942726.594][INFO]: Done waiting for pending navigations. Status: ok
[1790942726.596][INFO]: Waiting for pending navigations...
[1790942726.597][INFO]: Done waiting for pending navigations. Status: ok
[1790942726.597][INFO]: [85d7ef70e97f79926162038c0305cc01] RESPONSE ExecuteScript "{\"isError\":false,\"response\":{\"message\":\"{\\\"result\\\":\\\"false\\\",\\\"failureDetails\\\":[],\\\"data\\\":{\\\"web_driver_command\\\":\\\"WebDriverCommandType.noop\\\"}}\"}}"
[1790942726.599][INFO]: [85d7ef70e97f79926162038c0305cc01] COMMAND ExecuteScript {
   "args": [  ],
   "script": "$flutterDriverResult = null"
}
[1790942726.599][INFO]: Waiting for pending navigations...
[1790942726.599][INFO]: Done waiting for pending navigations. Status: ok
[1790942726.601][INFO]: Waiting for pending navigations...
[1790942726.602][INFO]: Done waiting for pending navigations. Status: ok
[1790942726.602][INFO]: [85d7ef70e97f79926162038c0305cc01] RESPONSE ExecuteScript null
[1790942726.640][INFO]: [85d7ef70e97f79926162038c0305cc01] COMMAND ExecuteScript {
   "args": [  ],
   "script": "return $flutterDriverResult"
}
[1790942726.640][INFO]: Waiting for pending navigations...
[1790942726.640][INFO]: Done waiting for pending navigations. Status: ok
[1790942726.642][INFO]: Waiting for pending navigations...
[1790942726.642][INFO]: Done waiting for pending navigations. Status: ok
[1790942726.642][INFO]: [85d7ef70e97f79926162038c0305cc01] RESPONSE ExecuteScript null
[1790942726.643][INFO]: [85d7ef70e97f79926162038c0305cc01] COMMAND ExecuteScript {
   "args": [  ],
   "script": "window.$flutterDriver('{\"command\":\"request_data\"}')"
}
[1790942726.643][INFO]: Waiting for pending navigations...
[1790942726.644][INFO]: Done waiting for pending navigations. Status: ok
[1790942726.646][INFO]: Waiting for pending navigations...
[1790942726.646][INFO]: Done waiting for pending navigations. Status: ok
[1790942726.646][INFO]: [85d7ef70e97f79926162038c0305cc01] RESPONSE ExecuteScript null
[1790942726.647][INFO]: [85d7ef70e97f79926162038c0305cc01] COMMAND ExecuteScript {
   "args": [  ],
   "script": "return $flutterDriverResult"
}
[1790942726.647][INFO]: Waiting for pending navigations...
[1790942726.648][INFO]: Done waiting for pending navigations. Status: ok
[1790942726.649][INFO]: Waiting for pending navigations...
[1790942726.650][INFO]: Done waiting for pending navigations. Status: ok
[1790942726.650][INFO]: [85d7ef70e97f79926162038c0305cc01] RESPONSE ExecuteScript "{\"isError\":false,\"response\":{\"message\":\"{\\\"result\\\":\\\"true\\\",\\\"failureDetails\\\":[],\\\"data\\\":{\\\"e2e_executed\\\":[\\\"benchmark_journey_test\\\"]}}\"}}"
[1790942726.650][INFO]: [85d7ef70e97f79926162038c0305cc01] COMMAND ExecuteScript {
   "args": [  ],
   "script": "$flutterDriverResult = null"
}
[1790942726.650][INFO]: Waiting for pending navigations...
[1790942726.651][INFO]: Done waiting for pending navigations. Status: ok
[1790942726.652][INFO]: Waiting for pending navigations...
[1790942726.653][INFO]: Done waiting for pending navigations. Status: ok
[1790942726.653][INFO]: [85d7ef70e97f79926162038c0305cc01] RESPONSE ExecuteScript null
[1790942726.680][INFO]: [85d7ef70e97f79926162038c0305cc01] COMMAND Quit {
}
[1790942726.731][INFO]: [85d7ef70e97f79926162038c0305cc01] RESPONSE Quit
[1790942799.313][INFO]: [f52394c58ada93ae773f0cdbc6ddb15d] COMMAND InitSession {
   "capabilities": {
      "alwaysMatch": {
         "acceptInsecureCerts": true,
         "browserName": "chrome",
         "goog:chromeOptions": {
            "args": [ "--bwsi", "--disable-background-timer-throttling", "--disable-default-apps", "--disable-extensions", "--disable-popup-blocking", "--disable-translate", "--no-default-browser-check", "--no-sandbox", "--no-first-run", "--headless" ],
            "perfLoggingPrefs": {
               "traceCategories": "devtools.timeline,v8,blink.console,benchmark,blink,blink.user_timing"
            },
            "w3c": true
         },
         "goog:loggingPrefs": {
            "browser": "INFO",
            "performance": "ALL"
         }
      }
   },
   "desiredCapabilities": {
      "acceptInsecureCerts": true,
      "browserName": "chrome",
      "goog:chromeOptions": {
         "args": [ "--bwsi", "--disable-background-timer-throttling", "--disable-default-apps", "--disable-extensions", "--disable-popup-blocking", "--disable-translate", "--no-default-browser-check", "--no-sandbox", "--no-first-run", "--headless" ],
         "perfLoggingPrefs": {
            "traceCategories": "devtools.timeline,v8,blink.console,benchmark,blink,blink.user_timing"
         },
         "w3c": true
      },
      "goog:loggingPrefs": {
         "browser": "INFO",
         "performance": "ALL"
      }
   }
}
[1790942799.313][INFO]: Browser search. Trying... /opt/hostedtoolcache/setup-chrome/chromedriver/stable/x64/chrome
[1790942799.313][INFO]: Browser search. Trying... /opt/hostedtoolcache/setup-chrome/chromedriver/stable/x64/chrome
[1790942799.313][INFO]: Browser search. Trying... /opt/hostedtoolcache/setup-chrome/chromedriver/stable/x64/google-chrome
[1790942799.313][INFO]: Browser search. Trying... /opt/hostedtoolcache/setup-chrome/chromedriver/stable/x64/chromium
[1790942799.313][INFO]: Browser search. Trying... /opt/hostedtoolcache/setup-chrome/chromedriver/stable/x64/chromium-browser
[1790942799.313][INFO]: Browser search. Trying... /usr/local/sbin/chrome
[1790942799.313][INFO]: Browser search. Trying... /usr/local/bin/chrome
[1790942799.313][INFO]: Browser search. Trying... /usr/sbin/chrome
[1790942799.313][INFO]: Browser search. Trying... /usr/bin/chrome
[1790942799.313][INFO]: Browser search. Trying... /sbin/chrome
[1790942799.313][INFO]: Browser search. Trying... /bin/chrome
[1790942799.313][INFO]: Browser search. Trying... /opt/google/chrome/chrome
[1790942799.313][INFO]: Browser search. Found at  /opt/google/chrome/chrome
[1790942799.313][INFO]: Populating Preferences file: {
   "alternate_error_pages": {
      "enabled": false
   },
   "autofill": {
      "enabled": false
   },
   "browser": {
      "check_default_browser": false
   },
   "distribution": {
      "import_bookmarks": false,
      "import_history": false,
      "import_search_engine": false,
      "make_chrome_default_for_user": false,
      "skip_first_run_ui": true
   },
   "dns_prefetching": {
      "enabled": false
   },
   "profile": {
      "content_settings": {
         "pattern_pairs": {
            "https://*,*": {
               "media-stream": {
                  "audio": "Default",
                  "video": "Default"
               }
            }
         }
      },
      "default_content_setting_values": {
         "geolocation": 1
      },
      "default_content_settings": {
         "geolocation": 1,
         "mouselock": 1,
         "notifications": 1,
         "popups": 1,
         "ppapi-broker": 1
      },
      "password_manager_enabled": false
   },
   "safebrowsing": {
      "enabled": false
   },
   "search": {
      "suggest_enabled": false
   },
   "translate": {
      "enabled": false
   }
}
[1790942799.313][INFO]: Populating Local State file: {
   "background_mode": {
      "enabled": false
   },
   "ssl": {
      "rev_checking": {
         "enabled": false
      }
   }
}
[1790942799.313][INFO]: ChromeDriver supports communication with Chrome via pipes. This is more reliable and more secure.
[1790942799.313][INFO]: Use the --remote-debugging-pipe Chrome switch instead of the default --remote-debugging-port to enable this communication mode.
[1790942799.313][INFO]: Launching chrome: /opt/google/chrome/chrome --allow-pre-commit-input --bwsi --disable-background-networking --disable-background-timer-throttling --disable-backgrounding-occluded-windows --disable-client-side-phishing-detection --disable-default-apps --disable-extensions --disable-features=IgnoreDuplicateNavs,Prewarm --disable-hang-monitor --disable-popup-blocking --disable-prompt-on-repost --disable-sync --disable-translate --enable-automation --enable-logging --headless --ignore-certificate-errors --log-level=0 --no-default-browser-check --no-first-run --no-sandbox --no-service-autorun --password-store=basic --remote-debugging-port=0 --test-type=webdriver --use-mock-keychain --user-data-dir=/tmp/org.chromium.Chromium.scoped_dir.ZL6Kj4 data:,
[1790942799.543][INFO]: resolved localhost to ["::1","127.0.0.1"]
[1790942799.611][INFO]: [f52394c58ada93ae773f0cdbc6ddb15d] RESPONSE InitSession {
   "capabilities": {
      "acceptInsecureCerts": true,
      "browserName": "chrome",
      "browserVersion": "154.0.8037.97",
      "chrome": {
         "chromedriverVersion": "154.0.8037.92 (334b65d254ccc35df4fca82706d1753227b01039-refs/branch-heads/8037@{#1589})",
         "userDataDir": "/tmp/org.chromium.Chromium.scoped_dir.ZL6Kj4"
      },
      "fedcm:accounts": true,
      "goog:chromeOptions": {
         "debuggerAddress": "localhost:46363"
      },
      "goog:processID": 4358,
      "networkConnectionEnabled": false,
      "pageLoadStrategy": "normal",
      "platformName": "linux",
      "proxy": {
      },
      "setWindowRect": true,
      "strictFileInteractability": false,
      "timeouts": {
         "implicit": 0,
         "pageLoad": 300000,
         "script": 30000
      },
      "unhandledPromptBehavior": "dismiss and notify",
      "webauthn:extension:cmtgKey": true,
      "webauthn:extension:credBlob": true,
      "webauthn:extension:largeBlob": true,
      "webauthn:extension:minPinLength": true,
      "~~~": "..."
   },
   "sessionId": "f52394c58ada93ae773f0cdbc6ddb15d"
}
[1790942799.638][INFO]: [f52394c58ada93ae773f0cdbc6ddb15d] COMMAND GetWindow {
}
[1790942799.638][INFO]: [f52394c58ada93ae773f0cdbc6ddb15d] RESPONSE GetWindow "652D7D7A9C51147A1E7599341DEB7AF5"
[1790942799.641][INFO]: [f52394c58ada93ae773f0cdbc6ddb15d] COMMAND SetWindowRect {
   "x": 0,
   "y": 0
}
[1790942799.641][INFO]: Waiting for pending navigations...
[1790942799.646][INFO]: Done waiting for pending navigations. Status: ok
[1790942799.660][INFO]: Waiting for pending navigations...
[1790942799.661][INFO]: Done waiting for pending navigations. Status: ok
[1790942799.661][INFO]: [f52394c58ada93ae773f0cdbc6ddb15d] RESPONSE SetWindowRect {
   "height": 580,
   "width": 780,
   "x": 0,
   "y": 0
}
[1790942799.664][INFO]: [f52394c58ada93ae773f0cdbc6ddb15d] COMMAND SetWindowRect {
   "height": 1024,
   "width": 1600
}
[1790942799.664][INFO]: Waiting for pending navigations...
[1790942799.665][INFO]: Done waiting for pending navigations. Status: ok
[1790942799.680][INFO]: Waiting for pending navigations...
[1790942799.681][INFO]: Done waiting for pending navigations. Status: ok
[1790942799.681][INFO]: [f52394c58ada93ae773f0cdbc6ddb15d] RESPONSE SetWindowRect {
   "height": 1024,
   "width": 1600,
   "x": 0,
   "y": 0
}
[1790942802.029][INFO]: [f52394c58ada93ae773f0cdbc6ddb15d] COMMAND Navigate {
   "url": "http://localhost:45609"
}
[1790942802.144][INFO]: Waiting for pending navigations...
[1790942802.144][INFO]: Done waiting for pending navigations. Status: ok
[1790942802.911][INFO]: Waiting for pending navigations...
[1790942808.959][INFO]: Done waiting for pending navigations. Status: ok
[1790942808.959][INFO]: [f52394c58ada93ae773f0cdbc6ddb15d] RESPONSE Navigate
[1790942809.008][INFO]: [f52394c58ada93ae773f0cdbc6ddb15d] COMMAND ExecuteScript {
   "args": [  ],
   "script": "return typeof(window.$flutterDriver)"
}
[1790942809.009][INFO]: Waiting for pending navigations...
[1790942809.009][INFO]: Done waiting for pending navigations. Status: ok
[1790942809.012][INFO]: Waiting for pending navigations...
[1790942809.012][INFO]: Done waiting for pending navigations. Status: ok
[1790942809.012][INFO]: [f52394c58ada93ae773f0cdbc6ddb15d] RESPONSE ExecuteScript "undefined"
[1790942809.527][INFO]: [f52394c58ada93ae773f0cdbc6ddb15d] COMMAND ExecuteScript {
   "args": [  ],
   "script": "return typeof(window.$flutterDriver)"
}
[1790942809.536][INFO]: Waiting for pending navigations...
[1790942809.712][INFO]: Done waiting for pending navigations. Status: ok
[1790942809.990][INFO]: Waiting for pending navigations...
[1790942809.991][INFO]: Done waiting for pending navigations. Status: ok
[1790942809.991][INFO]: [f52394c58ada93ae773f0cdbc6ddb15d] RESPONSE ExecuteScript "function"
[1790942810.013][INFO]: [f52394c58ada93ae773f0cdbc6ddb15d] COMMAND ExecuteScript {
   "args": [  ],
   "script": "return $flutterDriverResult"
}
[1790942810.015][INFO]: Waiting for pending navigations...
[1790942810.023][INFO]: Done waiting for pending navigations. Status: ok
[1790942810.035][INFO]: Waiting for pending navigations...
[1790942810.035][INFO]: Done waiting for pending navigations. Status: ok
[1790942810.035][INFO]: [f52394c58ada93ae773f0cdbc6ddb15d] RESPONSE ExecuteScript null
[1790942810.038][INFO]: [f52394c58ada93ae773f0cdbc6ddb15d] COMMAND ExecuteScript {
   "args": [  ],
   "script": "window.$flutterDriver('{\"command\":\"request_data\",\"message\":\"pending\"}')"
}
[1790942810.038][INFO]: Waiting for pending navigations...
[1790942810.039][INFO]: Done waiting for pending navigations. Status: ok
[1790942810.043][INFO]: Waiting for pending navigations...
[1790942810.044][INFO]: Done waiting for pending navigations. Status: ok
[1790942810.044][INFO]: [f52394c58ada93ae773f0cdbc6ddb15d] RESPONSE ExecuteScript null
[1790942810.045][INFO]: [f52394c58ada93ae773f0cdbc6ddb15d] COMMAND ExecuteScript {
   "args": [  ],
   "script": "return $flutterDriverResult"
}
[1790942810.045][INFO]: Waiting for pending navigations...
[1790942810.045][INFO]: Done waiting for pending navigations. Status: ok
[1790942810.047][INFO]: Waiting for pending navigations...
[1790942810.049][INFO]: Done waiting for pending navigations. Status: ok
[1790942810.049][INFO]: [f52394c58ada93ae773f0cdbc6ddb15d] RESPONSE ExecuteScript null
[1790942810.552][INFO]: [f52394c58ada93ae773f0cdbc6ddb15d] COMMAND ExecuteScript {
   "args": [  ],
   "script": "return $flutterDriverResult"
}
[1790942810.614][INFO]: Waiting for pending navigations...
[1790942811.270][INFO]: Done waiting for pending navigations. Status: ok
[1790942811.278][INFO]: Waiting for pending navigations...
[1790942811.279][INFO]: Done waiting for pending navigations. Status: ok
[1790942811.279][INFO]: [f52394c58ada93ae773f0cdbc6ddb15d] RESPONSE ExecuteScript null
[1790942811.781][INFO]: [f52394c58ada93ae773f0cdbc6ddb15d] COMMAND ExecuteScript {
   "args": [  ],
   "script": "return $flutterDriverResult"
}
[1790942811.781][INFO]: Waiting for pending navigations...
[1790942811.782][INFO]: Done waiting for pending navigations. Status: ok
[1790942811.784][INFO]: Waiting for pending navigations...
[1790942811.784][INFO]: Done waiting for pending navigations. Status: ok
[1790942811.784][INFO]: [f52394c58ada93ae773f0cdbc6ddb15d] RESPONSE ExecuteScript null
[1790942812.286][INFO]: [f52394c58ada93ae773f0cdbc6ddb15d] COMMAND ExecuteScript {
   "args": [  ],
   "script": "return $flutterDriverResult"
}
[1790942812.286][INFO]: Waiting for pending navigations...
[1790942812.287][INFO]: Done waiting for pending navigations. Status: ok
[1790942812.288][INFO]: Waiting for pending navigations...
[1790942812.289][INFO]: Done waiting for pending navigations. Status: ok
[1790942812.289][INFO]: [f52394c58ada93ae773f0cdbc6ddb15d] RESPONSE ExecuteScript null
[1790942812.791][INFO]: [f52394c58ada93ae773f0cdbc6ddb15d] COMMAND ExecuteScript {
   "args": [  ],
   "script": "return $flutterDriverResult"
}
[1790942812.792][INFO]: Waiting for pending navigations...
[1790942812.792][INFO]: Done waiting for pending navigations. Status: ok
[1790942812.794][INFO]: Waiting for pending navigations...
[1790942812.795][INFO]: Done waiting for pending navigations. Status: ok
[1790942812.795][INFO]: [f52394c58ada93ae773f0cdbc6ddb15d] RESPONSE ExecuteScript null
[1790942813.298][INFO]: [f52394c58ada93ae773f0cdbc6ddb15d] COMMAND ExecuteScript {
   "args": [  ],
   "script": "return $flutterDriverResult"
}
[1790942813.298][INFO]: Waiting for pending navigations...
[1790942813.302][INFO]: Done waiting for pending navigations. Status: ok
[1790942813.304][INFO]: Waiting for pending navigations...
[1790942813.304][INFO]: Done waiting for pending navigations. Status: ok
[1790942813.304][INFO]: [f52394c58ada93ae773f0cdbc6ddb15d] RESPONSE ExecuteScript null
[1790942813.807][INFO]: [f52394c58ada93ae773f0cdbc6ddb15d] COMMAND ExecuteScript {
   "args": [  ],
   "script": "return $flutterDriverResult"
}
[1790942813.810][INFO]: Waiting for pending navigations...
[1790942813.826][INFO]: Done waiting for pending navigations. Status: ok
[1790942813.828][INFO]: Waiting for pending navigations...
[1790942813.828][INFO]: Done waiting for pending navigations. Status: ok
[1790942813.828][INFO]: [f52394c58ada93ae773f0cdbc6ddb15d] RESPONSE ExecuteScript null
[1790942814.331][INFO]: [f52394c58ada93ae773f0cdbc6ddb15d] COMMAND ExecuteScript {
   "args": [  ],
   "script": "return $flutterDriverResult"
}
[1790942814.331][INFO]: Waiting for pending navigations...
[1790942814.332][INFO]: Done waiting for pending navigations. Status: ok
[1790942814.334][INFO]: Waiting for pending navigations...
[1790942814.334][INFO]: Done waiting for pending navigations. Status: ok
[1790942814.334][INFO]: [f52394c58ada93ae773f0cdbc6ddb15d] RESPONSE ExecuteScript null
[1790942814.837][INFO]: [f52394c58ada93ae773f0cdbc6ddb15d] COMMAND ExecuteScript {
   "args": [  ],
   "script": "return $flutterDriverResult"
}
[1790942814.839][INFO]: Waiting for pending navigations...
[1790942814.861][INFO]: Done waiting for pending navigations. Status: ok
[1790942814.866][INFO]: Waiting for pending navigations...
[1790942814.866][INFO]: Done waiting for pending navigations. Status: ok
[1790942814.866][INFO]: [f52394c58ada93ae773f0cdbc6ddb15d] RESPONSE ExecuteScript null
[1790942815.369][INFO]: [f52394c58ada93ae773f0cdbc6ddb15d] COMMAND ExecuteScript {
   "args": [  ],
   "script": "return $flutterDriverResult"
}
[1790942815.372][INFO]: Waiting for pending navigations...
[1790942815.752][INFO]: Done waiting for pending navigations. Status: ok
[1790942815.898][INFO]: Waiting for pending navigations...
[1790942815.901][INFO]: Done waiting for pending navigations. Status: ok
[1790942815.901][INFO]: [f52394c58ada93ae773f0cdbc6ddb15d] RESPONSE ExecuteScript null
[1790942816.403][INFO]: [f52394c58ada93ae773f0cdbc6ddb15d] COMMAND ExecuteScript {
   "args": [  ],
   "script": "return $flutterDriverResult"
}
[1790942816.405][INFO]: Waiting for pending navigations...
[1790942816.406][INFO]: Done waiting for pending navigations. Status: ok
[1790942816.408][INFO]: Waiting for pending navigations...
[1790942816.408][INFO]: Done waiting for pending navigations. Status: ok
[1790942816.408][INFO]: [f52394c58ada93ae773f0cdbc6ddb15d] RESPONSE ExecuteScript null
[1790942816.910][INFO]: [f52394c58ada93ae773f0cdbc6ddb15d] COMMAND ExecuteScript {
   "args": [  ],
   "script": "return $flutterDriverResult"
}
[1790942816.912][INFO]: Waiting for pending navigations...
[1790942817.358][INFO]: Done waiting for pending navigations. Status: ok
[1790942817.513][INFO]: Waiting for pending navigations...
[1790942817.513][INFO]: Done waiting for pending navigations. Status: ok
[1790942817.513][INFO]: [f52394c58ada93ae773f0cdbc6ddb15d] RESPONSE ExecuteScript null
[1790942818.017][INFO]: [f52394c58ada93ae773f0cdbc6ddb15d] COMMAND ExecuteScript {
   "args": [  ],
   "script": "return $flutterDriverResult"
}
[1790942818.022][INFO]: Waiting for pending navigations...
[1790942818.106][INFO]: Done waiting for pending navigations. Status: ok
[1790942818.529][INFO]: Waiting for pending navigations...
[1790942818.541][INFO]: Done waiting for pending navigations. Status: ok
[1790942818.541][INFO]: [f52394c58ada93ae773f0cdbc6ddb15d] RESPONSE ExecuteScript null
[1790942819.043][INFO]: [f52394c58ada93ae773f0cdbc6ddb15d] COMMAND ExecuteScript {
   "args": [  ],
   "script": "return $flutterDriverResult"
}
[1790942819.044][INFO]: Waiting for pending navigations...
[1790942819.110][INFO]: Done waiting for pending navigations. Status: ok
[1790942819.127][INFO]: Waiting for pending navigations...
[1790942819.211][INFO]: Done waiting for pending navigations. Status: ok
[1790942819.211][INFO]: [f52394c58ada93ae773f0cdbc6ddb15d] RESPONSE ExecuteScript null
[1790942819.714][INFO]: [f52394c58ada93ae773f0cdbc6ddb15d] COMMAND ExecuteScript {
   "args": [  ],
   "script": "return $flutterDriverResult"
}
[1790942819.714][INFO]: Waiting for pending navigations...
[1790942819.762][INFO]: Done waiting for pending navigations. Status: ok
[1790942819.764][INFO]: Waiting for pending navigations...
[1790942819.765][INFO]: Done waiting for pending navigations. Status: ok
[1790942819.765][INFO]: [f52394c58ada93ae773f0cdbc6ddb15d] RESPONSE ExecuteScript null
[1790942820.270][INFO]: [f52394c58ada93ae773f0cdbc6ddb15d] COMMAND ExecuteScript {
   "args": [  ],
   "script": "return $flutterDriverResult"
}
[1790942820.272][INFO]: Waiting for pending navigations...
[1790942820.300][INFO]: Done waiting for pending navigations. Status: ok
[1790942820.562][INFO]: Waiting for pending navigations...
[1790942820.562][INFO]: Done waiting for pending navigations. Status: ok
[1790942820.562][INFO]: [f52394c58ada93ae773f0cdbc6ddb15d] RESPONSE ExecuteScript null
[1790942821.065][INFO]: [f52394c58ada93ae773f0cdbc6ddb15d] COMMAND ExecuteScript {
   "args": [  ],
   "script": "return $flutterDriverResult"
}
[1790942821.066][INFO]: Waiting for pending navigations...
[1790942821.149][INFO]: Done waiting for pending navigations. Status: ok
[1790942821.475][INFO]: Waiting for pending navigations...
[1790942821.478][INFO]: Done waiting for pending navigations. Status: ok
[1790942821.478][INFO]: [f52394c58ada93ae773f0cdbc6ddb15d] RESPONSE ExecuteScript null
[1790942821.984][INFO]: [f52394c58ada93ae773f0cdbc6ddb15d] COMMAND ExecuteScript {
   "args": [  ],
   "script": "return $flutterDriverResult"
}
[1790942821.984][INFO]: Waiting for pending navigations...
[1790942822.036][INFO]: Done waiting for pending navigations. Status: ok
[1790942822.039][INFO]: Waiting for pending navigations...
[1790942822.039][INFO]: Done waiting for pending navigations. Status: ok
[1790942822.039][INFO]: [f52394c58ada93ae773f0cdbc6ddb15d] RESPONSE ExecuteScript null
[1790942822.544][INFO]: [f52394c58ada93ae773f0cdbc6ddb15d] COMMAND ExecuteScript {
   "args": [  ],
   "script": "return $flutterDriverResult"
}
[1790942822.544][INFO]: Waiting for pending navigations...
[1790942822.589][INFO]: Done waiting for pending navigations. Status: ok
[1790942822.968][INFO]: Waiting for pending navigations...
[1790942822.968][INFO]: Done waiting for pending navigations. Status: ok
[1790942822.968][INFO]: [f52394c58ada93ae773f0cdbc6ddb15d] RESPONSE ExecuteScript null
[1790942823.473][INFO]: [f52394c58ada93ae773f0cdbc6ddb15d] COMMAND ExecuteScript {
   "args": [  ],
   "script": "return $flutterDriverResult"
}
[1790942823.473][INFO]: Waiting for pending navigations...
[1790942823.521][INFO]: Done waiting for pending navigations. Status: ok
[1790942823.523][INFO]: Waiting for pending navigations...
[1790942823.523][INFO]: Done waiting for pending navigations. Status: ok
[1790942823.523][INFO]: [f52394c58ada93ae773f0cdbc6ddb15d] RESPONSE ExecuteScript null
[1790942824.026][INFO]: [f52394c58ada93ae773f0cdbc6ddb15d] COMMAND ExecuteScript {
   "args": [  ],
   "script": "return $flutterDriverResult"
}
[1790942824.026][INFO]: Waiting for pending navigations...
[1790942824.055][INFO]: Done waiting for pending navigations. Status: ok
[1790942824.230][INFO]: Waiting for pending navigations...
[1790942824.230][INFO]: Done waiting for pending navigations. Status: ok
[1790942824.230][INFO]: [f52394c58ada93ae773f0cdbc6ddb15d] RESPONSE ExecuteScript null
[1790942824.733][INFO]: [f52394c58ada93ae773f0cdbc6ddb15d] COMMAND ExecuteScript {
   "args": [  ],
   "script": "return $flutterDriverResult"
}
[1790942824.734][INFO]: Waiting for pending navigations...
[1790942824.734][INFO]: Done waiting for pending navigations. Status: ok
[1790942824.736][INFO]: Waiting for pending navigations...
[1790942824.736][INFO]: Done waiting for pending navigations. Status: ok
[1790942824.736][INFO]: [f52394c58ada93ae773f0cdbc6ddb15d] RESPONSE ExecuteScript null
[1790942825.238][INFO]: [f52394c58ada93ae773f0cdbc6ddb15d] COMMAND ExecuteScript {
   "args": [  ],
   "script": "return $flutterDriverResult"
}
[1790942825.238][INFO]: Waiting for pending navigations...
[1790942825.315][INFO]: Done waiting for pending navigations. Status: ok
[1790942825.763][INFO]: Waiting for pending navigations...
[1790942825.763][INFO]: Done waiting for pending navigations. Status: ok
[1790942825.763][INFO]: [f52394c58ada93ae773f0cdbc6ddb15d] RESPONSE ExecuteScript null
[1790942826.266][INFO]: [f52394c58ada93ae773f0cdbc6ddb15d] COMMAND ExecuteScript {
   "args": [  ],
   "script": "return $flutterDriverResult"
}
[1790942826.268][INFO]: Waiting for pending navigations...
[1790942826.269][INFO]: Done waiting for pending navigations. Status: ok
[1790942826.271][INFO]: Waiting for pending navigations...
[1790942826.271][INFO]: Done waiting for pending navigations. Status: ok
[1790942826.271][INFO]: [f52394c58ada93ae773f0cdbc6ddb15d] RESPONSE ExecuteScript null
[1790942826.773][INFO]: [f52394c58ada93ae773f0cdbc6ddb15d] COMMAND ExecuteScript {
   "args": [  ],
   "script": "return $flutterDriverResult"
}
[1790942826.774][INFO]: Waiting for pending navigations...
[1790942826.775][INFO]: Done waiting for pending navigations. Status: ok
[1790942826.777][INFO]: Waiting for pending navigations...
[1790942826.777][INFO]: Done waiting for pending navigations. Status: ok
[1790942826.777][INFO]: [f52394c58ada93ae773f0cdbc6ddb15d] RESPONSE ExecuteScript null
[1790942827.279][INFO]: [f52394c58ada93ae773f0cdbc6ddb15d] COMMAND ExecuteScript {
   "args": [  ],
   "script": "return $flutterDriverResult"
}
[1790942827.280][INFO]: Waiting for pending navigations...
[1790942827.281][INFO]: Done waiting for pending navigations. Status: ok
[1790942827.282][INFO]: Waiting for pending navigations...
[1790942827.283][INFO]: Done waiting for pending navigations. Status: ok
[1790942827.283][INFO]: [f52394c58ada93ae773f0cdbc6ddb15d] RESPONSE ExecuteScript null
[1790942827.785][INFO]: [f52394c58ada93ae773f0cdbc6ddb15d] COMMAND ExecuteScript {
   "args": [  ],
   "script": "return $flutterDriverResult"
}
[1790942827.786][INFO]: Waiting for pending navigations...
[1790942827.786][INFO]: Done waiting for pending navigations. Status: ok
[1790942827.788][INFO]: Waiting for pending navigations...
[1790942827.789][INFO]: Done waiting for pending navigations. Status: ok
[1790942827.789][INFO]: [f52394c58ada93ae773f0cdbc6ddb15d] RESPONSE ExecuteScript null
[1790942828.291][INFO]: [f52394c58ada93ae773f0cdbc6ddb15d] COMMAND ExecuteScript {
   "args": [  ],
   "script": "return $flutterDriverResult"
}
[1790942828.291][INFO]: Waiting for pending navigations...
[1790942828.292][INFO]: Done waiting for pending navigations. Status: ok
[1790942828.294][INFO]: Waiting for pending navigations...
[1790942828.294][INFO]: Done waiting for pending navigations. Status: ok
[1790942828.294][INFO]: [f52394c58ada93ae773f0cdbc6ddb15d] RESPONSE ExecuteScript null
[1790942828.796][INFO]: [f52394c58ada93ae773f0cdbc6ddb15d] COMMAND ExecuteScript {
   "args": [  ],
   "script": "return $flutterDriverResult"
}
[1790942828.796][INFO]: Waiting for pending navigations...
[1790942828.797][INFO]: Done waiting for pending navigations. Status: ok
[1790942828.798][INFO]: Waiting for pending navigations...
[1790942828.799][INFO]: Done waiting for pending navigations. Status: ok
[1790942828.799][INFO]: [f52394c58ada93ae773f0cdbc6ddb15d] RESPONSE ExecuteScript null
[1790942829.301][INFO]: [f52394c58ada93ae773f0cdbc6ddb15d] COMMAND ExecuteScript {
   "args": [  ],
   "script": "return $flutterDriverResult"
}
[1790942829.301][INFO]: Waiting for pending navigations...
[1790942829.302][INFO]: Done waiting for pending navigations. Status: ok
[1790942829.304][INFO]: Waiting for pending navigations...
[1790942829.304][INFO]: Done waiting for pending navigations. Status: ok
[1790942829.304][INFO]: [f52394c58ada93ae773f0cdbc6ddb15d] RESPONSE ExecuteScript null
[1790942829.807][INFO]: [f52394c58ada93ae773f0cdbc6ddb15d] COMMAND ExecuteScript {
   "args": [  ],
   "script": "return $flutterDriverResult"
}
[1790942829.807][INFO]: Waiting for pending navigations...
[1790942829.808][INFO]: Done waiting for pending navigations. Status: ok
[1790942829.810][INFO]: Waiting for pending navigations...
[1790942829.810][INFO]: Done waiting for pending navigations. Status: ok
[1790942829.810][INFO]: [f52394c58ada93ae773f0cdbc6ddb15d] RESPONSE ExecuteScript null
[1790942830.313][INFO]: [f52394c58ada93ae773f0cdbc6ddb15d] COMMAND ExecuteScript {
   "args": [  ],
   "script": "return $flutterDriverResult"
}
[1790942830.314][INFO]: Waiting for pending navigations...
[1790942830.357][INFO]: Done waiting for pending navigations. Status: ok
[1790942830.359][INFO]: Waiting for pending navigations...
[1790942830.359][INFO]: Done waiting for pending navigations. Status: ok
[1790942830.359][INFO]: [f52394c58ada93ae773f0cdbc6ddb15d] RESPONSE ExecuteScript null
[1790942830.862][INFO]: [f52394c58ada93ae773f0cdbc6ddb15d] COMMAND ExecuteScript {
   "args": [  ],
   "script": "return $flutterDriverResult"
}
[1790942830.865][INFO]: Waiting for pending navigations...
[1790942831.036][INFO]: Done waiting for pending navigations. Status: ok
[1790942831.143][INFO]: Waiting for pending navigations...
[1790942831.143][INFO]: Done waiting for pending navigations. Status: ok
[1790942831.143][INFO]: [f52394c58ada93ae773f0cdbc6ddb15d] RESPONSE ExecuteScript null
[1790942831.647][INFO]: [f52394c58ada93ae773f0cdbc6ddb15d] COMMAND ExecuteScript {
   "args": [  ],
   "script": "return $flutterDriverResult"
}
[1790942831.647][INFO]: Waiting for pending navigations...
[1790942831.712][INFO]: Done waiting for pending navigations. Status: ok
[1790942831.714][INFO]: Waiting for pending navigations...
[1790942831.714][INFO]: Done waiting for pending navigations. Status: ok
[1790942831.714][INFO]: [f52394c58ada93ae773f0cdbc6ddb15d] RESPONSE ExecuteScript null
[1790942832.222][INFO]: [f52394c58ada93ae773f0cdbc6ddb15d] COMMAND ExecuteScript {
   "args": [  ],
   "script": "return $flutterDriverResult"
}
[1790942832.223][INFO]: Waiting for pending navigations...
[1790942832.286][INFO]: Done waiting for pending navigations. Status: ok
[1790942832.620][INFO]: Waiting for pending navigations...
[1790942832.621][INFO]: Done waiting for pending navigations. Status: ok
[1790942832.621][INFO]: [f52394c58ada93ae773f0cdbc6ddb15d] RESPONSE ExecuteScript null
[1790942833.123][INFO]: [f52394c58ada93ae773f0cdbc6ddb15d] COMMAND ExecuteScript {
   "args": [  ],
   "script": "return $flutterDriverResult"
}
[1790942833.127][INFO]: Waiting for pending navigations...
[1790942833.127][INFO]: Done waiting for pending navigations. Status: ok
[1790942833.129][INFO]: Waiting for pending navigations...
[1790942833.129][INFO]: Done waiting for pending navigations. Status: ok
[1790942833.129][INFO]: [f52394c58ada93ae773f0cdbc6ddb15d] RESPONSE ExecuteScript null
[1790942833.631][INFO]: [f52394c58ada93ae773f0cdbc6ddb15d] COMMAND ExecuteScript {
   "args": [  ],
   "script": "return $flutterDriverResult"
}
[1790942833.631][INFO]: Waiting for pending navigations...
[1790942833.632][INFO]: Done waiting for pending navigations. Status: ok
[1790942833.634][INFO]: Waiting for pending navigations...
[1790942833.634][INFO]: Done waiting for pending navigations. Status: ok
[1790942833.634][INFO]: [f52394c58ada93ae773f0cdbc6ddb15d] RESPONSE ExecuteScript null
[1790942834.136][INFO]: [f52394c58ada93ae773f0cdbc6ddb15d] COMMAND ExecuteScript {
   "args": [  ],
   "script": "return $flutterDriverResult"
}
[1790942834.136][INFO]: Waiting for pending navigations...
[1790942834.377][INFO]: Done waiting for pending navigations. Status: ok
[1790942834.380][INFO]: Waiting for pending navigations...
[1790942834.381][INFO]: Done waiting for pending navigations. Status: ok
[1790942834.381][INFO]: [f52394c58ada93ae773f0cdbc6ddb15d] RESPONSE ExecuteScript null
[1790942834.884][INFO]: [f52394c58ada93ae773f0cdbc6ddb15d] COMMAND ExecuteScript {
   "args": [  ],
   "script": "return $flutterDriverResult"
}
[1790942834.885][INFO]: Waiting for pending navigations...
[1790942834.886][INFO]: Done waiting for pending navigations. Status: ok
[1790942834.888][INFO]: Waiting for pending navigations...
[1790942834.888][INFO]: Done waiting for pending navigations. Status: ok
[1790942834.888][INFO]: [f52394c58ada93ae773f0cdbc6ddb15d] RESPONSE ExecuteScript null
[1790942835.390][INFO]: [f52394c58ada93ae773f0cdbc6ddb15d] COMMAND ExecuteScript {
   "args": [  ],
   "script": "return $flutterDriverResult"
}
[1790942835.390][INFO]: Waiting for pending navigations...
[1790942835.391][INFO]: Done waiting for pending navigations. Status: ok
[1790942835.393][INFO]: Waiting for pending navigations...
[1790942835.393][INFO]: Done waiting for pending navigations. Status: ok
[1790942835.393][INFO]: [f52394c58ada93ae773f0cdbc6ddb15d] RESPONSE ExecuteScript null
[1790942835.895][INFO]: [f52394c58ada93ae773f0cdbc6ddb15d] COMMAND ExecuteScript {
   "args": [  ],
   "script": "return $flutterDriverResult"
}
[1790942835.895][INFO]: Waiting for pending navigations...
[1790942835.896][INFO]: Done waiting for pending navigations. Status: ok
[1790942835.898][INFO]: Waiting for pending navigations...
[1790942835.898][INFO]: Done waiting for pending navigations. Status: ok
[1790942835.898][INFO]: [f52394c58ada93ae773f0cdbc6ddb15d] RESPONSE ExecuteScript null
[1790942836.400][INFO]: [f52394c58ada93ae773f0cdbc6ddb15d] COMMAND ExecuteScript {
   "args": [  ],
   "script": "return $flutterDriverResult"
}
[1790942836.402][INFO]: Waiting for pending navigations...
[1790942836.465][INFO]: Done waiting for pending navigations. Status: ok
[1790942836.469][INFO]: Waiting for pending navigations...
[1790942836.469][INFO]: Done waiting for pending navigations. Status: ok
[1790942836.469][INFO]: [f52394c58ada93ae773f0cdbc6ddb15d] RESPONSE ExecuteScript "{\"isError\":false,\"response\":{\"message\":\"{\\\"result\\\":\\\"false\\\",\\\"failureDetails\\\":[],\\\"data\\\":{\\\"web_driver_command\\\":\\\"WebDriverCommandType.noop\\\"}}\"}}"
[1790942836.472][INFO]: [f52394c58ada93ae773f0cdbc6ddb15d] COMMAND ExecuteScript {
   "args": [  ],
   "script": "$flutterDriverResult = null"
}
[1790942836.472][INFO]: Waiting for pending navigations...
[1790942836.472][INFO]: Done waiting for pending navigations. Status: ok
[1790942836.474][INFO]: Waiting for pending navigations...
[1790942836.474][INFO]: Done waiting for pending navigations. Status: ok
[1790942836.474][INFO]: [f52394c58ada93ae773f0cdbc6ddb15d] RESPONSE ExecuteScript null
[1790942836.478][INFO]: [f52394c58ada93ae773f0cdbc6ddb15d] COMMAND ExecuteScript {
   "args": [  ],
   "script": "return $flutterDriverResult"
}
[1790942836.478][INFO]: Waiting for pending navigations...
[1790942836.478][INFO]: Done waiting for pending navigations. Status: ok
[1790942836.480][INFO]: Waiting for pending navigations...
[1790942836.480][INFO]: Done waiting for pending navigations. Status: ok
[1790942836.480][INFO]: [f52394c58ada93ae773f0cdbc6ddb15d] RESPONSE ExecuteScript null
[1790942836.481][INFO]: [f52394c58ada93ae773f0cdbc6ddb15d] COMMAND ExecuteScript {
   "args": [  ],
   "script": "window.$flutterDriver('{\"command\":\"request_data\"}')"
}
[1790942836.481][INFO]: Waiting for pending navigations...
[1790942836.481][INFO]: Done waiting for pending navigations. Status: ok
[1790942836.484][INFO]: Waiting for pending navigations...
[1790942836.484][INFO]: Done waiting for pending navigations. Status: ok
[1790942836.484][INFO]: [f52394c58ada93ae773f0cdbc6ddb15d] RESPONSE ExecuteScript null
[1790942836.485][INFO]: [f52394c58ada93ae773f0cdbc6ddb15d] COMMAND ExecuteScript {
   "args": [  ],
   "script": "return $flutterDriverResult"
}
[1790942836.485][INFO]: Waiting for pending navigations...
[1790942836.485][INFO]: Done waiting for pending navigations. Status: ok
[1790942836.488][INFO]: Waiting for pending navigations...
[1790942836.493][INFO]: Done waiting for pending navigations. Status: ok
[1790942836.493][INFO]: [f52394c58ada93ae773f0cdbc6ddb15d] RESPONSE ExecuteScript "{\"isError\":false,\"response\":{\"message\":\"{\\\"result\\\":\\\"true\\\",\\\"failureDetails\\\":[],\\\"data\\\":{\\\"e2e_executed\\\":[\\\"cut_fill_journey_test\\\"]}}\"}}"
[1790942836.495][INFO]: [f52394c58ada93ae773f0cdbc6ddb15d] COMMAND ExecuteScript {
   "args": [  ],
   "script": "$flutterDriverResult = null"
}
[1790942836.495][INFO]: Waiting for pending navigations...
[1790942836.495][INFO]: Done waiting for pending navigations. Status: ok
[1790942836.496][INFO]: Waiting for pending navigations...
[1790942836.497][INFO]: Done waiting for pending navigations. Status: ok
[1790942836.497][INFO]: [f52394c58ada93ae773f0cdbc6ddb15d] RESPONSE ExecuteScript null
[1790942836.523][INFO]: [f52394c58ada93ae773f0cdbc6ddb15d] COMMAND Quit {
}
[1790942836.574][INFO]: [f52394c58ada93ae773f0cdbc6ddb15d] RESPONSE Quit
[1790942909.200][INFO]: [329bd8920b55206fe85dc5fad64ea317] COMMAND InitSession {
   "capabilities": {
      "alwaysMatch": {
         "acceptInsecureCerts": true,
         "browserName": "chrome",
         "goog:chromeOptions": {
            "args": [ "--bwsi", "--disable-background-timer-throttling", "--disable-default-apps", "--disable-extensions", "--disable-popup-blocking", "--disable-translate", "--no-default-browser-check", "--no-sandbox", "--no-first-run", "--headless" ],
            "perfLoggingPrefs": {
               "traceCategories": "devtools.timeline,v8,blink.console,benchmark,blink,blink.user_timing"
            },
            "w3c": true
         },
         "goog:loggingPrefs": {
            "browser": "INFO",
            "performance": "ALL"
         }
      }
   },
   "desiredCapabilities": {
      "acceptInsecureCerts": true,
      "browserName": "chrome",
      "goog:chromeOptions": {
         "args": [ "--bwsi", "--disable-background-timer-throttling", "--disable-default-apps", "--disable-extensions", "--disable-popup-blocking", "--disable-translate", "--no-default-browser-check", "--no-sandbox", "--no-first-run", "--headless" ],
         "perfLoggingPrefs": {
            "traceCategories": "devtools.timeline,v8,blink.console,benchmark,blink,blink.user_timing"
         },
         "w3c": true
      },
      "goog:loggingPrefs": {
         "browser": "INFO",
         "performance": "ALL"
      }
   }
}
[1790942909.200][INFO]: Browser search. Trying... /opt/hostedtoolcache/setup-chrome/chromedriver/stable/x64/chrome
[1790942909.200][INFO]: Browser search. Trying... /opt/hostedtoolcache/setup-chrome/chromedriver/stable/x64/chrome
[1790942909.200][INFO]: Browser search. Trying... /opt/hostedtoolcache/setup-chrome/chromedriver/stable/x64/google-chrome
[1790942909.200][INFO]: Browser search. Trying... /opt/hostedtoolcache/setup-chrome/chromedriver/stable/x64/chromium
[1790942909.200][INFO]: Browser search. Trying... /opt/hostedtoolcache/setup-chrome/chromedriver/stable/x64/chromium-browser
[1790942909.200][INFO]: Browser search. Trying... /usr/local/sbin/chrome
[1790942909.200][INFO]: Browser search. Trying... /usr/local/bin/chrome
[1790942909.200][INFO]: Browser search. Trying... /usr/sbin/chrome
[1790942909.200][INFO]: Browser search. Trying... /usr/bin/chrome
[1790942909.200][INFO]: Browser search. Trying... /sbin/chrome
[1790942909.200][INFO]: Browser search. Trying... /bin/chrome
[1790942909.200][INFO]: Browser search. Trying... /opt/google/chrome/chrome
[1790942909.200][INFO]: Browser search. Found at  /opt/google/chrome/chrome
[1790942909.200][INFO]: Populating Preferences file: {
   "alternate_error_pages": {
      "enabled": false
   },
   "autofill": {
      "enabled": false
   },
   "browser": {
      "check_default_browser": false
   },
   "distribution": {
      "import_bookmarks": false,
      "import_history": false,
      "import_search_engine": false,
      "make_chrome_default_for_user": false,
      "skip_first_run_ui": true
   },
   "dns_prefetching": {
      "enabled": false
   },
   "profile": {
      "content_settings": {
         "pattern_pairs": {
            "https://*,*": {
               "media-stream": {
                  "audio": "Default",
                  "video": "Default"
               }
            }
         }
      },
      "default_content_setting_values": {
         "geolocation": 1
      },
      "default_content_settings": {
         "geolocation": 1,
         "mouselock": 1,
         "notifications": 1,
         "popups": 1,
         "ppapi-broker": 1
      },
      "password_manager_enabled": false
   },
   "safebrowsing": {
      "enabled": false
   },
   "search": {
      "suggest_enabled": false
   },
   "translate": {
      "enabled": false
   }
}
[1790942909.201][INFO]: Populating Local State file: {
   "background_mode": {
      "enabled": false
   },
   "ssl": {
      "rev_checking": {
         "enabled": false
      }
   }
}
[1790942909.201][INFO]: ChromeDriver supports communication with Chrome via pipes. This is more reliable and more secure.
[1790942909.201][INFO]: Use the --remote-debugging-pipe Chrome switch instead of the default --remote-debugging-port to enable this communication mode.
[1790942909.201][INFO]: Launching chrome: /opt/google/chrome/chrome --allow-pre-commit-input --bwsi --disable-background-networking --disable-background-timer-throttling --disable-backgrounding-occluded-windows --disable-client-side-phishing-detection --disable-default-apps --disable-extensions --disable-features=IgnoreDuplicateNavs,Prewarm --disable-hang-monitor --disable-popup-blocking --disable-prompt-on-repost --disable-sync --disable-translate --enable-automation --enable-logging --headless --ignore-certificate-errors --log-level=0 --no-default-browser-check --no-first-run --no-sandbox --no-service-autorun --password-store=basic --remote-debugging-port=0 --test-type=webdriver --use-mock-keychain --user-data-dir=/tmp/org.chromium.Chromium.scoped_dir.Vb0YJe data:,
[1790942909.420][INFO]: resolved localhost to ["::1","127.0.0.1"]
[1790942909.513][INFO]: [329bd8920b55206fe85dc5fad64ea317] RESPONSE InitSession {
   "capabilities": {
      "acceptInsecureCerts": true,
      "browserName": "chrome",
      "browserVersion": "154.0.8037.97",
      "chrome": {
         "chromedriverVersion": "154.0.8037.92 (334b65d254ccc35df4fca82706d1753227b01039-refs/branch-heads/8037@{#1589})",
         "userDataDir": "/tmp/org.chromium.Chromium.scoped_dir.Vb0YJe"
      },
      "fedcm:accounts": true,
      "goog:chromeOptions": {
         "debuggerAddress": "localhost:37701"
      },
      "goog:processID": 4685,
      "networkConnectionEnabled": false,
      "pageLoadStrategy": "normal",
      "platformName": "linux",
      "proxy": {
      },
      "setWindowRect": true,
      "strictFileInteractability": false,
      "timeouts": {
         "implicit": 0,
         "pageLoad": 300000,
         "script": 30000
      },
      "unhandledPromptBehavior": "dismiss and notify",
      "webauthn:extension:cmtgKey": true,
      "webauthn:extension:credBlob": true,
      "webauthn:extension:largeBlob": true,
      "webauthn:extension:minPinLength": true,
      "~~~": "..."
   },
   "sessionId": "329bd8920b55206fe85dc5fad64ea317"
}
[1790942909.540][INFO]: [329bd8920b55206fe85dc5fad64ea317] COMMAND GetWindow {
}
[1790942909.540][INFO]: [329bd8920b55206fe85dc5fad64ea317] RESPONSE GetWindow "8C21245C8AE894E9F3D4E3B19D267ACE"
[1790942909.542][INFO]: [329bd8920b55206fe85dc5fad64ea317] COMMAND SetWindowRect {
   "x": 0,
   "y": 0
}
[1790942909.542][INFO]: Waiting for pending navigations...
[1790942909.544][INFO]: Done waiting for pending navigations. Status: ok
[1790942909.555][INFO]: Waiting for pending navigations...
[1790942909.555][INFO]: Done waiting for pending navigations. Status: ok
[1790942909.555][INFO]: [329bd8920b55206fe85dc5fad64ea317] RESPONSE SetWindowRect {
   "height": 580,
   "width": 780,
   "x": 0,
   "y": 0
}
[1790942909.558][INFO]: [329bd8920b55206fe85dc5fad64ea317] COMMAND SetWindowRect {
   "height": 1024,
   "width": 1600
}
[1790942909.558][INFO]: Waiting for pending navigations...
[1790942909.558][INFO]: Done waiting for pending navigations. Status: ok
[1790942909.571][INFO]: Waiting for pending navigations...
[1790942909.572][INFO]: Done waiting for pending navigations. Status: ok
[1790942909.572][INFO]: [329bd8920b55206fe85dc5fad64ea317] RESPONSE SetWindowRect {
   "height": 1024,
   "width": 1600,
   "x": 0,
   "y": 0
}
[1790942911.974][INFO]: [329bd8920b55206fe85dc5fad64ea317] COMMAND Navigate {
   "url": "http://localhost:35889"
}
[1790942912.094][INFO]: Waiting for pending navigations...
[1790942912.094][INFO]: Done waiting for pending navigations. Status: ok
[1790942912.855][INFO]: Waiting for pending navigations...
[1790942918.785][INFO]: Done waiting for pending navigations. Status: ok
[1790942918.786][INFO]: [329bd8920b55206fe85dc5fad64ea317] RESPONSE Navigate
[1790942918.826][INFO]: [329bd8920b55206fe85dc5fad64ea317] COMMAND ExecuteScript {
   "args": [  ],
   "script": "return typeof(window.$flutterDriver)"
}
[1790942918.826][INFO]: Waiting for pending navigations...
[1790942918.827][INFO]: Done waiting for pending navigations. Status: ok
[1790942918.830][INFO]: Waiting for pending navigations...
[1790942918.830][INFO]: Done waiting for pending navigations. Status: ok
[1790942918.830][INFO]: [329bd8920b55206fe85dc5fad64ea317] RESPONSE ExecuteScript "undefined"
[1790942919.346][INFO]: [329bd8920b55206fe85dc5fad64ea317] COMMAND ExecuteScript {
   "args": [  ],
   "script": "return typeof(window.$flutterDriver)"
}
[1790942919.352][INFO]: Waiting for pending navigations...
[1790942919.526][INFO]: Done waiting for pending navigations. Status: ok
[1790942919.801][INFO]: Waiting for pending navigations...
[1790942919.802][INFO]: Done waiting for pending navigations. Status: ok
[1790942919.802][INFO]: [329bd8920b55206fe85dc5fad64ea317] RESPONSE ExecuteScript "function"
[1790942919.826][INFO]: [329bd8920b55206fe85dc5fad64ea317] COMMAND ExecuteScript {
   "args": [  ],
   "script": "return $flutterDriverResult"
}
[1790942919.826][INFO]: Waiting for pending navigations...
[1790942919.832][INFO]: Done waiting for pending navigations. Status: ok
[1790942919.843][INFO]: Waiting for pending navigations...
[1790942919.845][INFO]: Done waiting for pending navigations. Status: ok
[1790942919.845][INFO]: [329bd8920b55206fe85dc5fad64ea317] RESPONSE ExecuteScript null
[1790942919.848][INFO]: [329bd8920b55206fe85dc5fad64ea317] COMMAND ExecuteScript {
   "args": [  ],
   "script": "window.$flutterDriver('{\"command\":\"request_data\",\"message\":\"pending\"}')"
}
[1790942919.848][INFO]: Waiting for pending navigations...
[1790942919.848][INFO]: Done waiting for pending navigations. Status: ok
[1790942919.854][INFO]: Waiting for pending navigations...
[1790942919.857][INFO]: Done waiting for pending navigations. Status: ok
[1790942919.857][INFO]: [329bd8920b55206fe85dc5fad64ea317] RESPONSE ExecuteScript null
[1790942919.859][INFO]: [329bd8920b55206fe85dc5fad64ea317] COMMAND ExecuteScript {
   "args": [  ],
   "script": "return $flutterDriverResult"
}
[1790942919.859][INFO]: Waiting for pending navigations...
[1790942919.860][INFO]: Done waiting for pending navigations. Status: ok
[1790942919.862][INFO]: Waiting for pending navigations...
[1790942919.884][INFO]: Done waiting for pending navigations. Status: ok
[1790942919.884][INFO]: [329bd8920b55206fe85dc5fad64ea317] RESPONSE ExecuteScript null
[1790942920.387][INFO]: [329bd8920b55206fe85dc5fad64ea317] COMMAND ExecuteScript {
   "args": [  ],
   "script": "return $flutterDriverResult"
}
[1790942920.442][INFO]: Waiting for pending navigations...
[1790942921.069][INFO]: Done waiting for pending navigations. Status: ok
[1790942921.078][INFO]: Waiting for pending navigations...
[1790942921.079][INFO]: Done waiting for pending navigations. Status: ok
[1790942921.079][INFO]: [329bd8920b55206fe85dc5fad64ea317] RESPONSE ExecuteScript null
[1790942921.581][INFO]: [329bd8920b55206fe85dc5fad64ea317] COMMAND ExecuteScript {
   "args": [  ],
   "script": "return $flutterDriverResult"
}
[1790942921.581][INFO]: Waiting for pending navigations...
[1790942921.582][INFO]: Done waiting for pending navigations. Status: ok
[1790942921.584][INFO]: Waiting for pending navigations...
[1790942921.584][INFO]: Done waiting for pending navigations. Status: ok
[1790942921.584][INFO]: [329bd8920b55206fe85dc5fad64ea317] RESPONSE ExecuteScript null
[1790942922.086][INFO]: [329bd8920b55206fe85dc5fad64ea317] COMMAND ExecuteScript {
   "args": [  ],
   "script": "return $flutterDriverResult"
}
[1790942922.086][INFO]: Waiting for pending navigations...
[1790942922.087][INFO]: Done waiting for pending navigations. Status: ok
[1790942922.088][INFO]: Waiting for pending navigations...
[1790942922.089][INFO]: Done waiting for pending navigations. Status: ok
[1790942922.089][INFO]: [329bd8920b55206fe85dc5fad64ea317] RESPONSE ExecuteScript null
[1790942922.591][INFO]: [329bd8920b55206fe85dc5fad64ea317] COMMAND ExecuteScript {
   "args": [  ],
   "script": "return $flutterDriverResult"
}
[1790942922.592][INFO]: Waiting for pending navigations...
[1790942922.593][INFO]: Done waiting for pending navigations. Status: ok
[1790942922.594][INFO]: Waiting for pending navigations...
[1790942922.595][INFO]: Done waiting for pending navigations. Status: ok
[1790942922.595][INFO]: [329bd8920b55206fe85dc5fad64ea317] RESPONSE ExecuteScript null
[1790942923.097][INFO]: [329bd8920b55206fe85dc5fad64ea317] COMMAND ExecuteScript {
   "args": [  ],
   "script": "return $flutterDriverResult"
}
[1790942923.097][INFO]: Waiting for pending navigations...
[1790942923.098][INFO]: Done waiting for pending navigations. Status: ok
[1790942923.100][INFO]: Waiting for pending navigations...
[1790942923.100][INFO]: Done waiting for pending navigations. Status: ok
[1790942923.100][INFO]: [329bd8920b55206fe85dc5fad64ea317] RESPONSE ExecuteScript null
[1790942923.602][INFO]: [329bd8920b55206fe85dc5fad64ea317] COMMAND ExecuteScript {
   "args": [  ],
   "script": "return $flutterDriverResult"
}
[1790942923.605][INFO]: Waiting for pending navigations...
[1790942923.606][INFO]: Done waiting for pending navigations. Status: ok
[1790942923.608][INFO]: Waiting for pending navigations...
[1790942923.608][INFO]: Done waiting for pending navigations. Status: ok
[1790942923.608][INFO]: [329bd8920b55206fe85dc5fad64ea317] RESPONSE ExecuteScript null
[1790942924.110][INFO]: [329bd8920b55206fe85dc5fad64ea317] COMMAND ExecuteScript {
   "args": [  ],
   "script": "return $flutterDriverResult"
}
[1790942924.112][INFO]: Waiting for pending navigations...
[1790942924.134][INFO]: Done waiting for pending navigations. Status: ok
[1790942924.137][INFO]: Waiting for pending navigations...
[1790942924.137][INFO]: Done waiting for pending navigations. Status: ok
[1790942924.137][INFO]: [329bd8920b55206fe85dc5fad64ea317] RESPONSE ExecuteScript null
[1790942924.641][INFO]: [329bd8920b55206fe85dc5fad64ea317] COMMAND ExecuteScript {
   "args": [  ],
   "script": "return $flutterDriverResult"
}
[1790942924.644][INFO]: Waiting for pending navigations...
[1790942924.857][INFO]: Done waiting for pending navigations. Status: ok
[1790942925.001][INFO]: Waiting for pending navigations...
[1790942925.003][INFO]: Done waiting for pending navigations. Status: ok
[1790942925.003][INFO]: [329bd8920b55206fe85dc5fad64ea317] RESPONSE ExecuteScript null
[1790942925.507][INFO]: [329bd8920b55206fe85dc5fad64ea317] COMMAND ExecuteScript {
   "args": [  ],
   "script": "return $flutterDriverResult"
}
[1790942925.511][INFO]: Waiting for pending navigations...
[1790942925.521][INFO]: Done waiting for pending navigations. Status: ok
[1790942925.525][INFO]: Waiting for pending navigations...
[1790942925.526][INFO]: Done waiting for pending navigations. Status: ok
[1790942925.526][INFO]: [329bd8920b55206fe85dc5fad64ea317] RESPONSE ExecuteScript null
[1790942926.030][INFO]: [329bd8920b55206fe85dc5fad64ea317] COMMAND ExecuteScript {
   "args": [  ],
   "script": "return $flutterDriverResult"
}
[1790942926.032][INFO]: Waiting for pending navigations...
[1790942926.354][INFO]: Done waiting for pending navigations. Status: ok
[1790942926.642][INFO]: Waiting for pending navigations...
[1790942926.643][INFO]: Done waiting for pending navigations. Status: ok
[1790942926.643][INFO]: [329bd8920b55206fe85dc5fad64ea317] RESPONSE ExecuteScript null
[1790942927.146][INFO]: [329bd8920b55206fe85dc5fad64ea317] COMMAND ExecuteScript {
   "args": [  ],
   "script": "return $flutterDriverResult"
}
[1790942927.147][INFO]: Waiting for pending navigations...
[1790942927.159][INFO]: Done waiting for pending navigations. Status: ok
[1790942927.565][INFO]: Waiting for pending navigations...
[1790942927.575][INFO]: Done waiting for pending navigations. Status: ok
[1790942927.575][INFO]: [329bd8920b55206fe85dc5fad64ea317] RESPONSE ExecuteScript null
[1790942928.077][INFO]: [329bd8920b55206fe85dc5fad64ea317] COMMAND ExecuteScript {
   "args": [  ],
   "script": "return $flutterDriverResult"
}
[1790942928.078][INFO]: Waiting for pending navigations...
[1790942928.172][INFO]: Done waiting for pending navigations. Status: ok
[1790942928.408][INFO]: Waiting for pending navigations...
[1790942928.408][INFO]: Done waiting for pending navigations. Status: ok
[1790942928.408][INFO]: [329bd8920b55206fe85dc5fad64ea317] RESPONSE ExecuteScript null
[1790942928.911][INFO]: [329bd8920b55206fe85dc5fad64ea317] COMMAND ExecuteScript {
   "args": [  ],
   "script": "return $flutterDriverResult"
}
[1790942928.915][INFO]: Waiting for pending navigations...
[1790942928.980][INFO]: Done waiting for pending navigations. Status: ok
[1790942929.003][INFO]: Waiting for pending navigations...
[1790942929.003][INFO]: Done waiting for pending navigations. Status: ok
[1790942929.003][INFO]: [329bd8920b55206fe85dc5fad64ea317] RESPONSE ExecuteScript null
[1790942929.506][INFO]: [329bd8920b55206fe85dc5fad64ea317] COMMAND ExecuteScript {
   "args": [  ],
   "script": "return $flutterDriverResult"
}
[1790942929.506][INFO]: Waiting for pending navigations...
[1790942929.628][INFO]: Done waiting for pending navigations. Status: ok
[1790942929.899][INFO]: Waiting for pending navigations...
[1790942929.907][INFO]: Done waiting for pending navigations. Status: ok
[1790942929.907][INFO]: [329bd8920b55206fe85dc5fad64ea317] RESPONSE ExecuteScript null
[1790942930.410][INFO]: [329bd8920b55206fe85dc5fad64ea317] COMMAND ExecuteScript {
   "args": [  ],
   "script": "return $flutterDriverResult"
}
[1790942930.414][INFO]: Waiting for pending navigations...
[1790942930.415][INFO]: Done waiting for pending navigations. Status: ok
[1790942930.417][INFO]: Waiting for pending navigations...
[1790942930.417][INFO]: Done waiting for pending navigations. Status: ok
[1790942930.417][INFO]: [329bd8920b55206fe85dc5fad64ea317] RESPONSE ExecuteScript null
[1790942930.919][INFO]: [329bd8920b55206fe85dc5fad64ea317] COMMAND ExecuteScript {
   "args": [  ],
   "script": "return $flutterDriverResult"
}
[1790942930.920][INFO]: Waiting for pending navigations...
[1790942930.920][INFO]: Done waiting for pending navigations. Status: ok
[1790942930.922][INFO]: Waiting for pending navigations...
[1790942930.922][INFO]: Done waiting for pending navigations. Status: ok
[1790942930.922][INFO]: [329bd8920b55206fe85dc5fad64ea317] RESPONSE ExecuteScript null
[1790942931.425][INFO]: [329bd8920b55206fe85dc5fad64ea317] COMMAND ExecuteScript {
   "args": [  ],
   "script": "return $flutterDriverResult"
}
[1790942931.426][INFO]: Waiting for pending navigations...
[1790942931.427][INFO]: Done waiting for pending navigations. Status: ok
[1790942931.428][INFO]: Waiting for pending navigations...
[1790942931.429][INFO]: Done waiting for pending navigations. Status: ok
[1790942931.429][INFO]: [329bd8920b55206fe85dc5fad64ea317] RESPONSE ExecuteScript null
[1790942931.931][INFO]: [329bd8920b55206fe85dc5fad64ea317] COMMAND ExecuteScript {
   "args": [  ],
   "script": "return $flutterDriverResult"
}
[1790942931.934][INFO]: Waiting for pending navigations...
[1790942931.935][INFO]: Done waiting for pending navigations. Status: ok
[1790942931.937][INFO]: Waiting for pending navigations...
[1790942931.937][INFO]: Done waiting for pending navigations. Status: ok
[1790942931.937][INFO]: [329bd8920b55206fe85dc5fad64ea317] RESPONSE ExecuteScript null
[1790942932.440][INFO]: [329bd8920b55206fe85dc5fad64ea317] COMMAND ExecuteScript {
   "args": [  ],
   "script": "return $flutterDriverResult"
}
[1790942932.440][INFO]: Waiting for pending navigations...
[1790942932.553][INFO]: Done waiting for pending navigations. Status: ok
[1790942932.555][INFO]: Waiting for pending navigations...
[1790942932.556][INFO]: Done waiting for pending navigations. Status: ok
[1790942932.556][INFO]: [329bd8920b55206fe85dc5fad64ea317] RESPONSE ExecuteScript null
[1790942933.058][INFO]: [329bd8920b55206fe85dc5fad64ea317] COMMAND ExecuteScript {
   "args": [  ],
   "script": "return $flutterDriverResult"
}
[1790942933.061][INFO]: Waiting for pending navigations...
[1790942933.062][INFO]: Done waiting for pending navigations. Status: ok
[1790942933.064][INFO]: Waiting for pending navigations...
[1790942933.064][INFO]: Done waiting for pending navigations. Status: ok
[1790942933.064][INFO]: [329bd8920b55206fe85dc5fad64ea317] RESPONSE ExecuteScript null
[1790942933.566][INFO]: [329bd8920b55206fe85dc5fad64ea317] COMMAND ExecuteScript {
   "args": [  ],
   "script": "return $flutterDriverResult"
}
[1790942933.566][INFO]: Waiting for pending navigations...
[1790942933.567][INFO]: Done waiting for pending navigations. Status: ok
[1790942933.568][INFO]: Waiting for pending navigations...
[1790942933.569][INFO]: Done waiting for pending navigations. Status: ok
[1790942933.569][INFO]: [329bd8920b55206fe85dc5fad64ea317] RESPONSE ExecuteScript null
[1790942934.071][INFO]: [329bd8920b55206fe85dc5fad64ea317] COMMAND ExecuteScript {
   "args": [  ],
   "script": "return $flutterDriverResult"
}
[1790942934.074][INFO]: Waiting for pending navigations...
[1790942934.075][INFO]: Done waiting for pending navigations. Status: ok
[1790942934.077][INFO]: Waiting for pending navigations...
[1790942934.077][INFO]: Done waiting for pending navigations. Status: ok
[1790942934.077][INFO]: [329bd8920b55206fe85dc5fad64ea317] RESPONSE ExecuteScript null
[1790942934.579][INFO]: [329bd8920b55206fe85dc5fad64ea317] COMMAND ExecuteScript {
   "args": [  ],
   "script": "return $flutterDriverResult"
}
[1790942934.580][INFO]: Waiting for pending navigations...
[1790942934.580][INFO]: Done waiting for pending navigations. Status: ok
[1790942934.585][INFO]: Waiting for pending navigations...
[1790942934.586][INFO]: Done waiting for pending navigations. Status: ok
[1790942934.586][INFO]: [329bd8920b55206fe85dc5fad64ea317] RESPONSE ExecuteScript null
[1790942935.088][INFO]: [329bd8920b55206fe85dc5fad64ea317] COMMAND ExecuteScript {
   "args": [  ],
   "script": "return $flutterDriverResult"
}
[1790942935.088][INFO]: Waiting for pending navigations...
[1790942935.089][INFO]: Done waiting for pending navigations. Status: ok
[1790942935.091][INFO]: Waiting for pending navigations...
[1790942935.091][INFO]: Done waiting for pending navigations. Status: ok
[1790942935.091][INFO]: [329bd8920b55206fe85dc5fad64ea317] RESPONSE ExecuteScript null
[1790942935.593][INFO]: [329bd8920b55206fe85dc5fad64ea317] COMMAND ExecuteScript {
   "args": [  ],
   "script": "return $flutterDriverResult"
}
[1790942935.595][INFO]: Waiting for pending navigations...
[1790942935.595][INFO]: Done waiting for pending navigations. Status: ok
[1790942935.597][INFO]: Waiting for pending navigations...
[1790942935.597][INFO]: Done waiting for pending navigations. Status: ok
[1790942935.597][INFO]: [329bd8920b55206fe85dc5fad64ea317] RESPONSE ExecuteScript null
[1790942936.100][INFO]: [329bd8920b55206fe85dc5fad64ea317] COMMAND ExecuteScript {
   "args": [  ],
   "script": "return $flutterDriverResult"
}
[1790942936.100][INFO]: Waiting for pending navigations...
[1790942936.101][INFO]: Done waiting for pending navigations. Status: ok
[1790942936.103][INFO]: Waiting for pending navigations...
[1790942936.103][INFO]: Done waiting for pending navigations. Status: ok
[1790942936.103][INFO]: [329bd8920b55206fe85dc5fad64ea317] RESPONSE ExecuteScript null
[1790942936.605][INFO]: [329bd8920b55206fe85dc5fad64ea317] COMMAND ExecuteScript {
   "args": [  ],
   "script": "return $flutterDriverResult"
}
[1790942936.606][INFO]: Waiting for pending navigations...
[1790942936.606][INFO]: Done waiting for pending navigations. Status: ok
[1790942936.608][INFO]: Waiting for pending navigations...
[1790942936.608][INFO]: Done waiting for pending navigations. Status: ok
[1790942936.608][INFO]: [329bd8920b55206fe85dc5fad64ea317] RESPONSE ExecuteScript null
[1790942937.110][INFO]: [329bd8920b55206fe85dc5fad64ea317] COMMAND ExecuteScript {
   "args": [  ],
   "script": "return $flutterDriverResult"
}
[1790942937.113][INFO]: Waiting for pending navigations...
[1790942937.114][INFO]: Done waiting for pending navigations. Status: ok
[1790942937.116][INFO]: Waiting for pending navigations...
[1790942937.116][INFO]: Done waiting for pending navigations. Status: ok
[1790942937.116][INFO]: [329bd8920b55206fe85dc5fad64ea317] RESPONSE ExecuteScript "{\"isError\":false,\"response\":{\"message\":\"{\\\"result\\\":\\\"false\\\",\\\"failureDetails\\\":[],\\\"data\\\":{\\\"web_driver_command\\\":\\\"WebDriverCommandType.noop\\\"}}\"}}"
[1790942937.118][INFO]: [329bd8920b55206fe85dc5fad64ea317] COMMAND ExecuteScript {
   "args": [  ],
   "script": "$flutterDriverResult = null"
}
[1790942937.118][INFO]: Waiting for pending navigations...
[1790942937.118][INFO]: Done waiting for pending navigations. Status: ok
[1790942937.121][INFO]: Waiting for pending navigations...
[1790942937.121][INFO]: Done waiting for pending navigations. Status: ok
[1790942937.121][INFO]: [329bd8920b55206fe85dc5fad64ea317] RESPONSE ExecuteScript null
[1790942937.124][INFO]: [329bd8920b55206fe85dc5fad64ea317] COMMAND ExecuteScript {
   "args": [  ],
   "script": "return $flutterDriverResult"
}
[1790942937.124][INFO]: Waiting for pending navigations...
[1790942937.124][INFO]: Done waiting for pending navigations. Status: ok
[1790942937.126][INFO]: Waiting for pending navigations...
[1790942937.126][INFO]: Done waiting for pending navigations. Status: ok
[1790942937.126][INFO]: [329bd8920b55206fe85dc5fad64ea317] RESPONSE ExecuteScript null
[1790942937.127][INFO]: [329bd8920b55206fe85dc5fad64ea317] COMMAND ExecuteScript {
   "args": [  ],
   "script": "window.$flutterDriver('{\"command\":\"request_data\"}')"
}
[1790942937.127][INFO]: Waiting for pending navigations...
[1790942937.128][INFO]: Done waiting for pending navigations. Status: ok
[1790942937.130][INFO]: Waiting for pending navigations...
[1790942937.131][INFO]: Done waiting for pending navigations. Status: ok
[1790942937.131][INFO]: [329bd8920b55206fe85dc5fad64ea317] RESPONSE ExecuteScript null
[1790942937.132][INFO]: [329bd8920b55206fe85dc5fad64ea317] COMMAND ExecuteScript {
   "args": [  ],
   "script": "return $flutterDriverResult"
}
[1790942937.132][INFO]: Waiting for pending navigations...
[1790942937.132][INFO]: Done waiting for pending navigations. Status: ok
[1790942937.134][INFO]: Waiting for pending navigations...
[1790942937.134][INFO]: Done waiting for pending navigations. Status: ok
[1790942937.134][INFO]: [329bd8920b55206fe85dc5fad64ea317] RESPONSE ExecuteScript "{\"isError\":false,\"response\":{\"message\":\"{\\\"result\\\":\\\"true\\\",\\\"failureDetails\\\":[],\\\"data\\\":{\\\"e2e_executed\\\":[\\\"daily_log_journey_test\\\"]}}\"}}"
[1790942937.135][INFO]: [329bd8920b55206fe85dc5fad64ea317] COMMAND ExecuteScript {
   "args": [  ],
   "script": "$flutterDriverResult = null"
}
[1790942937.135][INFO]: Waiting for pending navigations...
[1790942937.135][INFO]: Done waiting for pending navigations. Status: ok
[1790942937.137][INFO]: Waiting for pending navigations...
[1790942937.137][INFO]: Done waiting for pending navigations. Status: ok
[1790942937.137][INFO]: [329bd8920b55206fe85dc5fad64ea317] RESPONSE ExecuteScript null
[1790942937.163][INFO]: [329bd8920b55206fe85dc5fad64ea317] COMMAND Quit {
}
[1790942937.213][INFO]: [329bd8920b55206fe85dc5fad64ea317] RESPONSE Quit
[1790943009.470][INFO]: [c00330e7d1ed0628d315e916442d7375] COMMAND InitSession {
   "capabilities": {
      "alwaysMatch": {
         "acceptInsecureCerts": true,
         "browserName": "chrome",
         "goog:chromeOptions": {
            "args": [ "--bwsi", "--disable-background-timer-throttling", "--disable-default-apps", "--disable-extensions", "--disable-popup-blocking", "--disable-translate", "--no-default-browser-check", "--no-sandbox", "--no-first-run", "--headless" ],
            "perfLoggingPrefs": {
               "traceCategories": "devtools.timeline,v8,blink.console,benchmark,blink,blink.user_timing"
            },
            "w3c": true
         },
         "goog:loggingPrefs": {
            "browser": "INFO",
            "performance": "ALL"
         }
      }
   },
   "desiredCapabilities": {
      "acceptInsecureCerts": true,
      "browserName": "chrome",
      "goog:chromeOptions": {
         "args": [ "--bwsi", "--disable-background-timer-throttling", "--disable-default-apps", "--disable-extensions", "--disable-popup-blocking", "--disable-translate", "--no-default-browser-check", "--no-sandbox", "--no-first-run", "--headless" ],
         "perfLoggingPrefs": {
            "traceCategories": "devtools.timeline,v8,blink.console,benchmark,blink,blink.user_timing"
         },
         "w3c": true
      },
      "goog:loggingPrefs": {
         "browser": "INFO",
         "performance": "ALL"
      }
   }
}
[1790943009.470][INFO]: Browser search. Trying... /opt/hostedtoolcache/setup-chrome/chromedriver/stable/x64/chrome
[1790943009.470][INFO]: Browser search. Trying... /opt/hostedtoolcache/setup-chrome/chromedriver/stable/x64/chrome
[1790943009.470][INFO]: Browser search. Trying... /opt/hostedtoolcache/setup-chrome/chromedriver/stable/x64/google-chrome
[1790943009.470][INFO]: Browser search. Trying... /opt/hostedtoolcache/setup-chrome/chromedriver/stable/x64/chromium
[1790943009.470][INFO]: Browser search. Trying... /opt/hostedtoolcache/setup-chrome/chromedriver/stable/x64/chromium-browser
[1790943009.470][INFO]: Browser search. Trying... /usr/local/sbin/chrome
[1790943009.470][INFO]: Browser search. Trying... /usr/local/bin/chrome
[1790943009.470][INFO]: Browser search. Trying... /usr/sbin/chrome
[1790943009.470][INFO]: Browser search. Trying... /usr/bin/chrome
[1790943009.470][INFO]: Browser search. Trying... /sbin/chrome
[1790943009.470][INFO]: Browser search. Trying... /bin/chrome
[1790943009.470][INFO]: Browser search. Trying... /opt/google/chrome/chrome
[1790943009.470][INFO]: Browser search. Found at  /opt/google/chrome/chrome
[1790943009.470][INFO]: Populating Preferences file: {
   "alternate_error_pages": {
      "enabled": false
   },
   "autofill": {
      "enabled": false
   },
   "browser": {
      "check_default_browser": false
   },
   "distribution": {
      "import_bookmarks": false,
      "import_history": false,
      "import_search_engine": false,
      "make_chrome_default_for_user": false,
      "skip_first_run_ui": true
   },
   "dns_prefetching": {
      "enabled": false
   },
   "profile": {
      "content_settings": {
         "pattern_pairs": {
            "https://*,*": {
               "media-stream": {
                  "audio": "Default",
                  "video": "Default"
               }
            }
         }
      },
      "default_content_setting_values": {
         "geolocation": 1
      },
      "default_content_settings": {
         "geolocation": 1,
         "mouselock": 1,
         "notifications": 1,
         "popups": 1,
         "ppapi-broker": 1
      },
      "password_manager_enabled": false
   },
   "safebrowsing": {
      "enabled": false
   },
   "search": {
      "suggest_enabled": false
   },
   "translate": {
      "enabled": false
   }
}
[1790943009.471][INFO]: Populating Local State file: {
   "background_mode": {
      "enabled": false
   },
   "ssl": {
      "rev_checking": {
         "enabled": false
      }
   }
}
[1790943009.471][INFO]: ChromeDriver supports communication with Chrome via pipes. This is more reliable and more secure.
[1790943009.471][INFO]: Use the --remote-debugging-pipe Chrome switch instead of the default --remote-debugging-port to enable this communication mode.
[1790943009.471][INFO]: Launching chrome: /opt/google/chrome/chrome --allow-pre-commit-input --bwsi --disable-background-networking --disable-background-timer-throttling --disable-backgrounding-occluded-windows --disable-client-side-phishing-detection --disable-default-apps --disable-extensions --disable-features=IgnoreDuplicateNavs,Prewarm --disable-hang-monitor --disable-popup-blocking --disable-prompt-on-repost --disable-sync --disable-translate --enable-automation --enable-logging --headless --ignore-certificate-errors --log-level=0 --no-default-browser-check --no-first-run --no-sandbox --no-service-autorun --password-store=basic --remote-debugging-port=0 --test-type=webdriver --use-mock-keychain --user-data-dir=/tmp/org.chromium.Chromium.scoped_dir.UggXPy data:,
[1790943009.708][INFO]: resolved localhost to ["::1","127.0.0.1"]
[1790943009.806][INFO]: [c00330e7d1ed0628d315e916442d7375] RESPONSE InitSession {
   "capabilities": {
      "acceptInsecureCerts": true,
      "browserName": "chrome",
      "browserVersion": "154.0.8037.97",
      "chrome": {
         "chromedriverVersion": "154.0.8037.92 (334b65d254ccc35df4fca82706d1753227b01039-refs/branch-heads/8037@{#1589})",
         "userDataDir": "/tmp/org.chromium.Chromium.scoped_dir.UggXPy"
      },
      "fedcm:accounts": true,
      "goog:chromeOptions": {
         "debuggerAddress": "localhost:45455"
      },
      "goog:processID": 5080,
      "networkConnectionEnabled": false,
      "pageLoadStrategy": "normal",
      "platformName": "linux",
      "proxy": {
      },
      "setWindowRect": true,
      "strictFileInteractability": false,
      "timeouts": {
         "implicit": 0,
         "pageLoad": 300000,
         "script": 30000
      },
      "unhandledPromptBehavior": "dismiss and notify",
      "webauthn:extension:cmtgKey": true,
      "webauthn:extension:credBlob": true,
      "webauthn:extension:largeBlob": true,
      "webauthn:extension:minPinLength": true,
      "~~~": "..."
   },
   "sessionId": "c00330e7d1ed0628d315e916442d7375"
}
[1790943009.834][INFO]: [c00330e7d1ed0628d315e916442d7375] COMMAND GetWindow {
}
[1790943009.834][INFO]: [c00330e7d1ed0628d315e916442d7375] RESPONSE GetWindow "177BBD16DDBED453145176E42FFAA073"
[1790943009.837][INFO]: [c00330e7d1ed0628d315e916442d7375] COMMAND SetWindowRect {
   "x": 0,
   "y": 0
}
[1790943009.837][INFO]: Waiting for pending navigations...
[1790943009.839][INFO]: Done waiting for pending navigations. Status: ok
[1790943009.851][INFO]: Waiting for pending navigations...
[1790943009.851][INFO]: Done waiting for pending navigations. Status: ok
[1790943009.851][INFO]: [c00330e7d1ed0628d315e916442d7375] RESPONSE SetWindowRect {
   "height": 580,
   "width": 780,
   "x": 0,
   "y": 0
}
[1790943009.854][INFO]: [c00330e7d1ed0628d315e916442d7375] COMMAND SetWindowRect {
   "height": 1024,
   "width": 1600
}
[1790943009.854][INFO]: Waiting for pending navigations...
[1790943009.854][INFO]: Done waiting for pending navigations. Status: ok
[1790943009.869][INFO]: Waiting for pending navigations...
[1790943009.869][INFO]: Done waiting for pending navigations. Status: ok
[1790943009.869][INFO]: [c00330e7d1ed0628d315e916442d7375] RESPONSE SetWindowRect {
   "height": 1024,
   "width": 1600,
   "x": 0,
   "y": 0
}
[1790943012.174][INFO]: [c00330e7d1ed0628d315e916442d7375] COMMAND Navigate {
   "url": "http://localhost:39783"
}
[1790943012.296][INFO]: Waiting for pending navigations...
[1790943012.296][INFO]: Done waiting for pending navigations. Status: ok
[1790943013.074][INFO]: Waiting for pending navigations...
[1790943019.132][INFO]: Done waiting for pending navigations. Status: ok
[1790943019.132][INFO]: [c00330e7d1ed0628d315e916442d7375] RESPONSE Navigate
[1790943019.159][INFO]: [c00330e7d1ed0628d315e916442d7375] COMMAND ExecuteScript {
   "args": [  ],
   "script": "return typeof(window.$flutterDriver)"
}
[1790943019.160][INFO]: Waiting for pending navigations...
[1790943019.160][INFO]: Done waiting for pending navigations. Status: ok
[1790943019.163][INFO]: Waiting for pending navigations...
[1790943019.164][INFO]: Done waiting for pending navigations. Status: ok
[1790943019.164][INFO]: [c00330e7d1ed0628d315e916442d7375] RESPONSE ExecuteScript "undefined"
[1790943019.676][INFO]: [c00330e7d1ed0628d315e916442d7375] COMMAND ExecuteScript {
   "args": [  ],
   "script": "return typeof(window.$flutterDriver)"
}
[1790943019.685][INFO]: Waiting for pending navigations...
[1790943019.867][INFO]: Done waiting for pending navigations. Status: ok
[1790943020.090][INFO]: Waiting for pending navigations...
[1790943020.112][INFO]: Done waiting for pending navigations. Status: ok
[1790943020.112][INFO]: [c00330e7d1ed0628d315e916442d7375] RESPONSE ExecuteScript "function"
[1790943020.132][INFO]: [c00330e7d1ed0628d315e916442d7375] COMMAND ExecuteScript {
   "args": [  ],
   "script": "return $flutterDriverResult"
}
[1790943020.132][INFO]: Waiting for pending navigations...
[1790943020.177][INFO]: Done waiting for pending navigations. Status: ok
[1790943020.192][INFO]: Waiting for pending navigations...
[1790943020.196][INFO]: Done waiting for pending navigations. Status: ok
[1790943020.196][INFO]: [c00330e7d1ed0628d315e916442d7375] RESPONSE ExecuteScript null
[1790943020.199][INFO]: [c00330e7d1ed0628d315e916442d7375] COMMAND ExecuteScript {
   "args": [  ],
   "script": "window.$flutterDriver('{\"command\":\"request_data\",\"message\":\"pending\"}')"
}
[1790943020.199][INFO]: Waiting for pending navigations...
[1790943020.205][INFO]: Done waiting for pending navigations. Status: ok
[1790943020.218][INFO]: Waiting for pending navigations...
[1790943020.219][INFO]: Done waiting for pending navigations. Status: ok
[1790943020.219][INFO]: [c00330e7d1ed0628d315e916442d7375] RESPONSE ExecuteScript null
[1790943020.221][INFO]: [c00330e7d1ed0628d315e916442d7375] COMMAND ExecuteScript {
   "args": [  ],
   "script": "return $flutterDriverResult"
}
[1790943020.221][INFO]: Waiting for pending navigations...
[1790943020.222][INFO]: Done waiting for pending navigations. Status: ok
[1790943020.224][INFO]: Waiting for pending navigations...
[1790943020.226][INFO]: Done waiting for pending navigations. Status: ok
[1790943020.226][INFO]: [c00330e7d1ed0628d315e916442d7375] RESPONSE ExecuteScript null
[1790943020.728][INFO]: [c00330e7d1ed0628d315e916442d7375] COMMAND ExecuteScript {
   "args": [  ],
   "script": "return $flutterDriverResult"
}
[1790943020.790][INFO]: Waiting for pending navigations...
[1790943021.423][INFO]: Done waiting for pending navigations. Status: ok
[1790943021.433][INFO]: Waiting for pending navigations...
[1790943021.434][INFO]: Done waiting for pending navigations. Status: ok
[1790943021.434][INFO]: [c00330e7d1ed0628d315e916442d7375] RESPONSE ExecuteScript null
[1790943021.937][INFO]: [c00330e7d1ed0628d315e916442d7375] COMMAND ExecuteScript {
   "args": [  ],
   "script": "return $flutterDriverResult"
}
[1790943021.937][INFO]: Waiting for pending navigations...
[1790943021.938][INFO]: Done waiting for pending navigations. Status: ok
[1790943021.939][INFO]: Waiting for pending navigations...
[1790943021.940][INFO]: Done waiting for pending navigations. Status: ok
[1790943021.940][INFO]: [c00330e7d1ed0628d315e916442d7375] RESPONSE ExecuteScript null
[1790943022.442][INFO]: [c00330e7d1ed0628d315e916442d7375] COMMAND ExecuteScript {
   "args": [  ],
   "script": "return $flutterDriverResult"
}
[1790943022.442][INFO]: Waiting for pending navigations...
[1790943022.443][INFO]: Done waiting for pending navigations. Status: ok
[1790943022.444][INFO]: Waiting for pending navigations...
[1790943022.445][INFO]: Done waiting for pending navigations. Status: ok
[1790943022.445][INFO]: [c00330e7d1ed0628d315e916442d7375] RESPONSE ExecuteScript null
[1790943022.947][INFO]: [c00330e7d1ed0628d315e916442d7375] COMMAND ExecuteScript {
   "args": [  ],
   "script": "return $flutterDriverResult"
}
[1790943022.948][INFO]: Waiting for pending navigations...
[1790943022.948][INFO]: Done waiting for pending navigations. Status: ok
[1790943022.950][INFO]: Waiting for pending navigations...
[1790943022.951][INFO]: Done waiting for pending navigations. Status: ok
[1790943022.951][INFO]: [c00330e7d1ed0628d315e916442d7375] RESPONSE ExecuteScript null
[1790943023.453][INFO]: [c00330e7d1ed0628d315e916442d7375] COMMAND ExecuteScript {
   "args": [  ],
   "script": "return $flutterDriverResult"
}
[1790943023.456][INFO]: Waiting for pending navigations...
[1790943023.456][INFO]: Done waiting for pending navigations. Status: ok
[1790943023.458][INFO]: Waiting for pending navigations...
[1790943023.459][INFO]: Done waiting for pending navigations. Status: ok
[1790943023.459][INFO]: [c00330e7d1ed0628d315e916442d7375] RESPONSE ExecuteScript null
[1790943023.961][INFO]: [c00330e7d1ed0628d315e916442d7375] COMMAND ExecuteScript {
   "args": [  ],
   "script": "return $flutterDriverResult"
}
[1790943023.963][INFO]: Waiting for pending navigations...
[1790943023.963][INFO]: Done waiting for pending navigations. Status: ok
[1790943023.965][INFO]: Waiting for pending navigations...
[1790943023.965][INFO]: Done waiting for pending navigations. Status: ok
[1790943023.965][INFO]: [c00330e7d1ed0628d315e916442d7375] RESPONSE ExecuteScript null
[1790943024.468][INFO]: [c00330e7d1ed0628d315e916442d7375] COMMAND ExecuteScript {
   "args": [  ],
   "script": "return $flutterDriverResult"
}
[1790943024.470][INFO]: Waiting for pending navigations...
[1790943024.798][INFO]: Done waiting for pending navigations. Status: ok
[1790943024.934][INFO]: Waiting for pending navigations...
[1790943024.947][INFO]: Done waiting for pending navigations. Status: ok
[1790943024.947][INFO]: [c00330e7d1ed0628d315e916442d7375] RESPONSE ExecuteScript null
[1790943025.450][INFO]: [c00330e7d1ed0628d315e916442d7375] COMMAND ExecuteScript {
   "args": [  ],
   "script": "return $flutterDriverResult"
}
[1790943025.453][INFO]: Waiting for pending navigations...
[1790943025.453][INFO]: Done waiting for pending navigations. Status: ok
[1790943025.455][INFO]: Waiting for pending navigations...
[1790943025.455][INFO]: Done waiting for pending navigations. Status: ok
[1790943025.455][INFO]: [c00330e7d1ed0628d315e916442d7375] RESPONSE ExecuteScript null
[1790943025.958][INFO]: [c00330e7d1ed0628d315e916442d7375] COMMAND ExecuteScript {
   "args": [  ],
   "script": "return $flutterDriverResult"
}
[1790943025.960][INFO]: Waiting for pending navigations...
[1790943025.961][INFO]: Done waiting for pending navigations. Status: ok
[1790943025.963][INFO]: Waiting for pending navigations...
[1790943025.963][INFO]: Done waiting for pending navigations. Status: ok
[1790943025.963][INFO]: [c00330e7d1ed0628d315e916442d7375] RESPONSE ExecuteScript null
[1790943026.466][INFO]: [c00330e7d1ed0628d315e916442d7375] COMMAND ExecuteScript {
   "args": [  ],
   "script": "return $flutterDriverResult"
}
[1790943026.467][INFO]: Waiting for pending navigations...
[1790943026.468][INFO]: Done waiting for pending navigations. Status: ok
[1790943026.469][INFO]: Waiting for pending navigations...
[1790943026.470][INFO]: Done waiting for pending navigations. Status: ok
[1790943026.470][INFO]: [c00330e7d1ed0628d315e916442d7375] RESPONSE ExecuteScript null
[1790943026.972][INFO]: [c00330e7d1ed0628d315e916442d7375] COMMAND ExecuteScript {
   "args": [  ],
   "script": "return $flutterDriverResult"
}
[1790943026.973][INFO]: Waiting for pending navigations...
[1790943026.974][INFO]: Done waiting for pending navigations. Status: ok
[1790943026.976][INFO]: Waiting for pending navigations...
[1790943026.976][INFO]: Done waiting for pending navigations. Status: ok
[1790943026.976][INFO]: [c00330e7d1ed0628d315e916442d7375] RESPONSE ExecuteScript "{\"isError\":false,\"response\":{\"message\":\"{\\\"result\\\":\\\"false\\\",\\\"failureDetails\\\":[],\\\"data\\\":{\\\"web_driver_command\\\":\\\"WebDriverCommandType.noop\\\"}}\"}}"
[1790943026.978][INFO]: [c00330e7d1ed0628d315e916442d7375] COMMAND ExecuteScript {
   "args": [  ],
   "script": "$flutterDriverResult = null"
}
[1790943026.978][INFO]: Waiting for pending navigations...
[1790943026.978][INFO]: Done waiting for pending navigations. Status: ok
[1790943026.981][INFO]: Waiting for pending navigations...
[1790943026.981][INFO]: Done waiting for pending navigations. Status: ok
[1790943026.981][INFO]: [c00330e7d1ed0628d315e916442d7375] RESPONSE ExecuteScript null
[1790943026.984][INFO]: [c00330e7d1ed0628d315e916442d7375] COMMAND ExecuteScript {
   "args": [  ],
   "script": "return $flutterDriverResult"
}
[1790943026.984][INFO]: Waiting for pending navigations...
[1790943026.985][INFO]: Done waiting for pending navigations. Status: ok
[1790943026.986][INFO]: Waiting for pending navigations...
[1790943026.987][INFO]: Done waiting for pending navigations. Status: ok
[1790943026.987][INFO]: [c00330e7d1ed0628d315e916442d7375] RESPONSE ExecuteScript null
[1790943026.988][INFO]: [c00330e7d1ed0628d315e916442d7375] COMMAND ExecuteScript {
   "args": [  ],
   "script": "window.$flutterDriver('{\"command\":\"request_data\"}')"
}
[1790943026.988][INFO]: Waiting for pending navigations...
[1790943026.988][INFO]: Done waiting for pending navigations. Status: ok
[1790943026.991][INFO]: Waiting for pending navigations...
[1790943026.991][INFO]: Done waiting for pending navigations. Status: ok
[1790943026.991][INFO]: [c00330e7d1ed0628d315e916442d7375] RESPONSE ExecuteScript null
[1790943026.992][INFO]: [c00330e7d1ed0628d315e916442d7375] COMMAND ExecuteScript {
   "args": [  ],
   "script": "return $flutterDriverResult"
}
[1790943026.992][INFO]: Waiting for pending navigations...
[1790943026.992][INFO]: Done waiting for pending navigations. Status: ok
[1790943026.994][INFO]: Waiting for pending navigations...
[1790943026.994][INFO]: Done waiting for pending navigations. Status: ok
[1790943026.994][INFO]: [c00330e7d1ed0628d315e916442d7375] RESPONSE ExecuteScript "{\"isError\":false,\"response\":{\"message\":\"{\\\"result\\\":\\\"true\\\",\\\"failureDetails\\\":[],\\\"data\\\":{\\\"e2e_skipped\\\":[\\\"data_bucket_journey_test.dart: staging or Drive credentials absent (RISK-0017/0018, d..."
[1790943026.995][INFO]: [c00330e7d1ed0628d315e916442d7375] COMMAND ExecuteScript {
   "args": [  ],
   "script": "$flutterDriverResult = null"
}
[1790943026.995][INFO]: Waiting for pending navigations...
[1790943026.996][INFO]: Done waiting for pending navigations. Status: ok
[1790943026.998][INFO]: Waiting for pending navigations...
[1790943026.998][INFO]: Done waiting for pending navigations. Status: ok
[1790943026.998][INFO]: [c00330e7d1ed0628d315e916442d7375] RESPONSE ExecuteScript null
[1790943027.024][INFO]: [c00330e7d1ed0628d315e916442d7375] COMMAND Quit {
}
[1790943027.075][INFO]: [c00330e7d1ed0628d315e916442d7375] RESPONSE Quit
[1790943099.852][INFO]: [93ae6474e2a3be02ff78dd61de499594] COMMAND InitSession {
   "capabilities": {
      "alwaysMatch": {
         "acceptInsecureCerts": true,
         "browserName": "chrome",
         "goog:chromeOptions": {
            "args": [ "--bwsi", "--disable-background-timer-throttling", "--disable-default-apps", "--disable-extensions", "--disable-popup-blocking", "--disable-translate", "--no-default-browser-check", "--no-sandbox", "--no-first-run", "--headless" ],
            "perfLoggingPrefs": {
               "traceCategories": "devtools.timeline,v8,blink.console,benchmark,blink,blink.user_timing"
            },
            "w3c": true
         },
         "goog:loggingPrefs": {
            "browser": "INFO",
            "performance": "ALL"
         }
      }
   },
   "desiredCapabilities": {
      "acceptInsecureCerts": true,
      "browserName": "chrome",
      "goog:chromeOptions": {
         "args": [ "--bwsi", "--disable-background-timer-throttling", "--disable-default-apps", "--disable-extensions", "--disable-popup-blocking", "--disable-translate", "--no-default-browser-check", "--no-sandbox", "--no-first-run", "--headless" ],
         "perfLoggingPrefs": {
            "traceCategories": "devtools.timeline,v8,blink.console,benchmark,blink,blink.user_timing"
         },
         "w3c": true
      },
      "goog:loggingPrefs": {
         "browser": "INFO",
         "performance": "ALL"
      }
   }
}
[1790943099.852][INFO]: Browser search. Trying... /opt/hostedtoolcache/setup-chrome/chromedriver/stable/x64/chrome
[1790943099.852][INFO]: Browser search. Trying... /opt/hostedtoolcache/setup-chrome/chromedriver/stable/x64/chrome
[1790943099.852][INFO]: Browser search. Trying... /opt/hostedtoolcache/setup-chrome/chromedriver/stable/x64/google-chrome
[1790943099.852][INFO]: Browser search. Trying... /opt/hostedtoolcache/setup-chrome/chromedriver/stable/x64/chromium
[1790943099.852][INFO]: Browser search. Trying... /opt/hostedtoolcache/setup-chrome/chromedriver/stable/x64/chromium-browser
[1790943099.852][INFO]: Browser search. Trying... /usr/local/sbin/chrome
[1790943099.852][INFO]: Browser search. Trying... /usr/local/bin/chrome
[1790943099.852][INFO]: Browser search. Trying... /usr/sbin/chrome
[1790943099.852][INFO]: Browser search. Trying... /usr/bin/chrome
[1790943099.852][INFO]: Browser search. Trying... /sbin/chrome
[1790943099.852][INFO]: Browser search. Trying... /bin/chrome
[1790943099.852][INFO]: Browser search. Trying... /opt/google/chrome/chrome
[1790943099.852][INFO]: Browser search. Found at  /opt/google/chrome/chrome
[1790943099.852][INFO]: Populating Preferences file: {
   "alternate_error_pages": {
      "enabled": false
   },
   "autofill": {
      "enabled": false
   },
   "browser": {
      "check_default_browser": false
   },
   "distribution": {
      "import_bookmarks": false,
      "import_history": false,
      "import_search_engine": false,
      "make_chrome_default_for_user": false,
      "skip_first_run_ui": true
   },
   "dns_prefetching": {
      "enabled": false
   },
   "profile": {
      "content_settings": {
         "pattern_pairs": {
            "https://*,*": {
               "media-stream": {
                  "audio": "Default",
                  "video": "Default"
               }
            }
         }
      },
      "default_content_setting_values": {
         "geolocation": 1
      },
      "default_content_settings": {
         "geolocation": 1,
         "mouselock": 1,
         "notifications": 1,
         "popups": 1,
         "ppapi-broker": 1
      },
      "password_manager_enabled": false
   },
   "safebrowsing": {
      "enabled": false
   },
   "search": {
      "suggest_enabled": false
   },
   "translate": {
      "enabled": false
   }
}
[1790943099.852][INFO]: Populating Local State file: {
   "background_mode": {
      "enabled": false
   },
   "ssl": {
      "rev_checking": {
         "enabled": false
      }
   }
}
[1790943099.853][INFO]: ChromeDriver supports communication with Chrome via pipes. This is more reliable and more secure.
[1790943099.853][INFO]: Use the --remote-debugging-pipe Chrome switch instead of the default --remote-debugging-port to enable this communication mode.
[1790943099.853][INFO]: Launching chrome: /opt/google/chrome/chrome --allow-pre-commit-input --bwsi --disable-background-networking --disable-background-timer-throttling --disable-backgrounding-occluded-windows --disable-client-side-phishing-detection --disable-default-apps --disable-extensions --disable-features=IgnoreDuplicateNavs,Prewarm --disable-hang-monitor --disable-popup-blocking --disable-prompt-on-repost --disable-sync --disable-translate --enable-automation --enable-logging --headless --ignore-certificate-errors --log-level=0 --no-default-browser-check --no-first-run --no-sandbox --no-service-autorun --password-store=basic --remote-debugging-port=0 --test-type=webdriver --use-mock-keychain --user-data-dir=/tmp/org.chromium.Chromium.scoped_dir.J3qCNm data:,
[1790943100.100][INFO]: resolved localhost to ["::1","127.0.0.1"]
[1790943100.197][INFO]: [93ae6474e2a3be02ff78dd61de499594] RESPONSE InitSession {
   "capabilities": {
      "acceptInsecureCerts": true,
      "browserName": "chrome",
      "browserVersion": "154.0.8037.97",
      "chrome": {
         "chromedriverVersion": "154.0.8037.92 (334b65d254ccc35df4fca82706d1753227b01039-refs/branch-heads/8037@{#1589})",
         "userDataDir": "/tmp/org.chromium.Chromium.scoped_dir.J3qCNm"
      },
      "fedcm:accounts": true,
      "goog:chromeOptions": {
         "debuggerAddress": "localhost:45017"
      },
      "goog:processID": 5335,
      "networkConnectionEnabled": false,
      "pageLoadStrategy": "normal",
      "platformName": "linux",
      "proxy": {
      },
      "setWindowRect": true,
      "strictFileInteractability": false,
      "timeouts": {
         "implicit": 0,
         "pageLoad": 300000,
         "script": 30000
      },
      "unhandledPromptBehavior": "dismiss and notify",
      "webauthn:extension:cmtgKey": true,
      "webauthn:extension:credBlob": true,
      "webauthn:extension:largeBlob": true,
      "webauthn:extension:minPinLength": true,
      "~~~": "..."
   },
   "sessionId": "93ae6474e2a3be02ff78dd61de499594"
}
[1790943100.219][INFO]: [93ae6474e2a3be02ff78dd61de499594] COMMAND GetWindow {
}
[1790943100.219][INFO]: [93ae6474e2a3be02ff78dd61de499594] RESPONSE GetWindow "BE4F561513F09A9EBA94009026041CAC"
[1790943100.223][INFO]: [93ae6474e2a3be02ff78dd61de499594] COMMAND SetWindowRect {
   "x": 0,
   "y": 0
}
[1790943100.223][INFO]: Waiting for pending navigations...
[1790943100.229][INFO]: Done waiting for pending navigations. Status: ok
[1790943100.240][INFO]: Waiting for pending navigations...
[1790943100.241][INFO]: Done waiting for pending navigations. Status: ok
[1790943100.241][INFO]: [93ae6474e2a3be02ff78dd61de499594] RESPONSE SetWindowRect {
   "height": 580,
   "width": 780,
   "x": 0,
   "y": 0
}
[1790943100.246][INFO]: [93ae6474e2a3be02ff78dd61de499594] COMMAND SetWindowRect {
   "height": 1024,
   "width": 1600
}
[1790943100.246][INFO]: Waiting for pending navigations...
[1790943100.250][INFO]: Done waiting for pending navigations. Status: ok
[1790943100.264][INFO]: Waiting for pending navigations...
[1790943100.268][INFO]: Done waiting for pending navigations. Status: ok
[1790943100.268][INFO]: [93ae6474e2a3be02ff78dd61de499594] RESPONSE SetWindowRect {
   "height": 1024,
   "width": 1600,
   "x": 0,
   "y": 0
}
[1790943102.634][INFO]: [93ae6474e2a3be02ff78dd61de499594] COMMAND Navigate {
   "url": "http://localhost:46341"
}
[1790943102.740][INFO]: Waiting for pending navigations...
[1790943102.740][INFO]: Done waiting for pending navigations. Status: ok
[1790943103.504][INFO]: Waiting for pending navigations...
[1790943109.483][INFO]: Done waiting for pending navigations. Status: ok
[1790943109.483][INFO]: [93ae6474e2a3be02ff78dd61de499594] RESPONSE Navigate
[1790943109.517][INFO]: [93ae6474e2a3be02ff78dd61de499594] COMMAND ExecuteScript {
   "args": [  ],
   "script": "return typeof(window.$flutterDriver)"
}
[1790943109.517][INFO]: Waiting for pending navigations...
[1790943109.530][INFO]: Done waiting for pending navigations. Status: ok
[1790943109.547][INFO]: Waiting for pending navigations...
[1790943109.548][INFO]: Done waiting for pending navigations. Status: ok
[1790943109.548][INFO]: [93ae6474e2a3be02ff78dd61de499594] RESPONSE ExecuteScript "undefined"
[1790943110.065][INFO]: [93ae6474e2a3be02ff78dd61de499594] COMMAND ExecuteScript {
   "args": [  ],
   "script": "return typeof(window.$flutterDriver)"
}
[1790943110.077][INFO]: Waiting for pending navigations...
[1790943110.270][INFO]: Done waiting for pending navigations. Status: ok
[1790943110.545][INFO]: Waiting for pending navigations...
[1790943110.547][INFO]: Done waiting for pending navigations. Status: ok
[1790943110.547][INFO]: [93ae6474e2a3be02ff78dd61de499594] RESPONSE ExecuteScript "function"
[1790943110.574][INFO]: [93ae6474e2a3be02ff78dd61de499594] COMMAND ExecuteScript {
   "args": [  ],
   "script": "return $flutterDriverResult"
}
[1790943110.575][INFO]: Waiting for pending navigations...
[1790943110.582][INFO]: Done waiting for pending navigations. Status: ok
[1790943110.595][INFO]: Waiting for pending navigations...
[1790943110.596][INFO]: Done waiting for pending navigations. Status: ok
[1790943110.596][INFO]: [93ae6474e2a3be02ff78dd61de499594] RESPONSE ExecuteScript null
[1790943110.599][INFO]: [93ae6474e2a3be02ff78dd61de499594] COMMAND ExecuteScript {
   "args": [  ],
   "script": "window.$flutterDriver('{\"command\":\"request_data\",\"message\":\"pending\"}')"
}
[1790943110.599][INFO]: Waiting for pending navigations...
[1790943110.600][INFO]: Done waiting for pending navigations. Status: ok
[1790943110.605][INFO]: Waiting for pending navigations...
[1790943110.607][INFO]: Done waiting for pending navigations. Status: ok
[1790943110.607][INFO]: [93ae6474e2a3be02ff78dd61de499594] RESPONSE ExecuteScript null
[1790943110.609][INFO]: [93ae6474e2a3be02ff78dd61de499594] COMMAND ExecuteScript {
   "args": [  ],
   "script": "return $flutterDriverResult"
}
[1790943110.609][INFO]: Waiting for pending navigations...
[1790943110.610][INFO]: Done waiting for pending navigations. Status: ok
[1790943110.634][INFO]: Waiting for pending navigations...
[1790943110.636][INFO]: Done waiting for pending navigations. Status: ok
[1790943110.636][INFO]: [93ae6474e2a3be02ff78dd61de499594] RESPONSE ExecuteScript null
[1790943111.138][INFO]: [93ae6474e2a3be02ff78dd61de499594] COMMAND ExecuteScript {
   "args": [  ],
   "script": "return $flutterDriverResult"
}
[1790943111.190][INFO]: Waiting for pending navigations...
[1790943111.814][INFO]: Done waiting for pending navigations. Status: ok
[1790943111.824][INFO]: Waiting for pending navigations...
[1790943111.826][INFO]: Done waiting for pending navigations. Status: ok
[1790943111.826][INFO]: [93ae6474e2a3be02ff78dd61de499594] RESPONSE ExecuteScript null
[1790943112.329][INFO]: [93ae6474e2a3be02ff78dd61de499594] COMMAND ExecuteScript {
   "args": [  ],
   "script": "return $flutterDriverResult"
}
[1790943112.353][INFO]: Waiting for pending navigations...
[1790943112.354][INFO]: Done waiting for pending navigations. Status: ok
[1790943112.355][INFO]: Waiting for pending navigations...
[1790943112.356][INFO]: Done waiting for pending navigations. Status: ok
[1790943112.356][INFO]: [93ae6474e2a3be02ff78dd61de499594] RESPONSE ExecuteScript null
[1790943112.858][INFO]: [93ae6474e2a3be02ff78dd61de499594] COMMAND ExecuteScript {
   "args": [  ],
   "script": "return $flutterDriverResult"
}
[1790943112.858][INFO]: Waiting for pending navigations...
[1790943112.940][INFO]: Done waiting for pending navigations. Status: ok
[1790943112.944][INFO]: Waiting for pending navigations...
[1790943112.944][INFO]: Done waiting for pending navigations. Status: ok
[1790943112.944][INFO]: [93ae6474e2a3be02ff78dd61de499594] RESPONSE ExecuteScript null
[1790943113.447][INFO]: [93ae6474e2a3be02ff78dd61de499594] COMMAND ExecuteScript {
   "args": [  ],
   "script": "return $flutterDriverResult"
}
[1790943113.447][INFO]: Waiting for pending navigations...
[1790943113.454][INFO]: Done waiting for pending navigations. Status: ok
[1790943113.456][INFO]: Waiting for pending navigations...
[1790943113.456][INFO]: Done waiting for pending navigations. Status: ok
[1790943113.456][INFO]: [93ae6474e2a3be02ff78dd61de499594] RESPONSE ExecuteScript null
[1790943113.958][INFO]: [93ae6474e2a3be02ff78dd61de499594] COMMAND ExecuteScript {
   "args": [  ],
   "script": "return $flutterDriverResult"
}
[1790943113.959][INFO]: Waiting for pending navigations...
[1790943113.959][INFO]: Done waiting for pending navigations. Status: ok
[1790943113.961][INFO]: Waiting for pending navigations...
[1790943113.961][INFO]: Done waiting for pending navigations. Status: ok
[1790943113.961][INFO]: [93ae6474e2a3be02ff78dd61de499594] RESPONSE ExecuteScript null
[1790943114.464][INFO]: [93ae6474e2a3be02ff78dd61de499594] COMMAND ExecuteScript {
   "args": [  ],
   "script": "return $flutterDriverResult"
}
[1790943114.464][INFO]: Waiting for pending navigations...
[1790943114.482][INFO]: Done waiting for pending navigations. Status: ok
[1790943114.484][INFO]: Waiting for pending navigations...
[1790943114.484][INFO]: Done waiting for pending navigations. Status: ok
[1790943114.484][INFO]: [93ae6474e2a3be02ff78dd61de499594] RESPONSE ExecuteScript null
[1790943114.987][INFO]: [93ae6474e2a3be02ff78dd61de499594] COMMAND ExecuteScript {
   "args": [  ],
   "script": "return $flutterDriverResult"
}
[1790943114.993][INFO]: Waiting for pending navigations...
[1790943115.016][INFO]: Done waiting for pending navigations. Status: ok
[1790943115.018][INFO]: Waiting for pending navigations...
[1790943115.018][INFO]: Done waiting for pending navigations. Status: ok
[1790943115.018][INFO]: [93ae6474e2a3be02ff78dd61de499594] RESPONSE ExecuteScript null
[1790943115.521][INFO]: [93ae6474e2a3be02ff78dd61de499594] COMMAND ExecuteScript {
   "args": [  ],
   "script": "return $flutterDriverResult"
}
[1790943115.523][INFO]: Waiting for pending navigations...
[1790943115.523][INFO]: Done waiting for pending navigations. Status: ok
[1790943115.525][INFO]: Waiting for pending navigations...
[1790943115.648][INFO]: Done waiting for pending navigations. Status: ok
[1790943115.648][INFO]: [93ae6474e2a3be02ff78dd61de499594] RESPONSE ExecuteScript null
[1790943116.151][INFO]: [93ae6474e2a3be02ff78dd61de499594] COMMAND ExecuteScript {
   "args": [  ],
   "script": "return $flutterDriverResult"
}
[1790943116.156][INFO]: Waiting for pending navigations...
[1790943116.515][INFO]: Done waiting for pending navigations. Status: ok
[1790943116.707][INFO]: Waiting for pending navigations...
[1790943116.707][INFO]: Done waiting for pending navigations. Status: ok
[1790943116.707][INFO]: [93ae6474e2a3be02ff78dd61de499594] RESPONSE ExecuteScript null
[1790943117.210][INFO]: [93ae6474e2a3be02ff78dd61de499594] COMMAND ExecuteScript {
   "args": [  ],
   "script": "return $flutterDriverResult"
}
[1790943117.213][INFO]: Waiting for pending navigations...
[1790943117.307][INFO]: Done waiting for pending navigations. Status: ok
[1790943117.377][INFO]: Waiting for pending navigations...
[1790943117.377][INFO]: Done waiting for pending navigations. Status: ok
[1790943117.377][INFO]: [93ae6474e2a3be02ff78dd61de499594] RESPONSE ExecuteScript null
[1790943117.881][INFO]: [93ae6474e2a3be02ff78dd61de499594] COMMAND ExecuteScript {
   "args": [  ],
   "script": "return $flutterDriverResult"
}
[1790943117.887][INFO]: Waiting for pending navigations...
[1790943117.909][INFO]: Done waiting for pending navigations. Status: ok
[1790943117.924][INFO]: Waiting for pending navigations...
[1790943117.925][INFO]: Done waiting for pending navigations. Status: ok
[1790943117.925][INFO]: [93ae6474e2a3be02ff78dd61de499594] RESPONSE ExecuteScript null
[1790943118.428][INFO]: [93ae6474e2a3be02ff78dd61de499594] COMMAND ExecuteScript {
   "args": [  ],
   "script": "return $flutterDriverResult"
}
[1790943118.431][INFO]: Waiting for pending navigations...
[1790943118.481][INFO]: Done waiting for pending navigations. Status: ok
[1790943118.498][INFO]: Waiting for pending navigations...
[1790943118.498][INFO]: Done waiting for pending navigations. Status: ok
[1790943118.498][INFO]: [93ae6474e2a3be02ff78dd61de499594] RESPONSE ExecuteScript null
[1790943119.002][INFO]: [93ae6474e2a3be02ff78dd61de499594] COMMAND ExecuteScript {
   "args": [  ],
   "script": "return $flutterDriverResult"
}
[1790943119.003][INFO]: Waiting for pending navigations...
[1790943119.018][INFO]: Done waiting for pending navigations. Status: ok
[1790943119.020][INFO]: Waiting for pending navigations...
[1790943119.020][INFO]: Done waiting for pending navigations. Status: ok
[1790943119.020][INFO]: [93ae6474e2a3be02ff78dd61de499594] RESPONSE ExecuteScript null
[1790943119.523][INFO]: [93ae6474e2a3be02ff78dd61de499594] COMMAND ExecuteScript {
   "args": [  ],
   "script": "return $flutterDriverResult"
}
[1790943119.524][INFO]: Waiting for pending navigations...
[1790943119.535][INFO]: Done waiting for pending navigations. Status: ok
[1790943119.537][INFO]: Waiting for pending navigations...
[1790943119.538][INFO]: Done waiting for pending navigations. Status: ok
[1790943119.538][INFO]: [93ae6474e2a3be02ff78dd61de499594] RESPONSE ExecuteScript null
[1790943120.040][INFO]: [93ae6474e2a3be02ff78dd61de499594] COMMAND ExecuteScript {
   "args": [  ],
   "script": "return $flutterDriverResult"
}
[1790943120.044][INFO]: Waiting for pending navigations...
[1790943120.044][INFO]: Done waiting for pending navigations. Status: ok
[1790943120.046][INFO]: Waiting for pending navigations...
[1790943120.046][INFO]: Done waiting for pending navigations. Status: ok
[1790943120.046][INFO]: [93ae6474e2a3be02ff78dd61de499594] RESPONSE ExecuteScript null
[1790943120.549][INFO]: [93ae6474e2a3be02ff78dd61de499594] COMMAND ExecuteScript {
   "args": [  ],
   "script": "return $flutterDriverResult"
}
[1790943120.553][INFO]: Waiting for pending navigations...
[1790943120.553][INFO]: Done waiting for pending navigations. Status: ok
[1790943120.555][INFO]: Waiting for pending navigations...
[1790943120.556][INFO]: Done waiting for pending navigations. Status: ok
[1790943120.556][INFO]: [93ae6474e2a3be02ff78dd61de499594] RESPONSE ExecuteScript null
[1790943121.058][INFO]: [93ae6474e2a3be02ff78dd61de499594] COMMAND ExecuteScript {
   "args": [  ],
   "script": "return $flutterDriverResult"
}
[1790943121.060][INFO]: Waiting for pending navigations...
[1790943121.060][INFO]: Done waiting for pending navigations. Status: ok
[1790943121.062][INFO]: Waiting for pending navigations...
[1790943121.062][INFO]: Done waiting for pending navigations. Status: ok
[1790943121.062][INFO]: [93ae6474e2a3be02ff78dd61de499594] RESPONSE ExecuteScript null
[1790943121.564][INFO]: [93ae6474e2a3be02ff78dd61de499594] COMMAND ExecuteScript {
   "args": [  ],
   "script": "return $flutterDriverResult"
}
[1790943121.572][INFO]: Waiting for pending navigations...
[1790943121.843][INFO]: Done waiting for pending navigations. Status: ok
[1790943121.851][INFO]: Waiting for pending navigations...
[1790943121.851][INFO]: Done waiting for pending navigations. Status: ok
[1790943121.851][INFO]: [93ae6474e2a3be02ff78dd61de499594] RESPONSE ExecuteScript null
[1790943122.354][INFO]: [93ae6474e2a3be02ff78dd61de499594] COMMAND ExecuteScript {
   "args": [  ],
   "script": "return $flutterDriverResult"
}
[1790943122.356][INFO]: Waiting for pending navigations...
[1790943122.357][INFO]: Done waiting for pending navigations. Status: ok
[1790943122.360][INFO]: Waiting for pending navigations...
[1790943122.360][INFO]: Done waiting for pending navigations. Status: ok
[1790943122.360][INFO]: [93ae6474e2a3be02ff78dd61de499594] RESPONSE ExecuteScript null
[1790943122.863][INFO]: [93ae6474e2a3be02ff78dd61de499594] COMMAND ExecuteScript {
   "args": [  ],
   "script": "return $flutterDriverResult"
}
[1790943122.865][INFO]: Waiting for pending navigations...
[1790943122.896][INFO]: Done waiting for pending navigations. Status: ok
[1790943122.898][INFO]: Waiting for pending navigations...
[1790943122.898][INFO]: Done waiting for pending navigations. Status: ok
[1790943122.898][INFO]: [93ae6474e2a3be02ff78dd61de499594] RESPONSE ExecuteScript null
[1790943123.401][INFO]: [93ae6474e2a3be02ff78dd61de499594] COMMAND ExecuteScript {
   "args": [  ],
   "script": "return $flutterDriverResult"
}
[1790943123.402][INFO]: Waiting for pending navigations...
[1790943123.524][INFO]: Done waiting for pending navigations. Status: ok
[1790943123.531][INFO]: Waiting for pending navigations...
[1790943123.532][INFO]: Done waiting for pending navigations. Status: ok
[1790943123.532][INFO]: [93ae6474e2a3be02ff78dd61de499594] RESPONSE ExecuteScript null
[1790943124.034][INFO]: [93ae6474e2a3be02ff78dd61de499594] COMMAND ExecuteScript {
   "args": [  ],
   "script": "return $flutterDriverResult"
}
[1790943124.036][INFO]: Waiting for pending navigations...
[1790943124.037][INFO]: Done waiting for pending navigations. Status: ok
[1790943124.039][INFO]: Waiting for pending navigations...
[1790943124.039][INFO]: Done waiting for pending navigations. Status: ok
[1790943124.039][INFO]: [93ae6474e2a3be02ff78dd61de499594] RESPONSE ExecuteScript null
[1790943124.541][INFO]: [93ae6474e2a3be02ff78dd61de499594] COMMAND ExecuteScript {
   "args": [  ],
   "script": "return $flutterDriverResult"
}
[1790943124.545][INFO]: Waiting for pending navigations...
[1790943124.545][INFO]: Done waiting for pending navigations. Status: ok
[1790943124.547][INFO]: Waiting for pending navigations...
[1790943124.548][INFO]: Done waiting for pending navigations. Status: ok
[1790943124.548][INFO]: [93ae6474e2a3be02ff78dd61de499594] RESPONSE ExecuteScript null
[1790943125.050][INFO]: [93ae6474e2a3be02ff78dd61de499594] COMMAND ExecuteScript {
   "args": [  ],
   "script": "return $flutterDriverResult"
}
[1790943125.051][INFO]: Waiting for pending navigations...
[1790943125.052][INFO]: Done waiting for pending navigations. Status: ok
[1790943125.054][INFO]: Waiting for pending navigations...
[1790943125.054][INFO]: Done waiting for pending navigations. Status: ok
[1790943125.054][INFO]: [93ae6474e2a3be02ff78dd61de499594] RESPONSE ExecuteScript null
[1790943125.557][INFO]: [93ae6474e2a3be02ff78dd61de499594] COMMAND ExecuteScript {
   "args": [  ],
   "script": "return $flutterDriverResult"
}
[1790943125.560][INFO]: Waiting for pending navigations...
[1790943125.560][INFO]: Done waiting for pending navigations. Status: ok
[1790943125.562][INFO]: Waiting for pending navigations...
[1790943125.562][INFO]: Done waiting for pending navigations. Status: ok
[1790943125.562][INFO]: [93ae6474e2a3be02ff78dd61de499594] RESPONSE ExecuteScript null
[1790943126.067][INFO]: [93ae6474e2a3be02ff78dd61de499594] COMMAND ExecuteScript {
   "args": [  ],
   "script": "return $flutterDriverResult"
}
[1790943126.068][INFO]: Waiting for pending navigations...
[1790943126.140][INFO]: Done waiting for pending navigations. Status: ok
[1790943126.228][INFO]: Waiting for pending navigations...
[1790943126.231][INFO]: Done waiting for pending navigations. Status: ok
[1790943126.231][INFO]: [93ae6474e2a3be02ff78dd61de499594] RESPONSE ExecuteScript null
[1790943126.733][INFO]: [93ae6474e2a3be02ff78dd61de499594] COMMAND ExecuteScript {
   "args": [  ],
   "script": "return $flutterDriverResult"
}
[1790943126.737][INFO]: Waiting for pending navigations...
[1790943126.841][INFO]: Done waiting for pending navigations. Status: ok
[1790943126.854][INFO]: Waiting for pending navigations...
[1790943126.854][INFO]: Done waiting for pending navigations. Status: ok
[1790943126.854][INFO]: [93ae6474e2a3be02ff78dd61de499594] RESPONSE ExecuteScript null
[1790943127.357][INFO]: [93ae6474e2a3be02ff78dd61de499594] COMMAND ExecuteScript {
   "args": [  ],
   "script": "return $flutterDriverResult"
}
[1790943127.361][INFO]: Waiting for pending navigations...
[1790943127.361][INFO]: Done waiting for pending navigations. Status: ok
[1790943127.363][INFO]: Waiting for pending navigations...
[1790943127.363][INFO]: Done waiting for pending navigations. Status: ok
[1790943127.363][INFO]: [93ae6474e2a3be02ff78dd61de499594] RESPONSE ExecuteScript null
[1790943127.865][INFO]: [93ae6474e2a3be02ff78dd61de499594] COMMAND ExecuteScript {
   "args": [  ],
   "script": "return $flutterDriverResult"
}
[1790943127.867][INFO]: Waiting for pending navigations...
[1790943127.867][INFO]: Done waiting for pending navigations. Status: ok
[1790943127.869][INFO]: Waiting for pending navigations...
[1790943127.869][INFO]: Done waiting for pending navigations. Status: ok
[1790943127.869][INFO]: [93ae6474e2a3be02ff78dd61de499594] RESPONSE ExecuteScript null
[1790943128.371][INFO]: [93ae6474e2a3be02ff78dd61de499594] COMMAND ExecuteScript {
   "args": [  ],
   "script": "return $flutterDriverResult"
}
[1790943128.373][INFO]: Waiting for pending navigations...
[1790943128.373][INFO]: Done waiting for pending navigations. Status: ok
[1790943128.375][INFO]: Waiting for pending navigations...
[1790943128.376][INFO]: Done waiting for pending navigations. Status: ok
[1790943128.376][INFO]: [93ae6474e2a3be02ff78dd61de499594] RESPONSE ExecuteScript null
[1790943128.879][INFO]: [93ae6474e2a3be02ff78dd61de499594] COMMAND ExecuteScript {
   "args": [  ],
   "script": "return $flutterDriverResult"
}
[1790943128.881][INFO]: Waiting for pending navigations...
[1790943128.881][INFO]: Done waiting for pending navigations. Status: ok
[1790943128.883][INFO]: Waiting for pending navigations...
[1790943128.884][INFO]: Done waiting for pending navigations. Status: ok
[1790943128.884][INFO]: [93ae6474e2a3be02ff78dd61de499594] RESPONSE ExecuteScript null
[1790943129.387][INFO]: [93ae6474e2a3be02ff78dd61de499594] COMMAND ExecuteScript {
   "args": [  ],
   "script": "return $flutterDriverResult"
}
[1790943129.389][INFO]: Waiting for pending navigations...
[1790943129.533][INFO]: Done waiting for pending navigations. Status: ok
[1790943129.536][INFO]: Waiting for pending navigations...
[1790943129.536][INFO]: Done waiting for pending navigations. Status: ok
[1790943129.536][INFO]: [93ae6474e2a3be02ff78dd61de499594] RESPONSE ExecuteScript null
[1790943130.039][INFO]: [93ae6474e2a3be02ff78dd61de499594] COMMAND ExecuteScript {
   "args": [  ],
   "script": "return $flutterDriverResult"
}
[1790943130.045][INFO]: Waiting for pending navigations...
[1790943130.046][INFO]: Done waiting for pending navigations. Status: ok
[1790943130.048][INFO]: Waiting for pending navigations...
[1790943130.048][INFO]: Done waiting for pending navigations. Status: ok
[1790943130.048][INFO]: [93ae6474e2a3be02ff78dd61de499594] RESPONSE ExecuteScript null
[1790943130.550][INFO]: [93ae6474e2a3be02ff78dd61de499594] COMMAND ExecuteScript {
   "args": [  ],
   "script": "return $flutterDriverResult"
}
[1790943130.553][INFO]: Waiting for pending navigations...
[1790943130.553][INFO]: Done waiting for pending navigations. Status: ok
[1790943130.555][INFO]: Waiting for pending navigations...
[1790943130.555][INFO]: Done waiting for pending navigations. Status: ok
[1790943130.555][INFO]: [93ae6474e2a3be02ff78dd61de499594] RESPONSE ExecuteScript null
[1790943131.057][INFO]: [93ae6474e2a3be02ff78dd61de499594] COMMAND ExecuteScript {
   "args": [  ],
   "script": "return $flutterDriverResult"
}
[1790943131.057][INFO]: Waiting for pending navigations...
[1790943131.058][INFO]: Done waiting for pending navigations. Status: ok
[1790943131.096][INFO]: Waiting for pending navigations...
[1790943131.096][INFO]: Done waiting for pending navigations. Status: ok
[1790943131.096][INFO]: [93ae6474e2a3be02ff78dd61de499594] RESPONSE ExecuteScript null
[1790943131.598][INFO]: [93ae6474e2a3be02ff78dd61de499594] COMMAND ExecuteScript {
   "args": [  ],
   "script": "return $flutterDriverResult"
}
[1790943131.598][INFO]: Waiting for pending navigations...
[1790943131.599][INFO]: Done waiting for pending navigations. Status: ok
[1790943131.601][INFO]: Waiting for pending navigations...
[1790943131.601][INFO]: Done waiting for pending navigations. Status: ok
[1790943131.601][INFO]: [93ae6474e2a3be02ff78dd61de499594] RESPONSE ExecuteScript null
[1790943132.103][INFO]: [93ae6474e2a3be02ff78dd61de499594] COMMAND ExecuteScript {
   "args": [  ],
   "script": "return $flutterDriverResult"
}
[1790943132.109][INFO]: Waiting for pending navigations...
[1790943132.120][INFO]: Done waiting for pending navigations. Status: ok
[1790943132.122][INFO]: Waiting for pending navigations...
[1790943132.122][INFO]: Done waiting for pending navigations. Status: ok
[1790943132.122][INFO]: [93ae6474e2a3be02ff78dd61de499594] RESPONSE ExecuteScript null
[1790943132.625][INFO]: [93ae6474e2a3be02ff78dd61de499594] COMMAND ExecuteScript {
   "args": [  ],
   "script": "return $flutterDriverResult"
}
[1790943132.626][INFO]: Waiting for pending navigations...
[1790943132.728][INFO]: Done waiting for pending navigations. Status: ok
[1790943132.730][INFO]: Waiting for pending navigations...
[1790943132.731][INFO]: Done waiting for pending navigations. Status: ok
[1790943132.731][INFO]: [93ae6474e2a3be02ff78dd61de499594] RESPONSE ExecuteScript null
[1790943133.233][INFO]: [93ae6474e2a3be02ff78dd61de499594] COMMAND ExecuteScript {
   "args": [  ],
   "script": "return $flutterDriverResult"
}
[1790943133.234][INFO]: Waiting for pending navigations...
[1790943133.235][INFO]: Done waiting for pending navigations. Status: ok
[1790943133.237][INFO]: Waiting for pending navigations...
[1790943133.237][INFO]: Done waiting for pending navigations. Status: ok
[1790943133.237][INFO]: [93ae6474e2a3be02ff78dd61de499594] RESPONSE ExecuteScript null
[1790943133.739][INFO]: [93ae6474e2a3be02ff78dd61de499594] COMMAND ExecuteScript {
   "args": [  ],
   "script": "return $flutterDriverResult"
}
[1790943133.744][INFO]: Waiting for pending navigations...
[1790943133.745][INFO]: Done waiting for pending navigations. Status: ok
[1790943133.747][INFO]: Waiting for pending navigations...
[1790943133.747][INFO]: Done waiting for pending navigations. Status: ok
[1790943133.747][INFO]: [93ae6474e2a3be02ff78dd61de499594] RESPONSE ExecuteScript null
[1790943134.249][INFO]: [93ae6474e2a3be02ff78dd61de499594] COMMAND ExecuteScript {
   "args": [  ],
   "script": "return $flutterDriverResult"
}
[1790943134.249][INFO]: Waiting for pending navigations...
[1790943134.250][INFO]: Done waiting for pending navigations. Status: ok
[1790943134.252][INFO]: Waiting for pending navigations...
[1790943134.252][INFO]: Done waiting for pending navigations. Status: ok
[1790943134.252][INFO]: [93ae6474e2a3be02ff78dd61de499594] RESPONSE ExecuteScript null
[1790943134.754][INFO]: [93ae6474e2a3be02ff78dd61de499594] COMMAND ExecuteScript {
   "args": [  ],
   "script": "return $flutterDriverResult"
}
[1790943134.757][INFO]: Waiting for pending navigations...
[1790943134.765][INFO]: Done waiting for pending navigations. Status: ok
[1790943134.768][INFO]: Waiting for pending navigations...
[1790943134.768][INFO]: Done waiting for pending navigations. Status: ok
[1790943134.768][INFO]: [93ae6474e2a3be02ff78dd61de499594] RESPONSE ExecuteScript "{\"isError\":false,\"response\":{\"message\":\"{\\\"result\\\":\\\"false\\\",\\\"failureDetails\\\":[],\\\"data\\\":{\\\"web_driver_command\\\":\\\"WebDriverCommandType.noop\\\"}}\"}}"
[1790943134.771][INFO]: [93ae6474e2a3be02ff78dd61de499594] COMMAND ExecuteScript {
   "args": [  ],
   "script": "$flutterDriverResult = null"
}
[1790943134.771][INFO]: Waiting for pending navigations...
[1790943134.771][INFO]: Done waiting for pending navigations. Status: ok
[1790943134.773][INFO]: Waiting for pending navigations...
[1790943134.774][INFO]: Done waiting for pending navigations. Status: ok
[1790943134.774][INFO]: [93ae6474e2a3be02ff78dd61de499594] RESPONSE ExecuteScript null
[1790943134.777][INFO]: [93ae6474e2a3be02ff78dd61de499594] COMMAND ExecuteScript {
   "args": [  ],
   "script": "return $flutterDriverResult"
}
[1790943134.777][INFO]: Waiting for pending navigations...
[1790943134.777][INFO]: Done waiting for pending navigations. Status: ok
[1790943134.779][INFO]: Waiting for pending navigations...
[1790943134.779][INFO]: Done waiting for pending navigations. Status: ok
[1790943134.779][INFO]: [93ae6474e2a3be02ff78dd61de499594] RESPONSE ExecuteScript null
[1790943134.780][INFO]: [93ae6474e2a3be02ff78dd61de499594] COMMAND ExecuteScript {
   "args": [  ],
   "script": "window.$flutterDriver('{\"command\":\"request_data\"}')"
}
[1790943134.780][INFO]: Waiting for pending navigations...
[1790943134.781][INFO]: Done waiting for pending navigations. Status: ok
[1790943134.783][INFO]: Waiting for pending navigations...
[1790943134.783][INFO]: Done waiting for pending navigations. Status: ok
[1790943134.783][INFO]: [93ae6474e2a3be02ff78dd61de499594] RESPONSE ExecuteScript null
[1790943134.784][INFO]: [93ae6474e2a3be02ff78dd61de499594] COMMAND ExecuteScript {
   "args": [  ],
   "script": "return $flutterDriverResult"
}
[1790943134.784][INFO]: Waiting for pending navigations...
[1790943134.785][INFO]: Done waiting for pending navigations. Status: ok
[1790943134.786][INFO]: Waiting for pending navigations...
[1790943134.787][INFO]: Done waiting for pending navigations. Status: ok
[1790943134.787][INFO]: [93ae6474e2a3be02ff78dd61de499594] RESPONSE ExecuteScript "{\"isError\":false,\"response\":{\"message\":\"{\\\"result\\\":\\\"true\\\",\\\"failureDetails\\\":[],\\\"data\\\":{\\\"e2e_executed\\\":[\\\"deep_link\\\",\\\"deep_link\\\"]}}\"}}"
[1790943134.787][INFO]: [93ae6474e2a3be02ff78dd61de499594] COMMAND ExecuteScript {
   "args": [  ],
   "script": "$flutterDriverResult = null"
}
[1790943134.787][INFO]: Waiting for pending navigations...
[1790943134.788][INFO]: Done waiting for pending navigations. Status: ok
[1790943134.789][INFO]: Waiting for pending navigations...
[1790943134.790][INFO]: Done waiting for pending navigations. Status: ok
[1790943134.790][INFO]: [93ae6474e2a3be02ff78dd61de499594] RESPONSE ExecuteScript null
[1790943134.816][INFO]: [93ae6474e2a3be02ff78dd61de499594] COMMAND Quit {
}
[1790943134.866][INFO]: [93ae6474e2a3be02ff78dd61de499594] RESPONSE Quit
[1790943207.595][INFO]: [d5e61cad3903f4967e4838bbadf9563d] COMMAND InitSession {
   "capabilities": {
      "alwaysMatch": {
         "acceptInsecureCerts": true,
         "browserName": "chrome",
         "goog:chromeOptions": {
            "args": [ "--bwsi", "--disable-background-timer-throttling", "--disable-default-apps", "--disable-extensions", "--disable-popup-blocking", "--disable-translate", "--no-default-browser-check", "--no-sandbox", "--no-first-run", "--headless" ],
            "perfLoggingPrefs": {
               "traceCategories": "devtools.timeline,v8,blink.console,benchmark,blink,blink.user_timing"
            },
            "w3c": true
         },
         "goog:loggingPrefs": {
            "browser": "INFO",
            "performance": "ALL"
         }
      }
   },
   "desiredCapabilities": {
      "acceptInsecureCerts": true,
      "browserName": "chrome",
      "goog:chromeOptions": {
         "args": [ "--bwsi", "--disable-background-timer-throttling", "--disable-default-apps", "--disable-extensions", "--disable-popup-blocking", "--disable-translate", "--no-default-browser-check", "--no-sandbox", "--no-first-run", "--headless" ],
         "perfLoggingPrefs": {
            "traceCategories": "devtools.timeline,v8,blink.console,benchmark,blink,blink.user_timing"
         },
         "w3c": true
      },
      "goog:loggingPrefs": {
         "browser": "INFO",
         "performance": "ALL"
      }
   }
}
[1790943207.595][INFO]: Browser search. Trying... /opt/hostedtoolcache/setup-chrome/chromedriver/stable/x64/chrome
[1790943207.595][INFO]: Browser search. Trying... /opt/hostedtoolcache/setup-chrome/chromedriver/stable/x64/chrome
[1790943207.595][INFO]: Browser search. Trying... /opt/hostedtoolcache/setup-chrome/chromedriver/stable/x64/google-chrome
[1790943207.595][INFO]: Browser search. Trying... /opt/hostedtoolcache/setup-chrome/chromedriver/stable/x64/chromium
[1790943207.595][INFO]: Browser search. Trying... /opt/hostedtoolcache/setup-chrome/chromedriver/stable/x64/chromium-browser
[1790943207.595][INFO]: Browser search. Trying... /usr/local/sbin/chrome
[1790943207.595][INFO]: Browser search. Trying... /usr/local/bin/chrome
[1790943207.595][INFO]: Browser search. Trying... /usr/sbin/chrome
[1790943207.595][INFO]: Browser search. Trying... /usr/bin/chrome
[1790943207.595][INFO]: Browser search. Trying... /sbin/chrome
[1790943207.595][INFO]: Browser search. Trying... /bin/chrome
[1790943207.595][INFO]: Browser search. Trying... /opt/google/chrome/chrome
[1790943207.595][INFO]: Browser search. Found at  /opt/google/chrome/chrome
[1790943207.595][INFO]: Populating Preferences file: {
   "alternate_error_pages": {
      "enabled": false
   },
   "autofill": {
      "enabled": false
   },
   "browser": {
      "check_default_browser": false
   },
   "distribution": {
      "import_bookmarks": false,
      "import_history": false,
      "import_search_engine": false,
      "make_chrome_default_for_user": false,
      "skip_first_run_ui": true
   },
   "dns_prefetching": {
      "enabled": false
   },
   "profile": {
      "content_settings": {
         "pattern_pairs": {
            "https://*,*": {
               "media-stream": {
                  "audio": "Default",
                  "video": "Default"
               }
            }
         }
      },
      "default_content_setting_values": {
         "geolocation": 1
      },
      "default_content_settings": {
         "geolocation": 1,
         "mouselock": 1,
         "notifications": 1,
         "popups": 1,
         "ppapi-broker": 1
      },
      "password_manager_enabled": false
   },
   "safebrowsing": {
      "enabled": false
   },
   "search": {
      "suggest_enabled": false
   },
   "translate": {
      "enabled": false
   }
}
[1790943207.595][INFO]: Populating Local State file: {
   "background_mode": {
      "enabled": false
   },
   "ssl": {
      "rev_checking": {
         "enabled": false
      }
   }
}
[1790943207.596][INFO]: ChromeDriver supports communication with Chrome via pipes. This is more reliable and more secure.
[1790943207.596][INFO]: Use the --remote-debugging-pipe Chrome switch instead of the default --remote-debugging-port to enable this communication mode.
[1790943207.596][INFO]: Launching chrome: /opt/google/chrome/chrome --allow-pre-commit-input --bwsi --disable-background-networking --disable-background-timer-throttling --disable-backgrounding-occluded-windows --disable-client-side-phishing-detection --disable-default-apps --disable-extensions --disable-features=IgnoreDuplicateNavs,Prewarm --disable-hang-monitor --disable-popup-blocking --disable-prompt-on-repost --disable-sync --disable-translate --enable-automation --enable-logging --headless --ignore-certificate-errors --log-level=0 --no-default-browser-check --no-first-run --no-sandbox --no-service-autorun --password-store=basic --remote-debugging-port=0 --test-type=webdriver --use-mock-keychain --user-data-dir=/tmp/org.chromium.Chromium.scoped_dir.lN0rrn data:,
[1790943207.835][INFO]: resolved localhost to ["::1","127.0.0.1"]
[1790943207.908][INFO]: [d5e61cad3903f4967e4838bbadf9563d] RESPONSE InitSession {
   "capabilities": {
      "acceptInsecureCerts": true,
      "browserName": "chrome",
      "browserVersion": "154.0.8037.97",
      "chrome": {
         "chromedriverVersion": "154.0.8037.92 (334b65d254ccc35df4fca82706d1753227b01039-refs/branch-heads/8037@{#1589})",
         "userDataDir": "/tmp/org.chromium.Chromium.scoped_dir.lN0rrn"
      },
      "fedcm:accounts": true,
      "goog:chromeOptions": {
         "debuggerAddress": "localhost:37917"
      },
      "goog:processID": 5663,
      "networkConnectionEnabled": false,
      "pageLoadStrategy": "normal",
      "platformName": "linux",
      "proxy": {
      },
      "setWindowRect": true,
      "strictFileInteractability": false,
      "timeouts": {
         "implicit": 0,
         "pageLoad": 300000,
         "script": 30000
      },
      "unhandledPromptBehavior": "dismiss and notify",
      "webauthn:extension:cmtgKey": true,
      "webauthn:extension:credBlob": true,
      "webauthn:extension:largeBlob": true,
      "webauthn:extension:minPinLength": true,
      "~~~": "..."
   },
   "sessionId": "d5e61cad3903f4967e4838bbadf9563d"
}
[1790943207.941][INFO]: [d5e61cad3903f4967e4838bbadf9563d] COMMAND GetWindow {
}
[1790943207.941][INFO]: [d5e61cad3903f4967e4838bbadf9563d] RESPONSE GetWindow "729F48051F3B65690B2161BD55997EB9"
[1790943207.944][INFO]: [d5e61cad3903f4967e4838bbadf9563d] COMMAND SetWindowRect {
   "x": 0,
   "y": 0
}
[1790943207.944][INFO]: Waiting for pending navigations...
[1790943207.948][INFO]: Done waiting for pending navigations. Status: ok
[1790943207.961][INFO]: Waiting for pending navigations...
[1790943207.961][INFO]: Done waiting for pending navigations. Status: ok
[1790943207.961][INFO]: [d5e61cad3903f4967e4838bbadf9563d] RESPONSE SetWindowRect {
   "height": 580,
   "width": 780,
   "x": 0,
   "y": 0
}
[1790943207.967][INFO]: [d5e61cad3903f4967e4838bbadf9563d] COMMAND SetWindowRect {
   "height": 1024,
   "width": 1600
}
[1790943207.967][INFO]: Waiting for pending navigations...
[1790943207.967][INFO]: Done waiting for pending navigations. Status: ok
[1790943207.982][INFO]: Waiting for pending navigations...
[1790943207.983][INFO]: Done waiting for pending navigations. Status: ok
[1790943207.983][INFO]: [d5e61cad3903f4967e4838bbadf9563d] RESPONSE SetWindowRect {
   "height": 1024,
   "width": 1600,
   "x": 0,
   "y": 0
}
[1790943210.309][INFO]: [d5e61cad3903f4967e4838bbadf9563d] COMMAND Navigate {
   "url": "http://localhost:43303"
}
[1790943210.427][INFO]: Waiting for pending navigations...
[1790943210.427][INFO]: Done waiting for pending navigations. Status: ok
[1790943211.182][INFO]: Waiting for pending navigations...
[1790943217.232][INFO]: Done waiting for pending navigations. Status: ok
[1790943217.232][INFO]: [d5e61cad3903f4967e4838bbadf9563d] RESPONSE Navigate
[1790943217.262][INFO]: [d5e61cad3903f4967e4838bbadf9563d] COMMAND ExecuteScript {
   "args": [  ],
   "script": "return typeof(window.$flutterDriver)"
}
[1790943217.262][INFO]: Waiting for pending navigations...
[1790943217.263][INFO]: Done waiting for pending navigations. Status: ok
[1790943217.266][INFO]: Waiting for pending navigations...
[1790943217.266][INFO]: Done waiting for pending navigations. Status: ok
[1790943217.266][INFO]: [d5e61cad3903f4967e4838bbadf9563d] RESPONSE ExecuteScript "undefined"
[1790943217.783][INFO]: [d5e61cad3903f4967e4838bbadf9563d] COMMAND ExecuteScript {
   "args": [  ],
   "script": "return typeof(window.$flutterDriver)"
}
[1790943217.792][INFO]: Waiting for pending navigations...
[1790943217.958][INFO]: Done waiting for pending navigations. Status: ok
[1790943218.230][INFO]: Waiting for pending navigations...
[1790943218.231][INFO]: Done waiting for pending navigations. Status: ok
[1790943218.231][INFO]: [d5e61cad3903f4967e4838bbadf9563d] RESPONSE ExecuteScript "function"
[1790943218.254][INFO]: [d5e61cad3903f4967e4838bbadf9563d] COMMAND ExecuteScript {
   "args": [  ],
   "script": "return $flutterDriverResult"
}
[1790943218.255][INFO]: Waiting for pending navigations...
[1790943218.262][INFO]: Done waiting for pending navigations. Status: ok
[1790943218.275][INFO]: Waiting for pending navigations...
[1790943218.276][INFO]: Done waiting for pending navigations. Status: ok
[1790943218.276][INFO]: [d5e61cad3903f4967e4838bbadf9563d] RESPONSE ExecuteScript null
[1790943218.278][INFO]: [d5e61cad3903f4967e4838bbadf9563d] COMMAND ExecuteScript {
   "args": [  ],
   "script": "window.$flutterDriver('{\"command\":\"request_data\",\"message\":\"pending\"}')"
}
[1790943218.279][INFO]: Waiting for pending navigations...
[1790943218.279][INFO]: Done waiting for pending navigations. Status: ok
[1790943218.284][INFO]: Waiting for pending navigations...
[1790943218.287][INFO]: Done waiting for pending navigations. Status: ok
[1790943218.287][INFO]: [d5e61cad3903f4967e4838bbadf9563d] RESPONSE ExecuteScript null
[1790943218.289][INFO]: [d5e61cad3903f4967e4838bbadf9563d] COMMAND ExecuteScript {
   "args": [  ],
   "script": "return $flutterDriverResult"
}
[1790943218.289][INFO]: Waiting for pending navigations...
[1790943218.290][INFO]: Done waiting for pending navigations. Status: ok
[1790943218.292][INFO]: Waiting for pending navigations...
[1790943218.313][INFO]: Done waiting for pending navigations. Status: ok
[1790943218.313][INFO]: [d5e61cad3903f4967e4838bbadf9563d] RESPONSE ExecuteScript null
[1790943218.816][INFO]: [d5e61cad3903f4967e4838bbadf9563d] COMMAND ExecuteScript {
   "args": [  ],
   "script": "return $flutterDriverResult"
}
[1790943218.867][INFO]: Waiting for pending navigations...
[1790943219.492][INFO]: Done waiting for pending navigations. Status: ok
[1790943219.501][INFO]: Waiting for pending navigations...
[1790943219.502][INFO]: Done waiting for pending navigations. Status: ok
[1790943219.502][INFO]: [d5e61cad3903f4967e4838bbadf9563d] RESPONSE ExecuteScript null
[1790943220.005][INFO]: [d5e61cad3903f4967e4838bbadf9563d] COMMAND ExecuteScript {
   "args": [  ],
   "script": "return $flutterDriverResult"
}
[1790943220.005][INFO]: Waiting for pending navigations...
[1790943220.006][INFO]: Done waiting for pending navigations. Status: ok
[1790943220.008][INFO]: Waiting for pending navigations...
[1790943220.008][INFO]: Done waiting for pending navigations. Status: ok
[1790943220.008][INFO]: [d5e61cad3903f4967e4838bbadf9563d] RESPONSE ExecuteScript null
[1790943220.510][INFO]: [d5e61cad3903f4967e4838bbadf9563d] COMMAND ExecuteScript {
   "args": [  ],
   "script": "return $flutterDriverResult"
}
[1790943220.510][INFO]: Waiting for pending navigations...
[1790943220.511][INFO]: Done waiting for pending navigations. Status: ok
[1790943220.513][INFO]: Waiting for pending navigations...
[1790943220.513][INFO]: Done waiting for pending navigations. Status: ok
[1790943220.513][INFO]: [d5e61cad3903f4967e4838bbadf9563d] RESPONSE ExecuteScript null
[1790943221.015][INFO]: [d5e61cad3903f4967e4838bbadf9563d] COMMAND ExecuteScript {
   "args": [  ],
   "script": "return $flutterDriverResult"
}
[1790943221.016][INFO]: Waiting for pending navigations...
[1790943221.016][INFO]: Done waiting for pending navigations. Status: ok
[1790943221.018][INFO]: Waiting for pending navigations...
[1790943221.018][INFO]: Done waiting for pending navigations. Status: ok
[1790943221.018][INFO]: [d5e61cad3903f4967e4838bbadf9563d] RESPONSE ExecuteScript null
[1790943221.521][INFO]: [d5e61cad3903f4967e4838bbadf9563d] COMMAND ExecuteScript {
   "args": [  ],
   "script": "return $flutterDriverResult"
}
[1790943221.522][INFO]: Waiting for pending navigations...
[1790943221.522][INFO]: Done waiting for pending navigations. Status: ok
[1790943221.524][INFO]: Waiting for pending navigations...
[1790943221.524][INFO]: Done waiting for pending navigations. Status: ok
[1790943221.524][INFO]: [d5e61cad3903f4967e4838bbadf9563d] RESPONSE ExecuteScript null
[1790943222.026][INFO]: [d5e61cad3903f4967e4838bbadf9563d] COMMAND ExecuteScript {
   "args": [  ],
   "script": "return $flutterDriverResult"
}
[1790943222.029][INFO]: Waiting for pending navigations...
[1790943222.029][INFO]: Done waiting for pending navigations. Status: ok
[1790943222.031][INFO]: Waiting for pending navigations...
[1790943222.032][INFO]: Done waiting for pending navigations. Status: ok
[1790943222.032][INFO]: [d5e61cad3903f4967e4838bbadf9563d] RESPONSE ExecuteScript null
[1790943222.534][INFO]: [d5e61cad3903f4967e4838bbadf9563d] COMMAND ExecuteScript {
   "args": [  ],
   "script": "return $flutterDriverResult"
}
[1790943222.534][INFO]: Waiting for pending navigations...
[1790943222.535][INFO]: Done waiting for pending navigations. Status: ok
[1790943222.537][INFO]: Waiting for pending navigations...
[1790943222.537][INFO]: Done waiting for pending navigations. Status: ok
[1790943222.537][INFO]: [d5e61cad3903f4967e4838bbadf9563d] RESPONSE ExecuteScript null
[1790943223.040][INFO]: [d5e61cad3903f4967e4838bbadf9563d] COMMAND ExecuteScript {
   "args": [  ],
   "script": "return $flutterDriverResult"
}
[1790943223.041][INFO]: Waiting for pending navigations...
[1790943223.042][INFO]: Done waiting for pending navigations. Status: ok
[1790943223.044][INFO]: Waiting for pending navigations...
[1790943223.045][INFO]: Done waiting for pending navigations. Status: ok
[1790943223.045][INFO]: [d5e61cad3903f4967e4838bbadf9563d] RESPONSE ExecuteScript null
[1790943223.548][INFO]: [d5e61cad3903f4967e4838bbadf9563d] COMMAND ExecuteScript {
   "args": [  ],
   "script": "return $flutterDriverResult"
}
[1790943223.551][INFO]: Waiting for pending navigations...
[1790943223.693][INFO]: Done waiting for pending navigations. Status: ok
[1790943223.837][INFO]: Waiting for pending navigations...
[1790943223.840][INFO]: Done waiting for pending navigations. Status: ok
[1790943223.840][INFO]: [d5e61cad3903f4967e4838bbadf9563d] RESPONSE ExecuteScript null
[1790943224.342][INFO]: [d5e61cad3903f4967e4838bbadf9563d] COMMAND ExecuteScript {
   "args": [  ],
   "script": "return $flutterDriverResult"
}
[1790943224.346][INFO]: Waiting for pending navigations...
[1790943224.504][INFO]: Done waiting for pending navigations. Status: ok
[1790943225.179][INFO]: Waiting for pending navigations...
[1790943225.181][INFO]: Done waiting for pending navigations. Status: ok
[1790943225.181][INFO]: [d5e61cad3903f4967e4838bbadf9563d] RESPONSE ExecuteScript null
[1790943225.683][INFO]: [d5e61cad3903f4967e4838bbadf9563d] COMMAND ExecuteScript {
   "args": [  ],
   "script": "return $flutterDriverResult"
}
[1790943225.685][INFO]: Waiting for pending navigations...
[1790943225.811][INFO]: Done waiting for pending navigations. Status: ok
[1790943225.814][INFO]: Waiting for pending navigations...
[1790943225.815][INFO]: Done waiting for pending navigations. Status: ok
[1790943225.815][INFO]: [d5e61cad3903f4967e4838bbadf9563d] RESPONSE ExecuteScript null
[1790943226.317][INFO]: [d5e61cad3903f4967e4838bbadf9563d] COMMAND ExecuteScript {
   "args": [  ],
   "script": "return $flutterDriverResult"
}
[1790943226.317][INFO]: Waiting for pending navigations...
[1790943226.356][INFO]: Done waiting for pending navigations. Status: ok
[1790943226.531][INFO]: Waiting for pending navigations...
[1790943226.531][INFO]: Done waiting for pending navigations. Status: ok
[1790943226.531][INFO]: [d5e61cad3903f4967e4838bbadf9563d] RESPONSE ExecuteScript null
[1790943227.034][INFO]: [d5e61cad3903f4967e4838bbadf9563d] COMMAND ExecuteScript {
   "args": [  ],
   "script": "return $flutterDriverResult"
}
[1790943227.036][INFO]: Waiting for pending navigations...
[1790943227.122][INFO]: Done waiting for pending navigations. Status: ok
[1790943227.265][INFO]: Waiting for pending navigations...
[1790943227.266][INFO]: Done waiting for pending navigations. Status: ok
[1790943227.266][INFO]: [d5e61cad3903f4967e4838bbadf9563d] RESPONSE ExecuteScript null
[1790943227.768][INFO]: [d5e61cad3903f4967e4838bbadf9563d] COMMAND ExecuteScript {
   "args": [  ],
   "script": "return $flutterDriverResult"
}
[1790943227.769][INFO]: Waiting for pending navigations...
[1790943227.776][INFO]: Done waiting for pending navigations. Status: ok
[1790943227.779][INFO]: Waiting for pending navigations...
[1790943227.780][INFO]: Done waiting for pending navigations. Status: ok
[1790943227.780][INFO]: [d5e61cad3903f4967e4838bbadf9563d] RESPONSE ExecuteScript null
[1790943228.283][INFO]: [d5e61cad3903f4967e4838bbadf9563d] COMMAND ExecuteScript {
   "args": [  ],
   "script": "return $flutterDriverResult"
}
[1790943228.284][INFO]: Waiting for pending navigations...
[1790943228.293][INFO]: Done waiting for pending navigations. Status: ok
[1790943228.295][INFO]: Waiting for pending navigations...
[1790943228.295][INFO]: Done waiting for pending navigations. Status: ok
[1790943228.295][INFO]: [d5e61cad3903f4967e4838bbadf9563d] RESPONSE ExecuteScript null
[1790943228.798][INFO]: [d5e61cad3903f4967e4838bbadf9563d] COMMAND ExecuteScript {
   "args": [  ],
   "script": "return $flutterDriverResult"
}
[1790943228.798][INFO]: Waiting for pending navigations...
[1790943228.878][INFO]: Done waiting for pending navigations. Status: ok
[1790943228.889][INFO]: Waiting for pending navigations...
[1790943228.889][INFO]: Done waiting for pending navigations. Status: ok
[1790943228.889][INFO]: [d5e61cad3903f4967e4838bbadf9563d] RESPONSE ExecuteScript null
[1790943229.391][INFO]: [d5e61cad3903f4967e4838bbadf9563d] COMMAND ExecuteScript {
   "args": [  ],
   "script": "return $flutterDriverResult"
}
[1790943229.392][INFO]: Waiting for pending navigations...
[1790943229.455][INFO]: Done waiting for pending navigations. Status: ok
[1790943229.607][INFO]: Waiting for pending navigations...
[1790943229.608][INFO]: Done waiting for pending navigations. Status: ok
[1790943229.608][INFO]: [d5e61cad3903f4967e4838bbadf9563d] RESPONSE ExecuteScript null
[1790943230.110][INFO]: [d5e61cad3903f4967e4838bbadf9563d] COMMAND ExecuteScript {
   "args": [  ],
   "script": "return $flutterDriverResult"
}
[1790943230.110][INFO]: Waiting for pending navigations...
[1790943230.145][INFO]: Done waiting for pending navigations. Status: ok
[1790943230.162][INFO]: Waiting for pending navigations...
[1790943230.162][INFO]: Done waiting for pending navigations. Status: ok
[1790943230.162][INFO]: [d5e61cad3903f4967e4838bbadf9563d] RESPONSE ExecuteScript null
[1790943230.666][INFO]: [d5e61cad3903f4967e4838bbadf9563d] COMMAND ExecuteScript {
   "args": [  ],
   "script": "return $flutterDriverResult"
}
[1790943230.666][INFO]: Waiting for pending navigations...
[1790943230.736][INFO]: Done waiting for pending navigations. Status: ok
[1790943230.738][INFO]: Waiting for pending navigations...
[1790943230.738][INFO]: Done waiting for pending navigations. Status: ok
[1790943230.738][INFO]: [d5e61cad3903f4967e4838bbadf9563d] RESPONSE ExecuteScript null
[1790943231.241][INFO]: [d5e61cad3903f4967e4838bbadf9563d] COMMAND ExecuteScript {
   "args": [  ],
   "script": "return $flutterDriverResult"
}
[1790943231.243][INFO]: Waiting for pending navigations...
[1790943231.376][INFO]: Done waiting for pending navigations. Status: ok
[1790943231.438][INFO]: Waiting for pending navigations...
[1790943231.439][INFO]: Done waiting for pending navigations. Status: ok
[1790943231.439][INFO]: [d5e61cad3903f4967e4838bbadf9563d] RESPONSE ExecuteScript null
[1790943231.941][INFO]: [d5e61cad3903f4967e4838bbadf9563d] COMMAND ExecuteScript {
   "args": [  ],
   "script": "return $flutterDriverResult"
}
[1790943231.942][INFO]: Waiting for pending navigations...
[1790943231.943][INFO]: Done waiting for pending navigations. Status: ok
[1790943231.945][INFO]: Waiting for pending navigations...
[1790943231.945][INFO]: Done waiting for pending navigations. Status: ok
[1790943231.945][INFO]: [d5e61cad3903f4967e4838bbadf9563d] RESPONSE ExecuteScript null
[1790943232.447][INFO]: [d5e61cad3903f4967e4838bbadf9563d] COMMAND ExecuteScript {
   "args": [  ],
   "script": "return $flutterDriverResult"
}
[1790943232.448][INFO]: Waiting for pending navigations...
[1790943232.448][INFO]: Done waiting for pending navigations. Status: ok
[1790943232.450][INFO]: Waiting for pending navigations...
[1790943232.450][INFO]: Done waiting for pending navigations. Status: ok
[1790943232.450][INFO]: [d5e61cad3903f4967e4838bbadf9563d] RESPONSE ExecuteScript null
[1790943232.955][INFO]: [d5e61cad3903f4967e4838bbadf9563d] COMMAND ExecuteScript {
   "args": [  ],
   "script": "return $flutterDriverResult"
}
[1790943232.955][INFO]: Waiting for pending navigations...
[1790943233.008][INFO]: Done waiting for pending navigations. Status: ok
[1790943233.010][INFO]: Waiting for pending navigations...
[1790943233.010][INFO]: Done waiting for pending navigations. Status: ok
[1790943233.010][INFO]: [d5e61cad3903f4967e4838bbadf9563d] RESPONSE ExecuteScript null
[1790943233.513][INFO]: [d5e61cad3903f4967e4838bbadf9563d] COMMAND ExecuteScript {
   "args": [  ],
   "script": "return $flutterDriverResult"
}
[1790943233.514][INFO]: Waiting for pending navigations...
[1790943233.543][INFO]: Done waiting for pending navigations. Status: ok
[1790943233.545][INFO]: Waiting for pending navigations...
[1790943233.545][INFO]: Done waiting for pending navigations. Status: ok
[1790943233.545][INFO]: [d5e61cad3903f4967e4838bbadf9563d] RESPONSE ExecuteScript null
[1790943234.048][INFO]: [d5e61cad3903f4967e4838bbadf9563d] COMMAND ExecuteScript {
   "args": [  ],
   "script": "return $flutterDriverResult"
}
[1790943234.048][INFO]: Waiting for pending navigations...
[1790943234.076][INFO]: Done waiting for pending navigations. Status: ok
[1790943234.078][INFO]: Waiting for pending navigations...
[1790943234.078][INFO]: Done waiting for pending navigations. Status: ok
[1790943234.078][INFO]: [d5e61cad3903f4967e4838bbadf9563d] RESPONSE ExecuteScript null
[1790943234.581][INFO]: [d5e61cad3903f4967e4838bbadf9563d] COMMAND ExecuteScript {
   "args": [  ],
   "script": "return $flutterDriverResult"
}
[1790943234.582][INFO]: Waiting for pending navigations...
[1790943234.610][INFO]: Done waiting for pending navigations. Status: ok
[1790943234.619][INFO]: Waiting for pending navigations...
[1790943234.619][INFO]: Done waiting for pending navigations. Status: ok
[1790943234.619][INFO]: [d5e61cad3903f4967e4838bbadf9563d] RESPONSE ExecuteScript null
[1790943235.122][INFO]: [d5e61cad3903f4967e4838bbadf9563d] COMMAND ExecuteScript {
   "args": [  ],
   "script": "return $flutterDriverResult"
}
[1790943235.122][INFO]: Waiting for pending navigations...
[1790943235.143][INFO]: Done waiting for pending navigations. Status: ok
[1790943235.145][INFO]: Waiting for pending navigations...
[1790943235.146][INFO]: Done waiting for pending navigations. Status: ok
[1790943235.146][INFO]: [d5e61cad3903f4967e4838bbadf9563d] RESPONSE ExecuteScript null
[1790943235.648][INFO]: [d5e61cad3903f4967e4838bbadf9563d] COMMAND ExecuteScript {
   "args": [  ],
   "script": "return $flutterDriverResult"
}
[1790943235.649][INFO]: Waiting for pending navigations...
[1790943235.679][INFO]: Done waiting for pending navigations. Status: ok
[1790943235.681][INFO]: Waiting for pending navigations...
[1790943235.682][INFO]: Done waiting for pending navigations. Status: ok
[1790943235.682][INFO]: [d5e61cad3903f4967e4838bbadf9563d] RESPONSE ExecuteScript null
[1790943236.185][INFO]: [d5e61cad3903f4967e4838bbadf9563d] COMMAND ExecuteScript {
   "args": [  ],
   "script": "return $flutterDriverResult"
}
[1790943236.185][INFO]: Waiting for pending navigations...
[1790943236.329][INFO]: Done waiting for pending navigations. Status: ok
[1790943236.639][INFO]: Waiting for pending navigations...
[1790943236.707][INFO]: Done waiting for pending navigations. Status: ok
[1790943236.707][INFO]: [d5e61cad3903f4967e4838bbadf9563d] RESPONSE ExecuteScript null
[1790943237.210][INFO]: [d5e61cad3903f4967e4838bbadf9563d] COMMAND ExecuteScript {
   "args": [  ],
   "script": "return $flutterDriverResult"
}
[1790943237.211][INFO]: Waiting for pending navigations...
[1790943237.270][INFO]: Done waiting for pending navigations. Status: ok
[1790943237.578][INFO]: Waiting for pending navigations...
[1790943237.652][INFO]: Done waiting for pending navigations. Status: ok
[1790943237.652][INFO]: [d5e61cad3903f4967e4838bbadf9563d] RESPONSE ExecuteScript null
[1790943238.155][INFO]: [d5e61cad3903f4967e4838bbadf9563d] COMMAND ExecuteScript {
   "args": [  ],
   "script": "return $flutterDriverResult"
}
[1790943238.155][INFO]: Waiting for pending navigations...
[1790943238.156][INFO]: Done waiting for pending navigations. Status: ok
[1790943238.158][INFO]: Waiting for pending navigations...
[1790943238.159][INFO]: Done waiting for pending navigations. Status: ok
[1790943238.159][INFO]: [d5e61cad3903f4967e4838bbadf9563d] RESPONSE ExecuteScript null
[1790943238.661][INFO]: [d5e61cad3903f4967e4838bbadf9563d] COMMAND ExecuteScript {
   "args": [  ],
   "script": "return $flutterDriverResult"
}
[1790943238.662][INFO]: Waiting for pending navigations...
[1790943238.663][INFO]: Done waiting for pending navigations. Status: ok
[1790943238.666][INFO]: Waiting for pending navigations...
[1790943238.666][INFO]: Done waiting for pending navigations. Status: ok
[1790943238.666][INFO]: [d5e61cad3903f4967e4838bbadf9563d] RESPONSE ExecuteScript "{\"isError\":false,\"response\":{\"message\":\"{\\\"result\\\":\\\"false\\\",\\\"failureDetails\\\":[],\\\"data\\\":{\\\"web_driver_command\\\":\\\"WebDriverCommandType.noop\\\"}}\"}}"
[1790943238.670][INFO]: [d5e61cad3903f4967e4838bbadf9563d] COMMAND ExecuteScript {
   "args": [  ],
   "script": "$flutterDriverResult = null"
}
[1790943238.670][INFO]: Waiting for pending navigations...
[1790943238.670][INFO]: Done waiting for pending navigations. Status: ok
[1790943238.672][INFO]: Waiting for pending navigations...
[1790943238.673][INFO]: Done waiting for pending navigations. Status: ok
[1790943238.673][INFO]: [d5e61cad3903f4967e4838bbadf9563d] RESPONSE ExecuteScript null
[1790943238.676][INFO]: [d5e61cad3903f4967e4838bbadf9563d] COMMAND ExecuteScript {
   "args": [  ],
   "script": "return $flutterDriverResult"
}
[1790943238.676][INFO]: Waiting for pending navigations...
[1790943238.676][INFO]: Done waiting for pending navigations. Status: ok
[1790943238.678][INFO]: Waiting for pending navigations...
[1790943238.678][INFO]: Done waiting for pending navigations. Status: ok
[1790943238.678][INFO]: [d5e61cad3903f4967e4838bbadf9563d] RESPONSE ExecuteScript null
[1790943238.679][INFO]: [d5e61cad3903f4967e4838bbadf9563d] COMMAND ExecuteScript {
   "args": [  ],
   "script": "window.$flutterDriver('{\"command\":\"request_data\"}')"
}
[1790943238.679][INFO]: Waiting for pending navigations...
[1790943238.680][INFO]: Done waiting for pending navigations. Status: ok
[1790943238.682][INFO]: Waiting for pending navigations...
[1790943238.682][INFO]: Done waiting for pending navigations. Status: ok
[1790943238.682][INFO]: [d5e61cad3903f4967e4838bbadf9563d] RESPONSE ExecuteScript null
[1790943238.683][INFO]: [d5e61cad3903f4967e4838bbadf9563d] COMMAND ExecuteScript {
   "args": [  ],
   "script": "return $flutterDriverResult"
}
[1790943238.683][INFO]: Waiting for pending navigations...
[1790943238.684][INFO]: Done waiting for pending navigations. Status: ok
[1790943238.685][INFO]: Waiting for pending navigations...
[1790943238.686][INFO]: Done waiting for pending navigations. Status: ok
[1790943238.686][INFO]: [d5e61cad3903f4967e4838bbadf9563d] RESPONSE ExecuteScript "{\"isError\":false,\"response\":{\"message\":\"{\\\"result\\\":\\\"true\\\",\\\"failureDetails\\\":[],\\\"data\\\":{\\\"e2e_executed\\\":[\\\"equipment_check_journey_test\\\"]}}\"}}"
[1790943238.686][INFO]: [d5e61cad3903f4967e4838bbadf9563d] COMMAND ExecuteScript {
   "args": [  ],
   "script": "$flutterDriverResult = null"
}
[1790943238.686][INFO]: Waiting for pending navigations...
[1790943238.687][INFO]: Done waiting for pending navigations. Status: ok
[1790943238.689][INFO]: Waiting for pending navigations...
[1790943238.689][INFO]: Done waiting for pending navigations. Status: ok
[1790943238.689][INFO]: [d5e61cad3903f4967e4838bbadf9563d] RESPONSE ExecuteScript null
[1790943238.717][INFO]: [d5e61cad3903f4967e4838bbadf9563d] COMMAND Quit {
}
[1790943238.767][INFO]: [d5e61cad3903f4967e4838bbadf9563d] RESPONSE Quit
[1790943311.057][INFO]: [f03e4c2645e4af5209bf363cc7f3e732] COMMAND InitSession {
   "capabilities": {
      "alwaysMatch": {
         "acceptInsecureCerts": true,
         "browserName": "chrome",
         "goog:chromeOptions": {
            "args": [ "--bwsi", "--disable-background-timer-throttling", "--disable-default-apps", "--disable-extensions", "--disable-popup-blocking", "--disable-translate", "--no-default-browser-check", "--no-sandbox", "--no-first-run", "--headless" ],
            "perfLoggingPrefs": {
               "traceCategories": "devtools.timeline,v8,blink.console,benchmark,blink,blink.user_timing"
            },
            "w3c": true
         },
         "goog:loggingPrefs": {
            "browser": "INFO",
            "performance": "ALL"
         }
      }
   },
   "desiredCapabilities": {
      "acceptInsecureCerts": true,
      "browserName": "chrome",
      "goog:chromeOptions": {
         "args": [ "--bwsi", "--disable-background-timer-throttling", "--disable-default-apps", "--disable-extensions", "--disable-popup-blocking", "--disable-translate", "--no-default-browser-check", "--no-sandbox", "--no-first-run", "--headless" ],
         "perfLoggingPrefs": {
            "traceCategories": "devtools.timeline,v8,blink.console,benchmark,blink,blink.user_timing"
         },
         "w3c": true
      },
      "goog:loggingPrefs": {
         "browser": "INFO",
         "performance": "ALL"
      }
   }
}
[1790943311.057][INFO]: Browser search. Trying... /opt/hostedtoolcache/setup-chrome/chromedriver/stable/x64/chrome
[1790943311.057][INFO]: Browser search. Trying... /opt/hostedtoolcache/setup-chrome/chromedriver/stable/x64/chrome
[1790943311.057][INFO]: Browser search. Trying... /opt/hostedtoolcache/setup-chrome/chromedriver/stable/x64/google-chrome
[1790943311.057][INFO]: Browser search. Trying... /opt/hostedtoolcache/setup-chrome/chromedriver/stable/x64/chromium
[1790943311.057][INFO]: Browser search. Trying... /opt/hostedtoolcache/setup-chrome/chromedriver/stable/x64/chromium-browser
[1790943311.057][INFO]: Browser search. Trying... /usr/local/sbin/chrome
[1790943311.057][INFO]: Browser search. Trying... /usr/local/bin/chrome
[1790943311.057][INFO]: Browser search. Trying... /usr/sbin/chrome
[1790943311.057][INFO]: Browser search. Trying... /usr/bin/chrome
[1790943311.057][INFO]: Browser search. Trying... /sbin/chrome
[1790943311.057][INFO]: Browser search. Trying... /bin/chrome
[1790943311.057][INFO]: Browser search. Trying... /opt/google/chrome/chrome
[1790943311.057][INFO]: Browser search. Found at  /opt/google/chrome/chrome
[1790943311.057][INFO]: Populating Preferences file: {
   "alternate_error_pages": {
      "enabled": false
   },
   "autofill": {
      "enabled": false
   },
   "browser": {
      "check_default_browser": false
   },
   "distribution": {
      "import_bookmarks": false,
      "import_history": false,
      "import_search_engine": false,
      "make_chrome_default_for_user": false,
      "skip_first_run_ui": true
   },
   "dns_prefetching": {
      "enabled": false
   },
   "profile": {
      "content_settings": {
         "pattern_pairs": {
            "https://*,*": {
               "media-stream": {
                  "audio": "Default",
                  "video": "Default"
               }
            }
         }
      },
      "default_content_setting_values": {
         "geolocation": 1
      },
      "default_content_settings": {
         "geolocation": 1,
         "mouselock": 1,
         "notifications": 1,
         "popups": 1,
         "ppapi-broker": 1
      },
      "password_manager_enabled": false
   },
   "safebrowsing": {
      "enabled": false
   },
   "search": {
      "suggest_enabled": false
   },
   "translate": {
      "enabled": false
   }
}
[1790943311.057][INFO]: Populating Local State file: {
   "background_mode": {
      "enabled": false
   },
   "ssl": {
      "rev_checking": {
         "enabled": false
      }
   }
}
[1790943311.058][INFO]: ChromeDriver supports communication with Chrome via pipes. This is more reliable and more secure.
[1790943311.058][INFO]: Use the --remote-debugging-pipe Chrome switch instead of the default --remote-debugging-port to enable this communication mode.
[1790943311.058][INFO]: Launching chrome: /opt/google/chrome/chrome --allow-pre-commit-input --bwsi --disable-background-networking --disable-background-timer-throttling --disable-backgrounding-occluded-windows --disable-client-side-phishing-detection --disable-default-apps --disable-extensions --disable-features=IgnoreDuplicateNavs,Prewarm --disable-hang-monitor --disable-popup-blocking --disable-prompt-on-repost --disable-sync --disable-translate --enable-automation --enable-logging --headless --ignore-certificate-errors --log-level=0 --no-default-browser-check --no-first-run --no-sandbox --no-service-autorun --password-store=basic --remote-debugging-port=0 --test-type=webdriver --use-mock-keychain --user-data-dir=/tmp/org.chromium.Chromium.scoped_dir.qSsZ4x data:,
[1790943311.279][INFO]: resolved localhost to ["::1","127.0.0.1"]
[1790943311.377][INFO]: [f03e4c2645e4af5209bf363cc7f3e732] RESPONSE InitSession {
   "capabilities": {
      "acceptInsecureCerts": true,
      "browserName": "chrome",
      "browserVersion": "154.0.8037.97",
      "chrome": {
         "chromedriverVersion": "154.0.8037.92 (334b65d254ccc35df4fca82706d1753227b01039-refs/branch-heads/8037@{#1589})",
         "userDataDir": "/tmp/org.chromium.Chromium.scoped_dir.qSsZ4x"
      },
      "fedcm:accounts": true,
      "goog:chromeOptions": {
         "debuggerAddress": "localhost:39837"
      },
      "goog:processID": 5995,
      "networkConnectionEnabled": false,
      "pageLoadStrategy": "normal",
      "platformName": "linux",
      "proxy": {
      },
      "setWindowRect": true,
      "strictFileInteractability": false,
      "timeouts": {
         "implicit": 0,
         "pageLoad": 300000,
         "script": 30000
      },
      "unhandledPromptBehavior": "dismiss and notify",
      "webauthn:extension:cmtgKey": true,
      "webauthn:extension:credBlob": true,
      "webauthn:extension:largeBlob": true,
      "webauthn:extension:minPinLength": true,
      "~~~": "..."
   },
   "sessionId": "f03e4c2645e4af5209bf363cc7f3e732"
}
[1790943311.400][INFO]: [f03e4c2645e4af5209bf363cc7f3e732] COMMAND GetWindow {
}
[1790943311.400][INFO]: [f03e4c2645e4af5209bf363cc7f3e732] RESPONSE GetWindow "50AA25674E6D07B100608F42696C4A4A"
[1790943311.403][INFO]: [f03e4c2645e4af5209bf363cc7f3e732] COMMAND SetWindowRect {
   "x": 0,
   "y": 0
}
[1790943311.403][INFO]: Waiting for pending navigations...
[1790943311.410][INFO]: Done waiting for pending navigations. Status: ok
[1790943311.421][INFO]: Waiting for pending navigations...
[1790943311.422][INFO]: Done waiting for pending navigations. Status: ok
[1790943311.422][INFO]: [f03e4c2645e4af5209bf363cc7f3e732] RESPONSE SetWindowRect {
   "height": 580,
   "width": 780,
   "x": 0,
   "y": 0
}
[1790943311.425][INFO]: [f03e4c2645e4af5209bf363cc7f3e732] COMMAND SetWindowRect {
   "height": 1024,
   "width": 1600
}
[1790943311.425][INFO]: Waiting for pending navigations...
[1790943311.425][INFO]: Done waiting for pending navigations. Status: ok
[1790943311.440][INFO]: Waiting for pending navigations...
[1790943311.440][INFO]: Done waiting for pending navigations. Status: ok
[1790943311.440][INFO]: [f03e4c2645e4af5209bf363cc7f3e732] RESPONSE SetWindowRect {
   "height": 1024,
   "width": 1600,
   "x": 0,
   "y": 0
}
[1790943313.833][INFO]: [f03e4c2645e4af5209bf363cc7f3e732] COMMAND Navigate {
   "url": "http://localhost:44121"
}
[1790943313.945][INFO]: Waiting for pending navigations...
[1790943313.945][INFO]: Done waiting for pending navigations. Status: ok
[1790943314.708][INFO]: Waiting for pending navigations...
[1790943320.772][INFO]: Done waiting for pending navigations. Status: ok
[1790943320.772][INFO]: [f03e4c2645e4af5209bf363cc7f3e732] RESPONSE Navigate
[1790943320.801][INFO]: [f03e4c2645e4af5209bf363cc7f3e732] COMMAND ExecuteScript {
   "args": [  ],
   "script": "return typeof(window.$flutterDriver)"
}
[1790943320.801][INFO]: Waiting for pending navigations...
[1790943320.802][INFO]: Done waiting for pending navigations. Status: ok
[1790943320.805][INFO]: Waiting for pending navigations...
[1790943320.805][INFO]: Done waiting for pending navigations. Status: ok
[1790943320.805][INFO]: [f03e4c2645e4af5209bf363cc7f3e732] RESPONSE ExecuteScript "undefined"
[1790943321.321][INFO]: [f03e4c2645e4af5209bf363cc7f3e732] COMMAND ExecuteScript {
   "args": [  ],
   "script": "return typeof(window.$flutterDriver)"
}
[1790943321.330][INFO]: Waiting for pending navigations...
[1790943321.509][INFO]: Done waiting for pending navigations. Status: ok
[1790943321.780][INFO]: Waiting for pending navigations...
[1790943321.782][INFO]: Done waiting for pending navigations. Status: ok
[1790943321.782][INFO]: [f03e4c2645e4af5209bf363cc7f3e732] RESPONSE ExecuteScript "function"
[1790943321.804][INFO]: [f03e4c2645e4af5209bf363cc7f3e732] COMMAND ExecuteScript {
   "args": [  ],
   "script": "return $flutterDriverResult"
}
[1790943321.805][INFO]: Waiting for pending navigations...
[1790943321.813][INFO]: Done waiting for pending navigations. Status: ok
[1790943321.825][INFO]: Waiting for pending navigations...
[1790943321.826][INFO]: Done waiting for pending navigations. Status: ok
[1790943321.826][INFO]: [f03e4c2645e4af5209bf363cc7f3e732] RESPONSE ExecuteScript null
[1790943321.829][INFO]: [f03e4c2645e4af5209bf363cc7f3e732] COMMAND ExecuteScript {
   "args": [  ],
   "script": "window.$flutterDriver('{\"command\":\"request_data\",\"message\":\"pending\"}')"
}
[1790943321.829][INFO]: Waiting for pending navigations...
[1790943321.830][INFO]: Done waiting for pending navigations. Status: ok
[1790943321.835][INFO]: Waiting for pending navigations...
[1790943321.835][INFO]: Done waiting for pending navigations. Status: ok
[1790943321.835][INFO]: [f03e4c2645e4af5209bf363cc7f3e732] RESPONSE ExecuteScript null
[1790943321.837][INFO]: [f03e4c2645e4af5209bf363cc7f3e732] COMMAND ExecuteScript {
   "args": [  ],
   "script": "return $flutterDriverResult"
}
[1790943321.838][INFO]: Waiting for pending navigations...
[1790943321.839][INFO]: Done waiting for pending navigations. Status: ok
[1790943321.841][INFO]: Waiting for pending navigations...
[1790943321.842][INFO]: Done waiting for pending navigations. Status: ok
[1790943321.842][INFO]: [f03e4c2645e4af5209bf363cc7f3e732] RESPONSE ExecuteScript null
[1790943322.344][INFO]: [f03e4c2645e4af5209bf363cc7f3e732] COMMAND ExecuteScript {
   "args": [  ],
   "script": "return $flutterDriverResult"
}
[1790943322.408][INFO]: Waiting for pending navigations...
[1790943323.046][INFO]: Done waiting for pending navigations. Status: ok
[1790943323.056][INFO]: Waiting for pending navigations...
[1790943323.057][INFO]: Done waiting for pending navigations. Status: ok
[1790943323.057][INFO]: [f03e4c2645e4af5209bf363cc7f3e732] RESPONSE ExecuteScript null
[1790943323.560][INFO]: [f03e4c2645e4af5209bf363cc7f3e732] COMMAND ExecuteScript {
   "args": [  ],
   "script": "return $flutterDriverResult"
}
[1790943323.560][INFO]: Waiting for pending navigations...
[1790943323.561][INFO]: Done waiting for pending navigations. Status: ok
[1790943323.563][INFO]: Waiting for pending navigations...
[1790943323.563][INFO]: Done waiting for pending navigations. Status: ok
[1790943323.563][INFO]: [f03e4c2645e4af5209bf363cc7f3e732] RESPONSE ExecuteScript null
[1790943324.065][INFO]: [f03e4c2645e4af5209bf363cc7f3e732] COMMAND ExecuteScript {
   "args": [  ],
   "script": "return $flutterDriverResult"
}
[1790943324.065][INFO]: Waiting for pending navigations...
[1790943324.066][INFO]: Done waiting for pending navigations. Status: ok
[1790943324.068][INFO]: Waiting for pending navigations...
[1790943324.068][INFO]: Done waiting for pending navigations. Status: ok
[1790943324.068][INFO]: [f03e4c2645e4af5209bf363cc7f3e732] RESPONSE ExecuteScript null
[1790943324.571][INFO]: [f03e4c2645e4af5209bf363cc7f3e732] COMMAND ExecuteScript {
   "args": [  ],
   "script": "return $flutterDriverResult"
}
[1790943324.572][INFO]: Waiting for pending navigations...
[1790943324.573][INFO]: Done waiting for pending navigations. Status: ok
[1790943324.574][INFO]: Waiting for pending navigations...
[1790943324.575][INFO]: Done waiting for pending navigations. Status: ok
[1790943324.575][INFO]: [f03e4c2645e4af5209bf363cc7f3e732] RESPONSE ExecuteScript null
[1790943325.077][INFO]: [f03e4c2645e4af5209bf363cc7f3e732] COMMAND ExecuteScript {
   "args": [  ],
   "script": "return $flutterDriverResult"
}
[1790943325.077][INFO]: Waiting for pending navigations...
[1790943325.078][INFO]: Done waiting for pending navigations. Status: ok
[1790943325.080][INFO]: Waiting for pending navigations...
[1790943325.080][INFO]: Done waiting for pending navigations. Status: ok
[1790943325.080][INFO]: [f03e4c2645e4af5209bf363cc7f3e732] RESPONSE ExecuteScript null
[1790943325.582][INFO]: [f03e4c2645e4af5209bf363cc7f3e732] COMMAND ExecuteScript {
   "args": [  ],
   "script": "return $flutterDriverResult"
}
[1790943325.585][INFO]: Waiting for pending navigations...
[1790943325.586][INFO]: Done waiting for pending navigations. Status: ok
[1790943325.587][INFO]: Waiting for pending navigations...
[1790943325.588][INFO]: Done waiting for pending navigations. Status: ok
[1790943325.588][INFO]: [f03e4c2645e4af5209bf363cc7f3e732] RESPONSE ExecuteScript null
[1790943326.090][INFO]: [f03e4c2645e4af5209bf363cc7f3e732] COMMAND ExecuteScript {
   "args": [  ],
   "script": "return $flutterDriverResult"
}
[1790943326.091][INFO]: Waiting for pending navigations...
[1790943326.092][INFO]: Done waiting for pending navigations. Status: ok
[1790943326.093][INFO]: Waiting for pending navigations...
[1790943326.094][INFO]: Done waiting for pending navigations. Status: ok
[1790943326.094][INFO]: [f03e4c2645e4af5209bf363cc7f3e732] RESPONSE ExecuteScript null
[1790943326.596][INFO]: [f03e4c2645e4af5209bf363cc7f3e732] COMMAND ExecuteScript {
   "args": [  ],
   "script": "return $flutterDriverResult"
}
[1790943326.598][INFO]: Waiting for pending navigations...
[1790943326.930][INFO]: Done waiting for pending navigations. Status: ok
[1790943327.080][INFO]: Waiting for pending navigations...
[1790943327.080][INFO]: Done waiting for pending navigations. Status: ok
[1790943327.080][INFO]: [f03e4c2645e4af5209bf363cc7f3e732] RESPONSE ExecuteScript null
[1790943327.584][INFO]: [f03e4c2645e4af5209bf363cc7f3e732] COMMAND ExecuteScript {
   "args": [  ],
   "script": "return $flutterDriverResult"
}
[1790943327.591][INFO]: Waiting for pending navigations...
[1790943327.595][INFO]: Done waiting for pending navigations. Status: ok
[1790943327.597][INFO]: Waiting for pending navigations...
[1790943327.597][INFO]: Done waiting for pending navigations. Status: ok
[1790943327.597][INFO]: [f03e4c2645e4af5209bf363cc7f3e732] RESPONSE ExecuteScript null
[1790943328.099][INFO]: [f03e4c2645e4af5209bf363cc7f3e732] COMMAND ExecuteScript {
   "args": [  ],
   "script": "return $flutterDriverResult"
}
[1790943328.101][INFO]: Waiting for pending navigations...
[1790943328.101][INFO]: Done waiting for pending navigations. Status: ok
[1790943328.103][INFO]: Waiting for pending navigations...
[1790943328.103][INFO]: Done waiting for pending navigations. Status: ok
[1790943328.103][INFO]: [f03e4c2645e4af5209bf363cc7f3e732] RESPONSE ExecuteScript null
[1790943328.605][INFO]: [f03e4c2645e4af5209bf363cc7f3e732] COMMAND ExecuteScript {
   "args": [  ],
   "script": "return $flutterDriverResult"
}
[1790943328.608][INFO]: Waiting for pending navigations...
[1790943328.865][INFO]: Done waiting for pending navigations. Status: ok
[1790943329.282][INFO]: Waiting for pending navigations...
[1790943329.282][INFO]: Done waiting for pending navigations. Status: ok
[1790943329.282][INFO]: [f03e4c2645e4af5209bf363cc7f3e732] RESPONSE ExecuteScript null
[1790943329.786][INFO]: [f03e4c2645e4af5209bf363cc7f3e732] COMMAND ExecuteScript {
   "args": [  ],
   "script": "return $flutterDriverResult"
}
[1790943329.788][INFO]: Waiting for pending navigations...
[1790943329.878][INFO]: Done waiting for pending navigations. Status: ok
[1790943330.514][INFO]: Waiting for pending navigations...
[1790943330.590][INFO]: Done waiting for pending navigations. Status: ok
[1790943330.590][INFO]: [f03e4c2645e4af5209bf363cc7f3e732] RESPONSE ExecuteScript null
[1790943331.094][INFO]: [f03e4c2645e4af5209bf363cc7f3e732] COMMAND ExecuteScript {
   "args": [  ],
   "script": "return $flutterDriverResult"
}
[1790943331.095][INFO]: Waiting for pending navigations...
[1790943331.217][INFO]: Done waiting for pending navigations. Status: ok
[1790943331.328][INFO]: Waiting for pending navigations...
[1790943331.329][INFO]: Done waiting for pending navigations. Status: ok
[1790943331.329][INFO]: [f03e4c2645e4af5209bf363cc7f3e732] RESPONSE ExecuteScript null
[1790943331.832][INFO]: [f03e4c2645e4af5209bf363cc7f3e732] COMMAND ExecuteScript {
   "args": [  ],
   "script": "return $flutterDriverResult"
}
[1790943331.833][INFO]: Waiting for pending navigations...
[1790943331.959][INFO]: Done waiting for pending navigations. Status: ok
[1790943331.961][INFO]: Waiting for pending navigations...
[1790943331.962][INFO]: Done waiting for pending navigations. Status: ok
[1790943331.962][INFO]: [f03e4c2645e4af5209bf363cc7f3e732] RESPONSE ExecuteScript null
[1790943332.465][INFO]: [f03e4c2645e4af5209bf363cc7f3e732] COMMAND ExecuteScript {
   "args": [  ],
   "script": "return $flutterDriverResult"
}
[1790943332.465][INFO]: Waiting for pending navigations...
[1790943332.510][INFO]: Done waiting for pending navigations. Status: ok
[1790943332.513][INFO]: Waiting for pending navigations...
[1790943332.513][INFO]: Done waiting for pending navigations. Status: ok
[1790943332.513][INFO]: [f03e4c2645e4af5209bf363cc7f3e732] RESPONSE ExecuteScript null
[1790943333.019][INFO]: [f03e4c2645e4af5209bf363cc7f3e732] COMMAND ExecuteScript {
   "args": [  ],
   "script": "return $flutterDriverResult"
}
[1790943333.020][INFO]: Waiting for pending navigations...
[1790943333.079][INFO]: Done waiting for pending navigations. Status: ok
[1790943333.088][INFO]: Waiting for pending navigations...
[1790943333.088][INFO]: Done waiting for pending navigations. Status: ok
[1790943333.088][INFO]: [f03e4c2645e4af5209bf363cc7f3e732] RESPONSE ExecuteScript null
[1790943333.592][INFO]: [f03e4c2645e4af5209bf363cc7f3e732] COMMAND ExecuteScript {
   "args": [  ],
   "script": "return $flutterDriverResult"
}
[1790943333.594][INFO]: Waiting for pending navigations...
[1790943333.607][INFO]: Done waiting for pending navigations. Status: ok
[1790943333.843][INFO]: Waiting for pending navigations...
[1790943333.844][INFO]: Done waiting for pending navigations. Status: ok
[1790943333.844][INFO]: [f03e4c2645e4af5209bf363cc7f3e732] RESPONSE ExecuteScript null
[1790943334.346][INFO]: [f03e4c2645e4af5209bf363cc7f3e732] COMMAND ExecuteScript {
   "args": [  ],
   "script": "return $flutterDriverResult"
}
[1790943334.349][INFO]: Waiting for pending navigations...
[1790943334.665][INFO]: Done waiting for pending navigations. Status: ok
[1790943334.679][INFO]: Waiting for pending navigations...
[1790943334.679][INFO]: Done waiting for pending navigations. Status: ok
[1790943334.679][INFO]: [f03e4c2645e4af5209bf363cc7f3e732] RESPONSE ExecuteScript null
[1790943335.182][INFO]: [f03e4c2645e4af5209bf363cc7f3e732] COMMAND ExecuteScript {
   "args": [  ],
   "script": "return $flutterDriverResult"
}
[1790943335.184][INFO]: Waiting for pending navigations...
[1790943335.185][INFO]: Done waiting for pending navigations. Status: ok
[1790943335.187][INFO]: Waiting for pending navigations...
[1790943335.187][INFO]: Done waiting for pending navigations. Status: ok
[1790943335.187][INFO]: [f03e4c2645e4af5209bf363cc7f3e732] RESPONSE ExecuteScript null
[1790943335.691][INFO]: [f03e4c2645e4af5209bf363cc7f3e732] COMMAND ExecuteScript {
   "args": [  ],
   "script": "return $flutterDriverResult"
}
[1790943335.693][INFO]: Waiting for pending navigations...
[1790943335.811][INFO]: Done waiting for pending navigations. Status: ok
[1790943337.083][INFO]: Waiting for pending navigations...
[1790943337.417][INFO]: Done waiting for pending navigations. Status: ok
[1790943337.417][INFO]: [f03e4c2645e4af5209bf363cc7f3e732] RESPONSE ExecuteScript null
[1790943337.924][INFO]: [f03e4c2645e4af5209bf363cc7f3e732] COMMAND ExecuteScript {
   "args": [  ],
   "script": "return $flutterDriverResult"
}
[1790943337.924][INFO]: Waiting for pending navigations...
[1790943338.157][INFO]: Done waiting for pending navigations. Status: ok
[1790943338.160][INFO]: Waiting for pending navigations...
[1790943338.176][INFO]: Done waiting for pending navigations. Status: ok
[1790943338.176][INFO]: [f03e4c2645e4af5209bf363cc7f3e732] RESPONSE ExecuteScript null
[1790943338.678][INFO]: [f03e4c2645e4af5209bf363cc7f3e732] COMMAND ExecuteScript {
   "args": [  ],
   "script": "return $flutterDriverResult"
}
[1790943338.679][INFO]: Waiting for pending navigations...
[1790943338.995][INFO]: Done waiting for pending navigations. Status: ok
[1790943338.998][INFO]: Waiting for pending navigations...
[1790943338.998][INFO]: Done waiting for pending navigations. Status: ok
[1790943338.998][INFO]: [f03e4c2645e4af5209bf363cc7f3e732] RESPONSE ExecuteScript null
[1790943339.501][INFO]: [f03e4c2645e4af5209bf363cc7f3e732] COMMAND ExecuteScript {
   "args": [  ],
   "script": "return $flutterDriverResult"
}
[1790943339.502][INFO]: Waiting for pending navigations...
[1790943339.801][INFO]: Done waiting for pending navigations. Status: ok
[1790943340.066][INFO]: Waiting for pending navigations...
[1790943340.066][INFO]: Done waiting for pending navigations. Status: ok
[1790943340.066][INFO]: [f03e4c2645e4af5209bf363cc7f3e732] RESPONSE ExecuteScript null
[1790943340.569][INFO]: [f03e4c2645e4af5209bf363cc7f3e732] COMMAND ExecuteScript {
   "args": [  ],
   "script": "return $flutterDriverResult"
}
[1790943340.571][INFO]: Waiting for pending navigations...
[1790943340.572][INFO]: Done waiting for pending navigations. Status: ok
[1790943340.574][INFO]: Waiting for pending navigations...
[1790943340.574][INFO]: Done waiting for pending navigations. Status: ok
[1790943340.574][INFO]: [f03e4c2645e4af5209bf363cc7f3e732] RESPONSE ExecuteScript null
[1790943341.076][INFO]: [f03e4c2645e4af5209bf363cc7f3e732] COMMAND ExecuteScript {
   "args": [  ],
   "script": "return $flutterDriverResult"
}
[1790943341.077][INFO]: Waiting for pending navigations...
[1790943341.077][INFO]: Done waiting for pending navigations. Status: ok
[1790943341.079][INFO]: Waiting for pending navigations...
[1790943341.079][INFO]: Done waiting for pending navigations. Status: ok
[1790943341.080][INFO]: [f03e4c2645e4af5209bf363cc7f3e732] RESPONSE ExecuteScript null
[1790943341.582][INFO]: [f03e4c2645e4af5209bf363cc7f3e732] COMMAND ExecuteScript {
   "args": [  ],
   "script": "return $flutterDriverResult"
}
[1790943341.583][INFO]: Waiting for pending navigations...
[1790943341.584][INFO]: Done waiting for pending navigations. Status: ok
[1790943341.586][INFO]: Waiting for pending navigations...
[1790943341.776][INFO]: Done waiting for pending navigations. Status: ok
[1790943341.776][INFO]: [f03e4c2645e4af5209bf363cc7f3e732] RESPONSE ExecuteScript null
[1790943342.279][INFO]: [f03e4c2645e4af5209bf363cc7f3e732] COMMAND ExecuteScript {
   "args": [  ],
   "script": "return $flutterDriverResult"
}
[1790943342.280][INFO]: Waiting for pending navigations...
[1790943342.702][INFO]: Done waiting for pending navigations. Status: ok
[1790943343.224][INFO]: Waiting for pending navigations...
[1790943343.225][INFO]: Done waiting for pending navigations. Status: ok
[1790943343.225][INFO]: [f03e4c2645e4af5209bf363cc7f3e732] RESPONSE ExecuteScript null
[1790943343.728][INFO]: [f03e4c2645e4af5209bf363cc7f3e732] COMMAND ExecuteScript {
   "args": [  ],
   "script": "return $flutterDriverResult"
}
[1790943343.728][INFO]: Waiting for pending navigations...
[1790943343.895][INFO]: Done waiting for pending navigations. Status: ok
[1790943344.739][INFO]: Waiting for pending navigations...
[1790943344.799][INFO]: Done waiting for pending navigations. Status: ok
[1790943344.799][INFO]: [f03e4c2645e4af5209bf363cc7f3e732] RESPONSE ExecuteScript null
[1790943345.304][INFO]: [f03e4c2645e4af5209bf363cc7f3e732] COMMAND ExecuteScript {
   "args": [  ],
   "script": "return $flutterDriverResult"
}
[1790943345.308][INFO]: Waiting for pending navigations...
[1790943345.309][INFO]: Done waiting for pending navigations. Status: ok
[1790943345.311][INFO]: Waiting for pending navigations...
[1790943345.311][INFO]: Done waiting for pending navigations. Status: ok
[1790943345.311][INFO]: [f03e4c2645e4af5209bf363cc7f3e732] RESPONSE ExecuteScript null
[1790943345.817][INFO]: [f03e4c2645e4af5209bf363cc7f3e732] COMMAND ExecuteScript {
   "args": [  ],
   "script": "return $flutterDriverResult"
}
[1790943345.819][INFO]: Waiting for pending navigations...
[1790943345.820][INFO]: Done waiting for pending navigations. Status: ok
[1790943345.823][INFO]: Waiting for pending navigations...
[1790943345.823][INFO]: Done waiting for pending navigations. Status: ok
[1790943345.823][INFO]: [f03e4c2645e4af5209bf363cc7f3e732] RESPONSE ExecuteScript null
[1790943346.327][INFO]: [f03e4c2645e4af5209bf363cc7f3e732] COMMAND ExecuteScript {
   "args": [  ],
   "script": "return $flutterDriverResult"
}
[1790943346.327][INFO]: Waiting for pending navigations...
[1790943346.550][INFO]: Done waiting for pending navigations. Status: ok
[1790943346.619][INFO]: Waiting for pending navigations...
[1790943346.620][INFO]: Done waiting for pending navigations. Status: ok
[1790943346.620][INFO]: [f03e4c2645e4af5209bf363cc7f3e732] RESPONSE ExecuteScript "{\"isError\":false,\"response\":{\"message\":\"{\\\"result\\\":\\\"false\\\",\\\"failureDetails\\\":[],\\\"data\\\":{\\\"web_driver_command\\\":\\\"WebDriverCommandType.noop\\\"}}\"}}"
[1790943346.622][INFO]: [f03e4c2645e4af5209bf363cc7f3e732] COMMAND ExecuteScript {
   "args": [  ],
   "script": "$flutterDriverResult = null"
}
[1790943346.622][INFO]: Waiting for pending navigations...
[1790943346.622][INFO]: Done waiting for pending navigations. Status: ok
[1790943346.624][INFO]: Waiting for pending navigations...
[1790943346.625][INFO]: Done waiting for pending navigations. Status: ok
[1790943346.625][INFO]: [f03e4c2645e4af5209bf363cc7f3e732] RESPONSE ExecuteScript null
[1790943346.628][INFO]: [f03e4c2645e4af5209bf363cc7f3e732] COMMAND ExecuteScript {
   "args": [  ],
   "script": "return $flutterDriverResult"
}
[1790943346.628][INFO]: Waiting for pending navigations...
[1790943346.628][INFO]: Done waiting for pending navigations. Status: ok
[1790943346.630][INFO]: Waiting for pending navigations...
[1790943346.630][INFO]: Done waiting for pending navigations. Status: ok
[1790943346.630][INFO]: [f03e4c2645e4af5209bf363cc7f3e732] RESPONSE ExecuteScript null
[1790943346.631][INFO]: [f03e4c2645e4af5209bf363cc7f3e732] COMMAND ExecuteScript {
   "args": [  ],
   "script": "window.$flutterDriver('{\"command\":\"request_data\"}')"
}
[1790943346.631][INFO]: Waiting for pending navigations...
[1790943346.631][INFO]: Done waiting for pending navigations. Status: ok
[1790943346.634][INFO]: Waiting for pending navigations...
[1790943346.634][INFO]: Done waiting for pending navigations. Status: ok
[1790943346.634][INFO]: [f03e4c2645e4af5209bf363cc7f3e732] RESPONSE ExecuteScript null
[1790943346.635][INFO]: [f03e4c2645e4af5209bf363cc7f3e732] COMMAND ExecuteScript {
   "args": [  ],
   "script": "return $flutterDriverResult"
}
[1790943346.635][INFO]: Waiting for pending navigations...
[1790943346.635][INFO]: Done waiting for pending navigations. Status: ok
[1790943346.637][INFO]: Waiting for pending navigations...
[1790943346.637][INFO]: Done waiting for pending navigations. Status: ok
[1790943346.637][INFO]: [f03e4c2645e4af5209bf363cc7f3e732] RESPONSE ExecuteScript "{\"isError\":false,\"response\":{\"message\":\"{\\\"result\\\":\\\"true\\\",\\\"failureDetails\\\":[],\\\"data\\\":{\\\"e2e_executed\\\":[\\\"inventory_journey_test\\\"]}}\"}}"
[1790943346.638][INFO]: [f03e4c2645e4af5209bf363cc7f3e732] COMMAND ExecuteScript {
   "args": [  ],
   "script": "$flutterDriverResult = null"
}
[1790943346.638][INFO]: Waiting for pending navigations...
[1790943346.638][INFO]: Done waiting for pending navigations. Status: ok
[1790943346.640][INFO]: Waiting for pending navigations...
[1790943346.640][INFO]: Done waiting for pending navigations. Status: ok
[1790943346.640][INFO]: [f03e4c2645e4af5209bf363cc7f3e732] RESPONSE ExecuteScript null
[1790943346.665][INFO]: [f03e4c2645e4af5209bf363cc7f3e732] COMMAND Quit {
}
[1790943346.716][INFO]: [f03e4c2645e4af5209bf363cc7f3e732] RESPONSE Quit
[1790943419.703][INFO]: [d636c6863fae635db88b4436f8d9b1de] COMMAND InitSession {
   "capabilities": {
      "alwaysMatch": {
         "acceptInsecureCerts": true,
         "browserName": "chrome",
         "goog:chromeOptions": {
            "args": [ "--bwsi", "--disable-background-timer-throttling", "--disable-default-apps", "--disable-extensions", "--disable-popup-blocking", "--disable-translate", "--no-default-browser-check", "--no-sandbox", "--no-first-run", "--headless" ],
            "perfLoggingPrefs": {
               "traceCategories": "devtools.timeline,v8,blink.console,benchmark,blink,blink.user_timing"
            },
            "w3c": true
         },
         "goog:loggingPrefs": {
            "browser": "INFO",
            "performance": "ALL"
         }
      }
   },
   "desiredCapabilities": {
      "acceptInsecureCerts": true,
      "browserName": "chrome",
      "goog:chromeOptions": {
         "args": [ "--bwsi", "--disable-background-timer-throttling", "--disable-default-apps", "--disable-extensions", "--disable-popup-blocking", "--disable-translate", "--no-default-browser-check", "--no-sandbox", "--no-first-run", "--headless" ],
         "perfLoggingPrefs": {
            "traceCategories": "devtools.timeline,v8,blink.console,benchmark,blink,blink.user_timing"
         },
         "w3c": true
      },
      "goog:loggingPrefs": {
         "browser": "INFO",
         "performance": "ALL"
      }
   }
}
[1790943419.703][INFO]: Browser search. Trying... /opt/hostedtoolcache/setup-chrome/chromedriver/stable/x64/chrome
[1790943419.703][INFO]: Browser search. Trying... /opt/hostedtoolcache/setup-chrome/chromedriver/stable/x64/chrome
[1790943419.703][INFO]: Browser search. Trying... /opt/hostedtoolcache/setup-chrome/chromedriver/stable/x64/google-chrome
[1790943419.703][INFO]: Browser search. Trying... /opt/hostedtoolcache/setup-chrome/chromedriver/stable/x64/chromium
[1790943419.703][INFO]: Browser search. Trying... /opt/hostedtoolcache/setup-chrome/chromedriver/stable/x64/chromium-browser
[1790943419.703][INFO]: Browser search. Trying... /usr/local/sbin/chrome
[1790943419.703][INFO]: Browser search. Trying... /usr/local/bin/chrome
[1790943419.703][INFO]: Browser search. Trying... /usr/sbin/chrome
[1790943419.703][INFO]: Browser search. Trying... /usr/bin/chrome
[1790943419.703][INFO]: Browser search. Trying... /sbin/chrome
[1790943419.703][INFO]: Browser search. Trying... /bin/chrome
[1790943419.703][INFO]: Browser search. Trying... /opt/google/chrome/chrome
[1790943419.703][INFO]: Browser search. Found at  /opt/google/chrome/chrome
[1790943419.703][INFO]: Populating Preferences file: {
   "alternate_error_pages": {
      "enabled": false
   },
   "autofill": {
      "enabled": false
   },
   "browser": {
      "check_default_browser": false
   },
   "distribution": {
      "import_bookmarks": false,
      "import_history": false,
      "import_search_engine": false,
      "make_chrome_default_for_user": false,
      "skip_first_run_ui": true
   },
   "dns_prefetching": {
      "enabled": false
   },
   "profile": {
      "content_settings": {
         "pattern_pairs": {
            "https://*,*": {
               "media-stream": {
                  "audio": "Default",
                  "video": "Default"
               }
            }
         }
      },
      "default_content_setting_values": {
         "geolocation": 1
      },
      "default_content_settings": {
         "geolocation": 1,
         "mouselock": 1,
         "notifications": 1,
         "popups": 1,
         "ppapi-broker": 1
      },
      "password_manager_enabled": false
   },
   "safebrowsing": {
      "enabled": false
   },
   "search": {
      "suggest_enabled": false
   },
   "translate": {
      "enabled": false
   }
}
[1790943419.703][INFO]: Populating Local State file: {
   "background_mode": {
      "enabled": false
   },
   "ssl": {
      "rev_checking": {
         "enabled": false
      }
   }
}
[1790943419.703][INFO]: ChromeDriver supports communication with Chrome via pipes. This is more reliable and more secure.
[1790943419.703][INFO]: Use the --remote-debugging-pipe Chrome switch instead of the default --remote-debugging-port to enable this communication mode.
[1790943419.703][INFO]: Launching chrome: /opt/google/chrome/chrome --allow-pre-commit-input --bwsi --disable-background-networking --disable-background-timer-throttling --disable-backgrounding-occluded-windows --disable-client-side-phishing-detection --disable-default-apps --disable-extensions --disable-features=IgnoreDuplicateNavs,Prewarm --disable-hang-monitor --disable-popup-blocking --disable-prompt-on-repost --disable-sync --disable-translate --enable-automation --enable-logging --headless --ignore-certificate-errors --log-level=0 --no-default-browser-check --no-first-run --no-sandbox --no-service-autorun --password-store=basic --remote-debugging-port=0 --test-type=webdriver --use-mock-keychain --user-data-dir=/tmp/org.chromium.Chromium.scoped_dir.bZYn2E data:,
[1790943419.912][INFO]: resolved localhost to ["::1","127.0.0.1"]
[1790943419.995][INFO]: [d636c6863fae635db88b4436f8d9b1de] RESPONSE InitSession {
   "capabilities": {
      "acceptInsecureCerts": true,
      "browserName": "chrome",
      "browserVersion": "154.0.8037.97",
      "chrome": {
         "chromedriverVersion": "154.0.8037.92 (334b65d254ccc35df4fca82706d1753227b01039-refs/branch-heads/8037@{#1589})",
         "userDataDir": "/tmp/org.chromium.Chromium.scoped_dir.bZYn2E"
      },
      "fedcm:accounts": true,
      "goog:chromeOptions": {
         "debuggerAddress": "localhost:36331"
      },
      "goog:processID": 6327,
      "networkConnectionEnabled": false,
      "pageLoadStrategy": "normal",
      "platformName": "linux",
      "proxy": {
      },
      "setWindowRect": true,
      "strictFileInteractability": false,
      "timeouts": {
         "implicit": 0,
         "pageLoad": 300000,
         "script": 30000
      },
      "unhandledPromptBehavior": "dismiss and notify",
      "webauthn:extension:cmtgKey": true,
      "webauthn:extension:credBlob": true,
      "webauthn:extension:largeBlob": true,
      "webauthn:extension:minPinLength": true,
      "~~~": "..."
   },
   "sessionId": "d636c6863fae635db88b4436f8d9b1de"
}
[1790943420.020][INFO]: [d636c6863fae635db88b4436f8d9b1de] COMMAND GetWindow {
}
[1790943420.020][INFO]: [d636c6863fae635db88b4436f8d9b1de] RESPONSE GetWindow "36B71386C4BCA24ED70D6312F6EED4DD"
[1790943420.027][INFO]: [d636c6863fae635db88b4436f8d9b1de] COMMAND SetWindowRect {
   "x": 0,
   "y": 0
}
[1790943420.027][INFO]: Waiting for pending navigations...
[1790943420.029][INFO]: Done waiting for pending navigations. Status: ok
[1790943420.043][INFO]: Waiting for pending navigations...
[1790943420.044][INFO]: Done waiting for pending navigations. Status: ok
[1790943420.044][INFO]: [d636c6863fae635db88b4436f8d9b1de] RESPONSE SetWindowRect {
   "height": 580,
   "width": 780,
   "x": 0,
   "y": 0
}
[1790943420.047][INFO]: [d636c6863fae635db88b4436f8d9b1de] COMMAND SetWindowRect {
   "height": 1024,
   "width": 1600
}
[1790943420.047][INFO]: Waiting for pending navigations...
[1790943420.047][INFO]: Done waiting for pending navigations. Status: ok
[1790943420.065][INFO]: Waiting for pending navigations...
[1790943420.075][INFO]: Done waiting for pending navigations. Status: ok
[1790943420.075][INFO]: [d636c6863fae635db88b4436f8d9b1de] RESPONSE SetWindowRect {
   "height": 1024,
   "width": 1600,
   "x": 0,
   "y": 0
}
[1790943422.419][INFO]: [d636c6863fae635db88b4436f8d9b1de] COMMAND Navigate {
   "url": "http://localhost:34013"
}
[1790943422.538][INFO]: Waiting for pending navigations...
[1790943422.539][INFO]: Done waiting for pending navigations. Status: ok
[1790943423.286][INFO]: Waiting for pending navigations...
[1790943429.321][INFO]: Done waiting for pending navigations. Status: ok
[1790943429.321][INFO]: [d636c6863fae635db88b4436f8d9b1de] RESPONSE Navigate
[1790943429.347][INFO]: [d636c6863fae635db88b4436f8d9b1de] COMMAND ExecuteScript {
   "args": [  ],
   "script": "return typeof(window.$flutterDriver)"
}
[1790943429.347][INFO]: Waiting for pending navigations...
[1790943429.348][INFO]: Done waiting for pending navigations. Status: ok
[1790943429.351][INFO]: Waiting for pending navigations...
[1790943429.351][INFO]: Done waiting for pending navigations. Status: ok
[1790943429.351][INFO]: [d636c6863fae635db88b4436f8d9b1de] RESPONSE ExecuteScript "undefined"
[1790943429.865][INFO]: [d636c6863fae635db88b4436f8d9b1de] COMMAND ExecuteScript {
   "args": [  ],
   "script": "return typeof(window.$flutterDriver)"
}
[1790943429.871][INFO]: Waiting for pending navigations...
[1790943430.077][INFO]: Done waiting for pending navigations. Status: ok
[1790943430.352][INFO]: Waiting for pending navigations...
[1790943430.354][INFO]: Done waiting for pending navigations. Status: ok
[1790943430.354][INFO]: [d636c6863fae635db88b4436f8d9b1de] RESPONSE ExecuteScript "function"
[1790943430.375][INFO]: [d636c6863fae635db88b4436f8d9b1de] COMMAND ExecuteScript {
   "args": [  ],
   "script": "return $flutterDriverResult"
}
[1790943430.376][INFO]: Waiting for pending navigations...
[1790943430.385][INFO]: Done waiting for pending navigations. Status: ok
[1790943430.397][INFO]: Waiting for pending navigations...
[1790943430.398][INFO]: Done waiting for pending navigations. Status: ok
[1790943430.398][INFO]: [d636c6863fae635db88b4436f8d9b1de] RESPONSE ExecuteScript null
[1790943430.401][INFO]: [d636c6863fae635db88b4436f8d9b1de] COMMAND ExecuteScript {
   "args": [  ],
   "script": "window.$flutterDriver('{\"command\":\"request_data\",\"message\":\"pending\"}')"
}
[1790943430.401][INFO]: Waiting for pending navigations...
[1790943430.401][INFO]: Done waiting for pending navigations. Status: ok
[1790943430.406][INFO]: Waiting for pending navigations...
[1790943430.407][INFO]: Done waiting for pending navigations. Status: ok
[1790943430.407][INFO]: [d636c6863fae635db88b4436f8d9b1de] RESPONSE ExecuteScript null
[1790943430.408][INFO]: [d636c6863fae635db88b4436f8d9b1de] COMMAND ExecuteScript {
   "args": [  ],
   "script": "return $flutterDriverResult"
}
[1790943430.408][INFO]: Waiting for pending navigations...
[1790943430.409][INFO]: Done waiting for pending navigations. Status: ok
[1790943430.413][INFO]: Waiting for pending navigations...
[1790943430.413][INFO]: Done waiting for pending navigations. Status: ok
[1790943430.413][INFO]: [d636c6863fae635db88b4436f8d9b1de] RESPONSE ExecuteScript null
[1790943430.916][INFO]: [d636c6863fae635db88b4436f8d9b1de] COMMAND ExecuteScript {
   "args": [  ],
   "script": "return $flutterDriverResult"
}
[1790943430.976][INFO]: Waiting for pending navigations...
[1790943431.606][INFO]: Done waiting for pending navigations. Status: ok
[1790943431.614][INFO]: Waiting for pending navigations...
[1790943431.615][INFO]: Done waiting for pending navigations. Status: ok
[1790943431.615][INFO]: [d636c6863fae635db88b4436f8d9b1de] RESPONSE ExecuteScript null
[1790943432.117][INFO]: [d636c6863fae635db88b4436f8d9b1de] COMMAND ExecuteScript {
   "args": [  ],
   "script": "return $flutterDriverResult"
}
[1790943432.117][INFO]: Waiting for pending navigations...
[1790943432.118][INFO]: Done waiting for pending navigations. Status: ok
[1790943432.120][INFO]: Waiting for pending navigations...
[1790943432.120][INFO]: Done waiting for pending navigations. Status: ok
[1790943432.120][INFO]: [d636c6863fae635db88b4436f8d9b1de] RESPONSE ExecuteScript null
[1790943432.622][INFO]: [d636c6863fae635db88b4436f8d9b1de] COMMAND ExecuteScript {
   "args": [  ],
   "script": "return $flutterDriverResult"
}
[1790943432.622][INFO]: Waiting for pending navigations...
[1790943432.624][INFO]: Done waiting for pending navigations. Status: ok
[1790943432.627][INFO]: Waiting for pending navigations...
[1790943432.628][INFO]: Done waiting for pending navigations. Status: ok
[1790943432.628][INFO]: [d636c6863fae635db88b4436f8d9b1de] RESPONSE ExecuteScript null
[1790943433.130][INFO]: [d636c6863fae635db88b4436f8d9b1de] COMMAND ExecuteScript {
   "args": [  ],
   "script": "return $flutterDriverResult"
}
[1790943433.131][INFO]: Waiting for pending navigations...
[1790943433.131][INFO]: Done waiting for pending navigations. Status: ok
[1790943433.133][INFO]: Waiting for pending navigations...
[1790943433.133][INFO]: Done waiting for pending navigations. Status: ok
[1790943433.133][INFO]: [d636c6863fae635db88b4436f8d9b1de] RESPONSE ExecuteScript null
[1790943433.635][INFO]: [d636c6863fae635db88b4436f8d9b1de] COMMAND ExecuteScript {
   "args": [  ],
   "script": "return $flutterDriverResult"
}
[1790943433.635][INFO]: Waiting for pending navigations...
[1790943433.640][INFO]: Done waiting for pending navigations. Status: ok
[1790943433.643][INFO]: Waiting for pending navigations...
[1790943433.644][INFO]: Done waiting for pending navigations. Status: ok
[1790943433.644][INFO]: [d636c6863fae635db88b4436f8d9b1de] RESPONSE ExecuteScript null
[1790943434.146][INFO]: [d636c6863fae635db88b4436f8d9b1de] COMMAND ExecuteScript {
   "args": [  ],
   "script": "return $flutterDriverResult"
}
[1790943434.149][INFO]: Waiting for pending navigations...
[1790943434.149][INFO]: Done waiting for pending navigations. Status: ok
[1790943434.151][INFO]: Waiting for pending navigations...
[1790943434.151][INFO]: Done waiting for pending navigations. Status: ok
[1790943434.151][INFO]: [d636c6863fae635db88b4436f8d9b1de] RESPONSE ExecuteScript null
[1790943434.654][INFO]: [d636c6863fae635db88b4436f8d9b1de] COMMAND ExecuteScript {
   "args": [  ],
   "script": "return $flutterDriverResult"
}
[1790943434.654][INFO]: Waiting for pending navigations...
[1790943434.655][INFO]: Done waiting for pending navigations. Status: ok
[1790943434.656][INFO]: Waiting for pending navigations...
[1790943434.657][INFO]: Done waiting for pending navigations. Status: ok
[1790943434.657][INFO]: [d636c6863fae635db88b4436f8d9b1de] RESPONSE ExecuteScript null
[1790943435.159][INFO]: [d636c6863fae635db88b4436f8d9b1de] COMMAND ExecuteScript {
   "args": [  ],
   "script": "return $flutterDriverResult"
}
[1790943435.160][INFO]: Waiting for pending navigations...
[1790943435.161][INFO]: Done waiting for pending navigations. Status: ok
[1790943435.163][INFO]: Waiting for pending navigations...
[1790943435.163][INFO]: Done waiting for pending navigations. Status: ok
[1790943435.163][INFO]: [d636c6863fae635db88b4436f8d9b1de] RESPONSE ExecuteScript null
[1790943435.669][INFO]: [d636c6863fae635db88b4436f8d9b1de] COMMAND ExecuteScript {
   "args": [  ],
   "script": "return $flutterDriverResult"
}
[1790943435.673][INFO]: Waiting for pending navigations...
[1790943435.830][INFO]: Done waiting for pending navigations. Status: ok
[1790943435.975][INFO]: Waiting for pending navigations...
[1790943435.977][INFO]: Done waiting for pending navigations. Status: ok
[1790943435.977][INFO]: [d636c6863fae635db88b4436f8d9b1de] RESPONSE ExecuteScript null
[1790943436.479][INFO]: [d636c6863fae635db88b4436f8d9b1de] COMMAND ExecuteScript {
   "args": [  ],
   "script": "return $flutterDriverResult"
}
[1790943436.482][INFO]: Waiting for pending navigations...
[1790943436.483][INFO]: Done waiting for pending navigations. Status: ok
[1790943436.484][INFO]: Waiting for pending navigations...
[1790943436.485][INFO]: Done waiting for pending navigations. Status: ok
[1790943436.485][INFO]: [d636c6863fae635db88b4436f8d9b1de] RESPONSE ExecuteScript null
[1790943436.987][INFO]: [d636c6863fae635db88b4436f8d9b1de] COMMAND ExecuteScript {
   "args": [  ],
   "script": "return $flutterDriverResult"
}
[1790943436.990][INFO]: Waiting for pending navigations...
[1790943437.451][INFO]: Done waiting for pending navigations. Status: ok
[1790943437.599][INFO]: Waiting for pending navigations...
[1790943437.599][INFO]: Done waiting for pending navigations. Status: ok
[1790943437.599][INFO]: [d636c6863fae635db88b4436f8d9b1de] RESPONSE ExecuteScript null
[1790943438.103][INFO]: [d636c6863fae635db88b4436f8d9b1de] COMMAND ExecuteScript {
   "args": [  ],
   "script": "return $flutterDriverResult"
}
[1790943438.105][INFO]: Waiting for pending navigations...
[1790943438.163][INFO]: Done waiting for pending navigations. Status: ok
[1790943438.468][INFO]: Waiting for pending navigations...
[1790943438.476][INFO]: Done waiting for pending navigations. Status: ok
[1790943438.476][INFO]: [d636c6863fae635db88b4436f8d9b1de] RESPONSE ExecuteScript null
[1790943438.979][INFO]: [d636c6863fae635db88b4436f8d9b1de] COMMAND ExecuteScript {
   "args": [  ],
   "script": "return $flutterDriverResult"
}
[1790943438.981][INFO]: Waiting for pending navigations...
[1790943438.995][INFO]: Done waiting for pending navigations. Status: ok
[1790943438.997][INFO]: Waiting for pending navigations...
[1790943438.997][INFO]: Done waiting for pending navigations. Status: ok
[1790943438.997][INFO]: [d636c6863fae635db88b4436f8d9b1de] RESPONSE ExecuteScript null
[1790943439.500][INFO]: [d636c6863fae635db88b4436f8d9b1de] COMMAND ExecuteScript {
   "args": [  ],
   "script": "return $flutterDriverResult"
}
[1790943439.501][INFO]: Waiting for pending navigations...
[1790943439.550][INFO]: Done waiting for pending navigations. Status: ok
[1790943439.624][INFO]: Waiting for pending navigations...
[1790943439.625][INFO]: Done waiting for pending navigations. Status: ok
[1790943439.625][INFO]: [d636c6863fae635db88b4436f8d9b1de] RESPONSE ExecuteScript null
[1790943440.128][INFO]: [d636c6863fae635db88b4436f8d9b1de] COMMAND ExecuteScript {
   "args": [  ],
   "script": "return $flutterDriverResult"
}
[1790943440.128][INFO]: Waiting for pending navigations...
[1790943440.129][INFO]: Done waiting for pending navigations. Status: ok
[1790943440.131][INFO]: Waiting for pending navigations...
[1790943440.131][INFO]: Done waiting for pending navigations. Status: ok
[1790943440.131][INFO]: [d636c6863fae635db88b4436f8d9b1de] RESPONSE ExecuteScript null
[1790943440.633][INFO]: [d636c6863fae635db88b4436f8d9b1de] COMMAND ExecuteScript {
   "args": [  ],
   "script": "return $flutterDriverResult"
}
[1790943440.634][INFO]: Waiting for pending navigations...
[1790943440.653][INFO]: Done waiting for pending navigations. Status: ok
[1790943440.995][INFO]: Waiting for pending navigations...
[1790943440.996][INFO]: Done waiting for pending navigations. Status: ok
[1790943440.996][INFO]: [d636c6863fae635db88b4436f8d9b1de] RESPONSE ExecuteScript null
[1790943441.499][INFO]: [d636c6863fae635db88b4436f8d9b1de] COMMAND ExecuteScript {
   "args": [  ],
   "script": "return $flutterDriverResult"
}
[1790943441.499][INFO]: Waiting for pending navigations...
[1790943441.568][INFO]: Done waiting for pending navigations. Status: ok
[1790943441.670][INFO]: Waiting for pending navigations...
[1790943441.671][INFO]: Done waiting for pending navigations. Status: ok
[1790943441.671][INFO]: [d636c6863fae635db88b4436f8d9b1de] RESPONSE ExecuteScript null
[1790943442.174][INFO]: [d636c6863fae635db88b4436f8d9b1de] COMMAND ExecuteScript {
   "args": [  ],
   "script": "return $flutterDriverResult"
}
[1790943442.176][INFO]: Waiting for pending navigations...
[1790943442.222][INFO]: Done waiting for pending navigations. Status: ok
[1790943442.224][INFO]: Waiting for pending navigations...
[1790943442.225][INFO]: Done waiting for pending navigations. Status: ok
[1790943442.225][INFO]: [d636c6863fae635db88b4436f8d9b1de] RESPONSE ExecuteScript null
[1790943442.728][INFO]: [d636c6863fae635db88b4436f8d9b1de] COMMAND ExecuteScript {
   "args": [  ],
   "script": "return $flutterDriverResult"
}
[1790943442.728][INFO]: Waiting for pending navigations...
[1790943442.812][INFO]: Done waiting for pending navigations. Status: ok
[1790943442.827][INFO]: Waiting for pending navigations...
[1790943442.827][INFO]: Done waiting for pending navigations. Status: ok
[1790943442.827][INFO]: [d636c6863fae635db88b4436f8d9b1de] RESPONSE ExecuteScript null
[1790943443.330][INFO]: [d636c6863fae635db88b4436f8d9b1de] COMMAND ExecuteScript {
   "args": [  ],
   "script": "return $flutterDriverResult"
}
[1790943443.330][INFO]: Waiting for pending navigations...
[1790943443.367][INFO]: Done waiting for pending navigations. Status: ok
[1790943443.668][INFO]: Waiting for pending navigations...
[1790943443.678][INFO]: Done waiting for pending navigations. Status: ok
[1790943443.678][INFO]: [d636c6863fae635db88b4436f8d9b1de] RESPONSE ExecuteScript null
[1790943444.180][INFO]: [d636c6863fae635db88b4436f8d9b1de] COMMAND ExecuteScript {
   "args": [  ],
   "script": "return $flutterDriverResult"
}
[1790943444.180][INFO]: Waiting for pending navigations...
[1790943444.202][INFO]: Done waiting for pending navigations. Status: ok
[1790943444.204][INFO]: Waiting for pending navigations...
[1790943444.204][INFO]: Done waiting for pending navigations. Status: ok
[1790943444.204][INFO]: [d636c6863fae635db88b4436f8d9b1de] RESPONSE ExecuteScript null
[1790943444.707][INFO]: [d636c6863fae635db88b4436f8d9b1de] COMMAND ExecuteScript {
   "args": [  ],
   "script": "return $flutterDriverResult"
}
[1790943444.708][INFO]: Waiting for pending navigations...
[1790943444.735][INFO]: Done waiting for pending navigations. Status: ok
[1790943444.737][INFO]: Waiting for pending navigations...
[1790943444.737][INFO]: Done waiting for pending navigations. Status: ok
[1790943444.737][INFO]: [d636c6863fae635db88b4436f8d9b1de] RESPONSE ExecuteScript null
[1790943445.240][INFO]: [d636c6863fae635db88b4436f8d9b1de] COMMAND ExecuteScript {
   "args": [  ],
   "script": "return $flutterDriverResult"
}
[1790943445.241][INFO]: Waiting for pending navigations...
[1790943445.297][INFO]: Done waiting for pending navigations. Status: ok
[1790943445.299][INFO]: Waiting for pending navigations...
[1790943445.300][INFO]: Done waiting for pending navigations. Status: ok
[1790943445.300][INFO]: [d636c6863fae635db88b4436f8d9b1de] RESPONSE ExecuteScript null
[1790943445.802][INFO]: [d636c6863fae635db88b4436f8d9b1de] COMMAND ExecuteScript {
   "args": [  ],
   "script": "return $flutterDriverResult"
}
[1790943445.803][INFO]: Waiting for pending navigations...
[1790943445.895][INFO]: Done waiting for pending navigations. Status: ok
[1790943446.178][INFO]: Waiting for pending navigations...
[1790943446.194][INFO]: Done waiting for pending navigations. Status: ok
[1790943446.194][INFO]: [d636c6863fae635db88b4436f8d9b1de] RESPONSE ExecuteScript null
[1790943446.701][INFO]: [d636c6863fae635db88b4436f8d9b1de] COMMAND ExecuteScript {
   "args": [  ],
   "script": "return $flutterDriverResult"
}
[1790943446.701][INFO]: Waiting for pending navigations...
[1790943446.741][INFO]: Done waiting for pending navigations. Status: ok
[1790943446.743][INFO]: Waiting for pending navigations...
[1790943446.744][INFO]: Done waiting for pending navigations. Status: ok
[1790943446.744][INFO]: [d636c6863fae635db88b4436f8d9b1de] RESPONSE ExecuteScript null
[1790943447.250][INFO]: [d636c6863fae635db88b4436f8d9b1de] COMMAND ExecuteScript {
   "args": [  ],
   "script": "return $flutterDriverResult"
}
[1790943447.250][INFO]: Waiting for pending navigations...
[1790943447.291][INFO]: Done waiting for pending navigations. Status: ok
[1790943447.576][INFO]: Waiting for pending navigations...
[1790943447.577][INFO]: Done waiting for pending navigations. Status: ok
[1790943447.577][INFO]: [d636c6863fae635db88b4436f8d9b1de] RESPONSE ExecuteScript null
[1790943448.081][INFO]: [d636c6863fae635db88b4436f8d9b1de] COMMAND ExecuteScript {
   "args": [  ],
   "script": "return $flutterDriverResult"
}
[1790943448.082][INFO]: Waiting for pending navigations...
[1790943448.138][INFO]: Done waiting for pending navigations. Status: ok
[1790943448.558][INFO]: Waiting for pending navigations...
[1790943448.559][INFO]: Done waiting for pending navigations. Status: ok
[1790943448.559][INFO]: [d636c6863fae635db88b4436f8d9b1de] RESPONSE ExecuteScript null
[1790943449.061][INFO]: [d636c6863fae635db88b4436f8d9b1de] COMMAND ExecuteScript {
   "args": [  ],
   "script": "return $flutterDriverResult"
}
[1790943449.062][INFO]: Waiting for pending navigations...
[1790943449.063][INFO]: Done waiting for pending navigations. Status: ok
[1790943449.065][INFO]: Waiting for pending navigations...
[1790943449.065][INFO]: Done waiting for pending navigations. Status: ok
[1790943449.065][INFO]: [d636c6863fae635db88b4436f8d9b1de] RESPONSE ExecuteScript null
[1790943449.567][INFO]: [d636c6863fae635db88b4436f8d9b1de] COMMAND ExecuteScript {
   "args": [  ],
   "script": "return $flutterDriverResult"
}
[1790943449.568][INFO]: Waiting for pending navigations...
[1790943449.568][INFO]: Done waiting for pending navigations. Status: ok
[1790943449.570][INFO]: Waiting for pending navigations...
[1790943449.570][INFO]: Done waiting for pending navigations. Status: ok
[1790943449.570][INFO]: [d636c6863fae635db88b4436f8d9b1de] RESPONSE ExecuteScript null
[1790943450.073][INFO]: [d636c6863fae635db88b4436f8d9b1de] COMMAND ExecuteScript {
   "args": [  ],
   "script": "return $flutterDriverResult"
}
[1790943450.073][INFO]: Waiting for pending navigations...
[1790943450.074][INFO]: Done waiting for pending navigations. Status: ok
[1790943450.076][INFO]: Waiting for pending navigations...
[1790943450.076][INFO]: Done waiting for pending navigations. Status: ok
[1790943450.076][INFO]: [d636c6863fae635db88b4436f8d9b1de] RESPONSE ExecuteScript null
[1790943450.579][INFO]: [d636c6863fae635db88b4436f8d9b1de] COMMAND ExecuteScript {
   "args": [  ],
   "script": "return $flutterDriverResult"
}
[1790943450.579][INFO]: Waiting for pending navigations...
[1790943450.579][INFO]: Done waiting for pending navigations. Status: ok
[1790943450.581][INFO]: Waiting for pending navigations...
[1790943450.581][INFO]: Done waiting for pending navigations. Status: ok
[1790943450.581][INFO]: [d636c6863fae635db88b4436f8d9b1de] RESPONSE ExecuteScript null
[1790943451.084][INFO]: [d636c6863fae635db88b4436f8d9b1de] COMMAND ExecuteScript {
   "args": [  ],
   "script": "return $flutterDriverResult"
}
[1790943451.084][INFO]: Waiting for pending navigations...
[1790943451.085][INFO]: Done waiting for pending navigations. Status: ok
[1790943451.086][INFO]: Waiting for pending navigations...
[1790943451.087][INFO]: Done waiting for pending navigations. Status: ok
[1790943451.087][INFO]: [d636c6863fae635db88b4436f8d9b1de] RESPONSE ExecuteScript null
[1790943451.589][INFO]: [d636c6863fae635db88b4436f8d9b1de] COMMAND ExecuteScript {
   "args": [  ],
   "script": "return $flutterDriverResult"
}
[1790943451.590][INFO]: Waiting for pending navigations...
[1790943451.590][INFO]: Done waiting for pending navigations. Status: ok
[1790943451.592][INFO]: Waiting for pending navigations...
[1790943451.592][INFO]: Done waiting for pending navigations. Status: ok
[1790943451.592][INFO]: [d636c6863fae635db88b4436f8d9b1de] RESPONSE ExecuteScript null
[1790943452.095][INFO]: [d636c6863fae635db88b4436f8d9b1de] COMMAND ExecuteScript {
   "args": [  ],
   "script": "return $flutterDriverResult"
}
[1790943452.095][INFO]: Waiting for pending navigations...
[1790943452.096][INFO]: Done waiting for pending navigations. Status: ok
[1790943452.098][INFO]: Waiting for pending navigations...
[1790943452.098][INFO]: Done waiting for pending navigations. Status: ok
[1790943452.098][INFO]: [d636c6863fae635db88b4436f8d9b1de] RESPONSE ExecuteScript null
[1790943452.600][INFO]: [d636c6863fae635db88b4436f8d9b1de] COMMAND ExecuteScript {
   "args": [  ],
   "script": "return $flutterDriverResult"
}
[1790943452.601][INFO]: Waiting for pending navigations...
[1790943452.602][INFO]: Done waiting for pending navigations. Status: ok
[1790943452.604][INFO]: Waiting for pending navigations...
[1790943452.604][INFO]: Done waiting for pending navigations. Status: ok
[1790943452.604][INFO]: [d636c6863fae635db88b4436f8d9b1de] RESPONSE ExecuteScript "{\"isError\":false,\"response\":{\"message\":\"{\\\"result\\\":\\\"false\\\",\\\"failureDetails\\\":[],\\\"data\\\":{\\\"web_driver_command\\\":\\\"WebDriverCommandType.noop\\\"}}\"}}"
[1790943452.606][INFO]: [d636c6863fae635db88b4436f8d9b1de] COMMAND ExecuteScript {
   "args": [  ],
   "script": "$flutterDriverResult = null"
}
[1790943452.606][INFO]: Waiting for pending navigations...
[1790943452.606][INFO]: Done waiting for pending navigations. Status: ok
[1790943452.608][INFO]: Waiting for pending navigations...
[1790943452.609][INFO]: Done waiting for pending navigations. Status: ok
[1790943452.609][INFO]: [d636c6863fae635db88b4436f8d9b1de] RESPONSE ExecuteScript null
[1790943452.612][INFO]: [d636c6863fae635db88b4436f8d9b1de] COMMAND ExecuteScript {
   "args": [  ],
   "script": "return $flutterDriverResult"
}
[1790943452.612][INFO]: Waiting for pending navigations...
[1790943452.612][INFO]: Done waiting for pending navigations. Status: ok
[1790943452.614][INFO]: Waiting for pending navigations...
[1790943452.614][INFO]: Done waiting for pending navigations. Status: ok
[1790943452.614][INFO]: [d636c6863fae635db88b4436f8d9b1de] RESPONSE ExecuteScript null
[1790943452.615][INFO]: [d636c6863fae635db88b4436f8d9b1de] COMMAND ExecuteScript {
   "args": [  ],
   "script": "window.$flutterDriver('{\"command\":\"request_data\"}')"
}
[1790943452.615][INFO]: Waiting for pending navigations...
[1790943452.616][INFO]: Done waiting for pending navigations. Status: ok
[1790943452.618][INFO]: Waiting for pending navigations...
[1790943452.619][INFO]: Done waiting for pending navigations. Status: ok
[1790943452.619][INFO]: [d636c6863fae635db88b4436f8d9b1de] RESPONSE ExecuteScript null
[1790943452.619][INFO]: [d636c6863fae635db88b4436f8d9b1de] COMMAND ExecuteScript {
   "args": [  ],
   "script": "return $flutterDriverResult"
}
[1790943452.619][INFO]: Waiting for pending navigations...
[1790943452.620][INFO]: Done waiting for pending navigations. Status: ok
[1790943452.621][INFO]: Waiting for pending navigations...
[1790943452.622][INFO]: Done waiting for pending navigations. Status: ok
[1790943452.622][INFO]: [d636c6863fae635db88b4436f8d9b1de] RESPONSE ExecuteScript "{\"isError\":false,\"response\":{\"message\":\"{\\\"result\\\":\\\"true\\\",\\\"failureDetails\\\":[],\\\"data\\\":{\\\"e2e_executed\\\":[\\\"land_clearing_journey_test\\\"]}}\"}}"
[1790943452.623][INFO]: [d636c6863fae635db88b4436f8d9b1de] COMMAND ExecuteScript {
   "args": [  ],
   "script": "$flutterDriverResult = null"
}
[1790943452.623][INFO]: Waiting for pending navigations...
[1790943452.623][INFO]: Done waiting for pending navigations. Status: ok
[1790943452.625][INFO]: Waiting for pending navigations...
[1790943452.625][INFO]: Done waiting for pending navigations. Status: ok
[1790943452.625][INFO]: [d636c6863fae635db88b4436f8d9b1de] RESPONSE ExecuteScript null
[1790943452.651][INFO]: [d636c6863fae635db88b4436f8d9b1de] COMMAND Quit {
}
[1790943452.702][INFO]: [d636c6863fae635db88b4436f8d9b1de] RESPONSE Quit
[1790943525.743][INFO]: [7bef3cb6251a1439e0602fbeb1bb80ac] COMMAND InitSession {
   "capabilities": {
      "alwaysMatch": {
         "acceptInsecureCerts": true,
         "browserName": "chrome",
         "goog:chromeOptions": {
            "args": [ "--bwsi", "--disable-background-timer-throttling", "--disable-default-apps", "--disable-extensions", "--disable-popup-blocking", "--disable-translate", "--no-default-browser-check", "--no-sandbox", "--no-first-run", "--headless" ],
            "perfLoggingPrefs": {
               "traceCategories": "devtools.timeline,v8,blink.console,benchmark,blink,blink.user_timing"
            },
            "w3c": true
         },
         "goog:loggingPrefs": {
            "browser": "INFO",
            "performance": "ALL"
         }
      }
   },
   "desiredCapabilities": {
      "acceptInsecureCerts": true,
      "browserName": "chrome",
      "goog:chromeOptions": {
         "args": [ "--bwsi", "--disable-background-timer-throttling", "--disable-default-apps", "--disable-extensions", "--disable-popup-blocking", "--disable-translate", "--no-default-browser-check", "--no-sandbox", "--no-first-run", "--headless" ],
         "perfLoggingPrefs": {
            "traceCategories": "devtools.timeline,v8,blink.console,benchmark,blink,blink.user_timing"
         },
         "w3c": true
      },
      "goog:loggingPrefs": {
         "browser": "INFO",
         "performance": "ALL"
      }
   }
}
[1790943525.743][INFO]: Browser search. Trying... /opt/hostedtoolcache/setup-chrome/chromedriver/stable/x64/chrome
[1790943525.743][INFO]: Browser search. Trying... /opt/hostedtoolcache/setup-chrome/chromedriver/stable/x64/chrome
[1790943525.743][INFO]: Browser search. Trying... /opt/hostedtoolcache/setup-chrome/chromedriver/stable/x64/google-chrome
[1790943525.743][INFO]: Browser search. Trying... /opt/hostedtoolcache/setup-chrome/chromedriver/stable/x64/chromium
[1790943525.743][INFO]: Browser search. Trying... /opt/hostedtoolcache/setup-chrome/chromedriver/stable/x64/chromium-browser
[1790943525.743][INFO]: Browser search. Trying... /usr/local/sbin/chrome
[1790943525.743][INFO]: Browser search. Trying... /usr/local/bin/chrome
[1790943525.743][INFO]: Browser search. Trying... /usr/sbin/chrome
[1790943525.743][INFO]: Browser search. Trying... /usr/bin/chrome
[1790943525.743][INFO]: Browser search. Trying... /sbin/chrome
[1790943525.743][INFO]: Browser search. Trying... /bin/chrome
[1790943525.743][INFO]: Browser search. Trying... /opt/google/chrome/chrome
[1790943525.743][INFO]: Browser search. Found at  /opt/google/chrome/chrome
[1790943525.743][INFO]: Populating Preferences file: {
   "alternate_error_pages": {
      "enabled": false
   },
   "autofill": {
      "enabled": false
   },
   "browser": {
      "check_default_browser": false
   },
   "distribution": {
      "import_bookmarks": false,
      "import_history": false,
      "import_search_engine": false,
      "make_chrome_default_for_user": false,
      "skip_first_run_ui": true
   },
   "dns_prefetching": {
      "enabled": false
   },
   "profile": {
      "content_settings": {
         "pattern_pairs": {
            "https://*,*": {
               "media-stream": {
                  "audio": "Default",
                  "video": "Default"
               }
            }
         }
      },
      "default_content_setting_values": {
         "geolocation": 1
      },
      "default_content_settings": {
         "geolocation": 1,
         "mouselock": 1,
         "notifications": 1,
         "popups": 1,
         "ppapi-broker": 1
      },
      "password_manager_enabled": false
   },
   "safebrowsing": {
      "enabled": false
   },
   "search": {
      "suggest_enabled": false
   },
   "translate": {
      "enabled": false
   }
}
[1790943525.743][INFO]: Populating Local State file: {
   "background_mode": {
      "enabled": false
   },
   "ssl": {
      "rev_checking": {
         "enabled": false
      }
   }
}
[1790943525.743][INFO]: ChromeDriver supports communication with Chrome via pipes. This is more reliable and more secure.
[1790943525.743][INFO]: Use the --remote-debugging-pipe Chrome switch instead of the default --remote-debugging-port to enable this communication mode.
[1790943525.743][INFO]: Launching chrome: /opt/google/chrome/chrome --allow-pre-commit-input --bwsi --disable-background-networking --disable-background-timer-throttling --disable-backgrounding-occluded-windows --disable-client-side-phishing-detection --disable-default-apps --disable-extensions --disable-features=IgnoreDuplicateNavs,Prewarm --disable-hang-monitor --disable-popup-blocking --disable-prompt-on-repost --disable-sync --disable-translate --enable-automation --enable-logging --headless --ignore-certificate-errors --log-level=0 --no-default-browser-check --no-first-run --no-sandbox --no-service-autorun --password-store=basic --remote-debugging-port=0 --test-type=webdriver --use-mock-keychain --user-data-dir=/tmp/org.chromium.Chromium.scoped_dir.QgYGtW data:,
[1790943525.976][INFO]: resolved localhost to ["::1","127.0.0.1"]
[1790943526.066][INFO]: [7bef3cb6251a1439e0602fbeb1bb80ac] RESPONSE InitSession {
   "capabilities": {
      "acceptInsecureCerts": true,
      "browserName": "chrome",
      "browserVersion": "154.0.8037.97",
      "chrome": {
         "chromedriverVersion": "154.0.8037.92 (334b65d254ccc35df4fca82706d1753227b01039-refs/branch-heads/8037@{#1589})",
         "userDataDir": "/tmp/org.chromium.Chromium.scoped_dir.QgYGtW"
      },
      "fedcm:accounts": true,
      "goog:chromeOptions": {
         "debuggerAddress": "localhost:42491"
      },
      "goog:processID": 6597,
      "networkConnectionEnabled": false,
      "pageLoadStrategy": "normal",
      "platformName": "linux",
      "proxy": {
      },
      "setWindowRect": true,
      "strictFileInteractability": false,
      "timeouts": {
         "implicit": 0,
         "pageLoad": 300000,
         "script": 30000
      },
      "unhandledPromptBehavior": "dismiss and notify",
      "webauthn:extension:cmtgKey": true,
      "webauthn:extension:credBlob": true,
      "webauthn:extension:largeBlob": true,
      "webauthn:extension:minPinLength": true,
      "~~~": "..."
   },
   "sessionId": "7bef3cb6251a1439e0602fbeb1bb80ac"
}
[1790943526.093][INFO]: [7bef3cb6251a1439e0602fbeb1bb80ac] COMMAND GetWindow {
}
[1790943526.093][INFO]: [7bef3cb6251a1439e0602fbeb1bb80ac] RESPONSE GetWindow "CAF014F05F34058EECC072B68739F5CC"
[1790943526.097][INFO]: [7bef3cb6251a1439e0602fbeb1bb80ac] COMMAND SetWindowRect {
   "x": 0,
   "y": 0
}
[1790943526.097][INFO]: Waiting for pending navigations...
[1790943526.101][INFO]: Done waiting for pending navigations. Status: ok
[1790943526.112][INFO]: Waiting for pending navigations...
[1790943526.113][INFO]: Done waiting for pending navigations. Status: ok
[1790943526.113][INFO]: [7bef3cb6251a1439e0602fbeb1bb80ac] RESPONSE SetWindowRect {
   "height": 580,
   "width": 780,
   "x": 0,
   "y": 0
}
[1790943526.116][INFO]: [7bef3cb6251a1439e0602fbeb1bb80ac] COMMAND SetWindowRect {
   "height": 1024,
   "width": 1600
}
[1790943526.116][INFO]: Waiting for pending navigations...
[1790943526.116][INFO]: Done waiting for pending navigations. Status: ok
[1790943526.132][INFO]: Waiting for pending navigations...
[1790943526.133][INFO]: Done waiting for pending navigations. Status: ok
[1790943526.133][INFO]: [7bef3cb6251a1439e0602fbeb1bb80ac] RESPONSE SetWindowRect {
   "height": 1024,
   "width": 1600,
   "x": 0,
   "y": 0
}
[1790943528.415][INFO]: [7bef3cb6251a1439e0602fbeb1bb80ac] COMMAND Navigate {
   "url": "http://localhost:33093"
}
[1790943528.536][INFO]: Waiting for pending navigations...
[1790943528.536][INFO]: Done waiting for pending navigations. Status: ok
[1790943529.297][INFO]: Waiting for pending navigations...
[1790943535.355][INFO]: Done waiting for pending navigations. Status: ok
[1790943535.355][INFO]: [7bef3cb6251a1439e0602fbeb1bb80ac] RESPONSE Navigate
[1790943535.383][INFO]: [7bef3cb6251a1439e0602fbeb1bb80ac] COMMAND ExecuteScript {
   "args": [  ],
   "script": "return typeof(window.$flutterDriver)"
}
[1790943535.383][INFO]: Waiting for pending navigations...
[1790943535.384][INFO]: Done waiting for pending navigations. Status: ok
[1790943535.387][INFO]: Waiting for pending navigations...
[1790943535.388][INFO]: Done waiting for pending navigations. Status: ok
[1790943535.388][INFO]: [7bef3cb6251a1439e0602fbeb1bb80ac] RESPONSE ExecuteScript "undefined"
[1790943535.905][INFO]: [7bef3cb6251a1439e0602fbeb1bb80ac] COMMAND ExecuteScript {
   "args": [  ],
   "script": "return typeof(window.$flutterDriver)"
}
[1790943535.912][INFO]: Waiting for pending navigations...
[1790943536.086][INFO]: Done waiting for pending navigations. Status: ok
[1790943536.352][INFO]: Waiting for pending navigations...
[1790943536.362][INFO]: Done waiting for pending navigations. Status: ok
[1790943536.362][INFO]: [7bef3cb6251a1439e0602fbeb1bb80ac] RESPONSE ExecuteScript "function"
[1790943536.383][INFO]: [7bef3cb6251a1439e0602fbeb1bb80ac] COMMAND ExecuteScript {
   "args": [  ],
   "script": "return $flutterDriverResult"
}
[1790943536.384][INFO]: Waiting for pending navigations...
[1790943536.388][INFO]: Done waiting for pending navigations. Status: ok
[1790943536.392][INFO]: Waiting for pending navigations...
[1790943536.392][INFO]: Done waiting for pending navigations. Status: ok
[1790943536.392][INFO]: [7bef3cb6251a1439e0602fbeb1bb80ac] RESPONSE ExecuteScript null
[1790943536.395][INFO]: [7bef3cb6251a1439e0602fbeb1bb80ac] COMMAND ExecuteScript {
   "args": [  ],
   "script": "window.$flutterDriver('{\"command\":\"request_data\",\"message\":\"pending\"}')"
}
[1790943536.395][INFO]: Waiting for pending navigations...
[1790943536.395][INFO]: Done waiting for pending navigations. Status: ok
[1790943536.399][INFO]: Waiting for pending navigations...
[1790943536.401][INFO]: Done waiting for pending navigations. Status: ok
[1790943536.401][INFO]: [7bef3cb6251a1439e0602fbeb1bb80ac] RESPONSE ExecuteScript null
[1790943536.402][INFO]: [7bef3cb6251a1439e0602fbeb1bb80ac] COMMAND ExecuteScript {
   "args": [  ],
   "script": "return $flutterDriverResult"
}
[1790943536.402][INFO]: Waiting for pending navigations...
[1790943536.403][INFO]: Done waiting for pending navigations. Status: ok
[1790943536.406][INFO]: Waiting for pending navigations...
[1790943536.407][INFO]: Done waiting for pending navigations. Status: ok
[1790943536.407][INFO]: [7bef3cb6251a1439e0602fbeb1bb80ac] RESPONSE ExecuteScript null
[1790943536.910][INFO]: [7bef3cb6251a1439e0602fbeb1bb80ac] COMMAND ExecuteScript {
   "args": [  ],
   "script": "return $flutterDriverResult"
}
[1790943536.971][INFO]: Waiting for pending navigations...
[1790943537.602][INFO]: Done waiting for pending navigations. Status: ok
[1790943537.612][INFO]: Waiting for pending navigations...
[1790943537.613][INFO]: Done waiting for pending navigations. Status: ok
[1790943537.613][INFO]: [7bef3cb6251a1439e0602fbeb1bb80ac] RESPONSE ExecuteScript null
[1790943538.116][INFO]: [7bef3cb6251a1439e0602fbeb1bb80ac] COMMAND ExecuteScript {
   "args": [  ],
   "script": "return $flutterDriverResult"
}
[1790943538.116][INFO]: Waiting for pending navigations...
[1790943538.117][INFO]: Done waiting for pending navigations. Status: ok
[1790943538.119][INFO]: Waiting for pending navigations...
[1790943538.119][INFO]: Done waiting for pending navigations. Status: ok
[1790943538.119][INFO]: [7bef3cb6251a1439e0602fbeb1bb80ac] RESPONSE ExecuteScript null
[1790943538.621][INFO]: [7bef3cb6251a1439e0602fbeb1bb80ac] COMMAND ExecuteScript {
   "args": [  ],
   "script": "return $flutterDriverResult"
}
[1790943538.621][INFO]: Waiting for pending navigations...
[1790943538.622][INFO]: Done waiting for pending navigations. Status: ok
[1790943538.623][INFO]: Waiting for pending navigations...
[1790943538.624][INFO]: Done waiting for pending navigations. Status: ok
[1790943538.624][INFO]: [7bef3cb6251a1439e0602fbeb1bb80ac] RESPONSE ExecuteScript null
[1790943539.126][INFO]: [7bef3cb6251a1439e0602fbeb1bb80ac] COMMAND ExecuteScript {
   "args": [  ],
   "script": "return $flutterDriverResult"
}
[1790943539.127][INFO]: Waiting for pending navigations...
[1790943539.127][INFO]: Done waiting for pending navigations. Status: ok
[1790943539.129][INFO]: Waiting for pending navigations...
[1790943539.130][INFO]: Done waiting for pending navigations. Status: ok
[1790943539.130][INFO]: [7bef3cb6251a1439e0602fbeb1bb80ac] RESPONSE ExecuteScript null
[1790943539.632][INFO]: [7bef3cb6251a1439e0602fbeb1bb80ac] COMMAND ExecuteScript {
   "args": [  ],
   "script": "return $flutterDriverResult"
}
[1790943539.635][INFO]: Waiting for pending navigations...
[1790943539.635][INFO]: Done waiting for pending navigations. Status: ok
[1790943539.637][INFO]: Waiting for pending navigations...
[1790943539.637][INFO]: Done waiting for pending navigations. Status: ok
[1790943539.637][INFO]: [7bef3cb6251a1439e0602fbeb1bb80ac] RESPONSE ExecuteScript null
[1790943540.139][INFO]: [7bef3cb6251a1439e0602fbeb1bb80ac] COMMAND ExecuteScript {
   "args": [  ],
   "script": "return $flutterDriverResult"
}
[1790943540.141][INFO]: Waiting for pending navigations...
[1790943540.142][INFO]: Done waiting for pending navigations. Status: ok
[1790943540.143][INFO]: Waiting for pending navigations...
[1790943540.144][INFO]: Done waiting for pending navigations. Status: ok
[1790943540.144][INFO]: [7bef3cb6251a1439e0602fbeb1bb80ac] RESPONSE ExecuteScript null
[1790943540.646][INFO]: [7bef3cb6251a1439e0602fbeb1bb80ac] COMMAND ExecuteScript {
   "args": [  ],
   "script": "return $flutterDriverResult"
}
[1790943540.649][INFO]: Waiting for pending navigations...
[1790943540.817][INFO]: Done waiting for pending navigations. Status: ok
[1790943540.979][INFO]: Waiting for pending navigations...
[1790943540.981][INFO]: Done waiting for pending navigations. Status: ok
[1790943540.981][INFO]: [7bef3cb6251a1439e0602fbeb1bb80ac] RESPONSE ExecuteScript null
[1790943541.484][INFO]: [7bef3cb6251a1439e0602fbeb1bb80ac] COMMAND ExecuteScript {
   "args": [  ],
   "script": "return $flutterDriverResult"
}
[1790943541.486][INFO]: Waiting for pending navigations...
[1790943541.486][INFO]: Done waiting for pending navigations. Status: ok
[1790943541.488][INFO]: Waiting for pending navigations...
[1790943541.488][INFO]: Done waiting for pending navigations. Status: ok
[1790943541.488][INFO]: [7bef3cb6251a1439e0602fbeb1bb80ac] RESPONSE ExecuteScript null
[1790943541.991][INFO]: [7bef3cb6251a1439e0602fbeb1bb80ac] COMMAND ExecuteScript {
   "args": [  ],
   "script": "return $flutterDriverResult"
}
[1790943541.993][INFO]: Waiting for pending navigations...
[1790943542.057][INFO]: Done waiting for pending navigations. Status: ok
[1790943542.062][INFO]: Waiting for pending navigations...
[1790943542.063][INFO]: Done waiting for pending navigations. Status: ok
[1790943542.063][INFO]: [7bef3cb6251a1439e0602fbeb1bb80ac] RESPONSE ExecuteScript null
[1790943542.565][INFO]: [7bef3cb6251a1439e0602fbeb1bb80ac] COMMAND ExecuteScript {
   "args": [  ],
   "script": "return $flutterDriverResult"
}
[1790943542.567][INFO]: Waiting for pending navigations...
[1790943542.567][INFO]: Done waiting for pending navigations. Status: ok
[1790943542.569][INFO]: Waiting for pending navigations...
[1790943542.569][INFO]: Done waiting for pending navigations. Status: ok
[1790943542.569][INFO]: [7bef3cb6251a1439e0602fbeb1bb80ac] RESPONSE ExecuteScript null
[1790943543.072][INFO]: [7bef3cb6251a1439e0602fbeb1bb80ac] COMMAND ExecuteScript {
   "args": [  ],
   "script": "return $flutterDriverResult"
}
[1790943543.073][INFO]: Waiting for pending navigations...
[1790943543.141][INFO]: Done waiting for pending navigations. Status: ok
[1790943543.206][INFO]: Waiting for pending navigations...
[1790943543.234][INFO]: Done waiting for pending navigations. Status: ok
[1790943543.234][INFO]: [7bef3cb6251a1439e0602fbeb1bb80ac] RESPONSE ExecuteScript null
[1790943543.737][INFO]: [7bef3cb6251a1439e0602fbeb1bb80ac] COMMAND ExecuteScript {
   "args": [  ],
   "script": "return $flutterDriverResult"
}
[1790943543.738][INFO]: Waiting for pending navigations...
[1790943543.738][INFO]: Done waiting for pending navigations. Status: ok
[1790943543.740][INFO]: Waiting for pending navigations...
[1790943543.740][INFO]: Done waiting for pending navigations. Status: ok
[1790943543.740][INFO]: [7bef3cb6251a1439e0602fbeb1bb80ac] RESPONSE ExecuteScript "{\"isError\":false,\"response\":{\"message\":\"{\\\"result\\\":\\\"false\\\",\\\"failureDetails\\\":[],\\\"data\\\":{\\\"web_driver_command\\\":\\\"WebDriverCommandType.noop\\\"}}\"}}"
[1790943543.742][INFO]: [7bef3cb6251a1439e0602fbeb1bb80ac] COMMAND ExecuteScript {
   "args": [  ],
   "script": "$flutterDriverResult = null"
}
[1790943543.742][INFO]: Waiting for pending navigations...
[1790943543.743][INFO]: Done waiting for pending navigations. Status: ok
[1790943543.745][INFO]: Waiting for pending navigations...
[1790943543.745][INFO]: Done waiting for pending navigations. Status: ok
[1790943543.745][INFO]: [7bef3cb6251a1439e0602fbeb1bb80ac] RESPONSE ExecuteScript null
[1790943543.748][INFO]: [7bef3cb6251a1439e0602fbeb1bb80ac] COMMAND ExecuteScript {
   "args": [  ],
   "script": "return $flutterDriverResult"
}
[1790943543.748][INFO]: Waiting for pending navigations...
[1790943543.749][INFO]: Done waiting for pending navigations. Status: ok
[1790943543.750][INFO]: Waiting for pending navigations...
[1790943543.751][INFO]: Done waiting for pending navigations. Status: ok
[1790943543.751][INFO]: [7bef3cb6251a1439e0602fbeb1bb80ac] RESPONSE ExecuteScript null
[1790943543.752][INFO]: [7bef3cb6251a1439e0602fbeb1bb80ac] COMMAND ExecuteScript {
   "args": [  ],
   "script": "window.$flutterDriver('{\"command\":\"request_data\"}')"
}
[1790943543.752][INFO]: Waiting for pending navigations...
[1790943543.752][INFO]: Done waiting for pending navigations. Status: ok
[1790943543.754][INFO]: Waiting for pending navigations...
[1790943543.755][INFO]: Done waiting for pending navigations. Status: ok
[1790943543.755][INFO]: [7bef3cb6251a1439e0602fbeb1bb80ac] RESPONSE ExecuteScript null
[1790943543.756][INFO]: [7bef3cb6251a1439e0602fbeb1bb80ac] COMMAND ExecuteScript {
   "args": [  ],
   "script": "return $flutterDriverResult"
}
[1790943543.756][INFO]: Waiting for pending navigations...
[1790943543.756][INFO]: Done waiting for pending navigations. Status: ok
[1790943543.758][INFO]: Waiting for pending navigations...
[1790943543.759][INFO]: Done waiting for pending navigations. Status: ok
[1790943543.759][INFO]: [7bef3cb6251a1439e0602fbeb1bb80ac] RESPONSE ExecuteScript "{\"isError\":false,\"response\":{\"message\":\"{\\\"result\\\":\\\"true\\\",\\\"failureDetails\\\":[],\\\"data\\\":{\\\"e2e_executed\\\":[\\\"notifications_journey_test\\\"]}}\"}}"
[1790943543.760][INFO]: [7bef3cb6251a1439e0602fbeb1bb80ac] COMMAND ExecuteScript {
   "args": [  ],
   "script": "$flutterDriverResult = null"
}
[1790943543.760][INFO]: Waiting for pending navigations...
[1790943543.760][INFO]: Done waiting for pending navigations. Status: ok
[1790943543.762][INFO]: Waiting for pending navigations...
[1790943543.762][INFO]: Done waiting for pending navigations. Status: ok
[1790943543.762][INFO]: [7bef3cb6251a1439e0602fbeb1bb80ac] RESPONSE ExecuteScript null
[1790943543.788][INFO]: [7bef3cb6251a1439e0602fbeb1bb80ac] COMMAND Quit {
}
[1790943543.839][INFO]: [7bef3cb6251a1439e0602fbeb1bb80ac] RESPONSE Quit
[1790943616.493][INFO]: [d7a79754f9cf62cd64d61b008a5eade8] COMMAND InitSession {
   "capabilities": {
      "alwaysMatch": {
         "acceptInsecureCerts": true,
         "browserName": "chrome",
         "goog:chromeOptions": {
            "args": [ "--bwsi", "--disable-background-timer-throttling", "--disable-default-apps", "--disable-extensions", "--disable-popup-blocking", "--disable-translate", "--no-default-browser-check", "--no-sandbox", "--no-first-run", "--headless" ],
            "perfLoggingPrefs": {
               "traceCategories": "devtools.timeline,v8,blink.console,benchmark,blink,blink.user_timing"
            },
            "w3c": true
         },
         "goog:loggingPrefs": {
            "browser": "INFO",
            "performance": "ALL"
         }
      }
   },
   "desiredCapabilities": {
      "acceptInsecureCerts": true,
      "browserName": "chrome",
      "goog:chromeOptions": {
         "args": [ "--bwsi", "--disable-background-timer-throttling", "--disable-default-apps", "--disable-extensions", "--disable-popup-blocking", "--disable-translate", "--no-default-browser-check", "--no-sandbox", "--no-first-run", "--headless" ],
         "perfLoggingPrefs": {
            "traceCategories": "devtools.timeline,v8,blink.console,benchmark,blink,blink.user_timing"
         },
         "w3c": true
      },
      "goog:loggingPrefs": {
         "browser": "INFO",
         "performance": "ALL"
      }
   }
}
[1790943616.493][INFO]: Browser search. Trying... /opt/hostedtoolcache/setup-chrome/chromedriver/stable/x64/chrome
[1790943616.493][INFO]: Browser search. Trying... /opt/hostedtoolcache/setup-chrome/chromedriver/stable/x64/chrome
[1790943616.493][INFO]: Browser search. Trying... /opt/hostedtoolcache/setup-chrome/chromedriver/stable/x64/google-chrome
[1790943616.493][INFO]: Browser search. Trying... /opt/hostedtoolcache/setup-chrome/chromedriver/stable/x64/chromium
[1790943616.493][INFO]: Browser search. Trying... /opt/hostedtoolcache/setup-chrome/chromedriver/stable/x64/chromium-browser
[1790943616.494][INFO]: Browser search. Trying... /usr/local/sbin/chrome
[1790943616.494][INFO]: Browser search. Trying... /usr/local/bin/chrome
[1790943616.494][INFO]: Browser search. Trying... /usr/sbin/chrome
[1790943616.494][INFO]: Browser search. Trying... /usr/bin/chrome
[1790943616.494][INFO]: Browser search. Trying... /sbin/chrome
[1790943616.494][INFO]: Browser search. Trying... /bin/chrome
[1790943616.494][INFO]: Browser search. Trying... /opt/google/chrome/chrome
[1790943616.494][INFO]: Browser search. Found at  /opt/google/chrome/chrome
[1790943616.494][INFO]: Populating Preferences file: {
   "alternate_error_pages": {
      "enabled": false
   },
   "autofill": {
      "enabled": false
   },
   "browser": {
      "check_default_browser": false
   },
   "distribution": {
      "import_bookmarks": false,
      "import_history": false,
      "import_search_engine": false,
      "make_chrome_default_for_user": false,
      "skip_first_run_ui": true
   },
   "dns_prefetching": {
      "enabled": false
   },
   "profile": {
      "content_settings": {
         "pattern_pairs": {
            "https://*,*": {
               "media-stream": {
                  "audio": "Default",
                  "video": "Default"
               }
            }
         }
      },
      "default_content_setting_values": {
         "geolocation": 1
      },
      "default_content_settings": {
         "geolocation": 1,
         "mouselock": 1,
         "notifications": 1,
         "popups": 1,
         "ppapi-broker": 1
      },
      "password_manager_enabled": false
   },
   "safebrowsing": {
      "enabled": false
   },
   "search": {
      "suggest_enabled": false
   },
   "translate": {
      "enabled": false
   }
}
[1790943616.494][INFO]: Populating Local State file: {
   "background_mode": {
      "enabled": false
   },
   "ssl": {
      "rev_checking": {
         "enabled": false
      }
   }
}
[1790943616.494][INFO]: ChromeDriver supports communication with Chrome via pipes. This is more reliable and more secure.
[1790943616.494][INFO]: Use the --remote-debugging-pipe Chrome switch instead of the default --remote-debugging-port to enable this communication mode.
[1790943616.494][INFO]: Launching chrome: /opt/google/chrome/chrome --allow-pre-commit-input --bwsi --disable-background-networking --disable-background-timer-throttling --disable-backgrounding-occluded-windows --disable-client-side-phishing-detection --disable-default-apps --disable-extensions --disable-features=IgnoreDuplicateNavs,Prewarm --disable-hang-monitor --disable-popup-blocking --disable-prompt-on-repost --disable-sync --disable-translate --enable-automation --enable-logging --headless --ignore-certificate-errors --log-level=0 --no-default-browser-check --no-first-run --no-sandbox --no-service-autorun --password-store=basic --remote-debugging-port=0 --test-type=webdriver --use-mock-keychain --user-data-dir=/tmp/org.chromium.Chromium.scoped_dir.9guIIs data:,
[1790943616.716][INFO]: resolved localhost to ["::1","127.0.0.1"]
[1790943616.795][INFO]: [d7a79754f9cf62cd64d61b008a5eade8] RESPONSE InitSession {
   "capabilities": {
      "acceptInsecureCerts": true,
      "browserName": "chrome",
      "browserVersion": "154.0.8037.97",
      "chrome": {
         "chromedriverVersion": "154.0.8037.92 (334b65d254ccc35df4fca82706d1753227b01039-refs/branch-heads/8037@{#1589})",
         "userDataDir": "/tmp/org.chromium.Chromium.scoped_dir.9guIIs"
      },
      "fedcm:accounts": true,
      "goog:chromeOptions": {
         "debuggerAddress": "localhost:34385"
      },
      "goog:processID": 6872,
      "networkConnectionEnabled": false,
      "pageLoadStrategy": "normal",
      "platformName": "linux",
      "proxy": {
      },
      "setWindowRect": true,
      "strictFileInteractability": false,
      "timeouts": {
         "implicit": 0,
         "pageLoad": 300000,
         "script": 30000
      },
      "unhandledPromptBehavior": "dismiss and notify",
      "webauthn:extension:cmtgKey": true,
      "webauthn:extension:credBlob": true,
      "webauthn:extension:largeBlob": true,
      "webauthn:extension:minPinLength": true,
      "~~~": "..."
   },
   "sessionId": "d7a79754f9cf62cd64d61b008a5eade8"
}
[1790943616.814][INFO]: [d7a79754f9cf62cd64d61b008a5eade8] COMMAND GetWindow {
}
[1790943616.814][INFO]: [d7a79754f9cf62cd64d61b008a5eade8] RESPONSE GetWindow "BE042CD514488775645AB6AEB6D25EC9"
[1790943616.817][INFO]: [d7a79754f9cf62cd64d61b008a5eade8] COMMAND SetWindowRect {
   "x": 0,
   "y": 0
}
[1790943616.817][INFO]: Waiting for pending navigations...
[1790943616.821][INFO]: Done waiting for pending navigations. Status: ok
[1790943616.832][INFO]: Waiting for pending navigations...
[1790943616.835][INFO]: Done waiting for pending navigations. Status: ok
[1790943616.835][INFO]: [d7a79754f9cf62cd64d61b008a5eade8] RESPONSE SetWindowRect {
   "height": 580,
   "width": 780,
   "x": 0,
   "y": 0
}
[1790943616.837][INFO]: [d7a79754f9cf62cd64d61b008a5eade8] COMMAND SetWindowRect {
   "height": 1024,
   "width": 1600
}
[1790943616.837][INFO]: Waiting for pending navigations...
[1790943616.838][INFO]: Done waiting for pending navigations. Status: ok
[1790943616.852][INFO]: Waiting for pending navigations...
[1790943616.852][INFO]: Done waiting for pending navigations. Status: ok
[1790943616.852][INFO]: [d7a79754f9cf62cd64d61b008a5eade8] RESPONSE SetWindowRect {
   "height": 1024,
   "width": 1600,
   "x": 0,
   "y": 0
}
[1790943619.218][INFO]: [d7a79754f9cf62cd64d61b008a5eade8] COMMAND Navigate {
   "url": "http://localhost:36229"
}
[1790943619.343][INFO]: Waiting for pending navigations...
[1790943619.344][INFO]: Done waiting for pending navigations. Status: ok
[1790943620.113][INFO]: Waiting for pending navigations...
[1790943626.151][INFO]: Done waiting for pending navigations. Status: ok
[1790943626.151][INFO]: [d7a79754f9cf62cd64d61b008a5eade8] RESPONSE Navigate
[1790943626.196][INFO]: [d7a79754f9cf62cd64d61b008a5eade8] COMMAND ExecuteScript {
   "args": [  ],
   "script": "return typeof(window.$flutterDriver)"
}
[1790943626.197][INFO]: Waiting for pending navigations...
[1790943626.197][INFO]: Done waiting for pending navigations. Status: ok
[1790943626.200][INFO]: Waiting for pending navigations...
[1790943626.200][INFO]: Done waiting for pending navigations. Status: ok
[1790943626.200][INFO]: [d7a79754f9cf62cd64d61b008a5eade8] RESPONSE ExecuteScript "undefined"
[1790943626.720][INFO]: [d7a79754f9cf62cd64d61b008a5eade8] COMMAND ExecuteScript {
   "args": [  ],
   "script": "return typeof(window.$flutterDriver)"
}
[1790943626.732][INFO]: Waiting for pending navigations...
[1790943626.902][INFO]: Done waiting for pending navigations. Status: ok
[1790943627.129][INFO]: Waiting for pending navigations...
[1790943627.151][INFO]: Done waiting for pending navigations. Status: ok
[1790943627.151][INFO]: [d7a79754f9cf62cd64d61b008a5eade8] RESPONSE ExecuteScript "function"
[1790943627.170][INFO]: [d7a79754f9cf62cd64d61b008a5eade8] COMMAND ExecuteScript {
   "args": [  ],
   "script": "return $flutterDriverResult"
}
[1790943627.171][INFO]: Waiting for pending navigations...
[1790943627.172][INFO]: Done waiting for pending navigations. Status: ok
[1790943627.203][INFO]: Waiting for pending navigations...
[1790943627.206][INFO]: Done waiting for pending navigations. Status: ok
[1790943627.206][INFO]: [d7a79754f9cf62cd64d61b008a5eade8] RESPONSE ExecuteScript null
[1790943627.208][INFO]: [d7a79754f9cf62cd64d61b008a5eade8] COMMAND ExecuteScript {
   "args": [  ],
   "script": "window.$flutterDriver('{\"command\":\"request_data\",\"message\":\"pending\"}')"
}
[1790943627.208][INFO]: Waiting for pending navigations...
[1790943627.209][INFO]: Done waiting for pending navigations. Status: ok
[1790943627.212][INFO]: Waiting for pending navigations...
[1790943627.213][INFO]: Done waiting for pending navigations. Status: ok
[1790943627.213][INFO]: [d7a79754f9cf62cd64d61b008a5eade8] RESPONSE ExecuteScript null
[1790943627.214][INFO]: [d7a79754f9cf62cd64d61b008a5eade8] COMMAND ExecuteScript {
   "args": [  ],
   "script": "return $flutterDriverResult"
}
[1790943627.214][INFO]: Waiting for pending navigations...
[1790943627.215][INFO]: Done waiting for pending navigations. Status: ok
[1790943627.216][INFO]: Waiting for pending navigations...
[1790943627.217][INFO]: Done waiting for pending navigations. Status: ok
[1790943627.217][INFO]: [d7a79754f9cf62cd64d61b008a5eade8] RESPONSE ExecuteScript null
[1790943627.719][INFO]: [d7a79754f9cf62cd64d61b008a5eade8] COMMAND ExecuteScript {
   "args": [  ],
   "script": "return $flutterDriverResult"
}
[1790943627.721][INFO]: Waiting for pending navigations...
[1790943627.721][INFO]: Done waiting for pending navigations. Status: ok
[1790943627.723][INFO]: Waiting for pending navigations...
[1790943627.724][INFO]: Done waiting for pending navigations. Status: ok
[1790943627.724][INFO]: [d7a79754f9cf62cd64d61b008a5eade8] RESPONSE ExecuteScript "{\"isError\":false,\"response\":{\"message\":\"{\\\"result\\\":\\\"false\\\",\\\"failureDetails\\\":[],\\\"data\\\":{\\\"web_driver_command\\\":\\\"WebDriverCommandType.noop\\\"}}\"}}"
[1790943627.726][INFO]: [d7a79754f9cf62cd64d61b008a5eade8] COMMAND ExecuteScript {
   "args": [  ],
   "script": "$flutterDriverResult = null"
}
[1790943627.726][INFO]: Waiting for pending navigations...
[1790943627.726][INFO]: Done waiting for pending navigations. Status: ok
[1790943627.728][INFO]: Waiting for pending navigations...
[1790943627.728][INFO]: Done waiting for pending navigations. Status: ok
[1790943627.728][INFO]: [d7a79754f9cf62cd64d61b008a5eade8] RESPONSE ExecuteScript null
[1790943627.732][INFO]: [d7a79754f9cf62cd64d61b008a5eade8] COMMAND ExecuteScript {
   "args": [  ],
   "script": "return $flutterDriverResult"
}
[1790943627.732][INFO]: Waiting for pending navigations...
[1790943627.732][INFO]: Done waiting for pending navigations. Status: ok
[1790943627.734][INFO]: Waiting for pending navigations...
[1790943627.734][INFO]: Done waiting for pending navigations. Status: ok
[1790943627.734][INFO]: [d7a79754f9cf62cd64d61b008a5eade8] RESPONSE ExecuteScript null
[1790943627.735][INFO]: [d7a79754f9cf62cd64d61b008a5eade8] COMMAND ExecuteScript {
   "args": [  ],
   "script": "window.$flutterDriver('{\"command\":\"request_data\"}')"
}
[1790943627.735][INFO]: Waiting for pending navigations...
[1790943627.735][INFO]: Done waiting for pending navigations. Status: ok
[1790943627.738][INFO]: Waiting for pending navigations...
[1790943627.738][INFO]: Done waiting for pending navigations. Status: ok
[1790943627.738][INFO]: [d7a79754f9cf62cd64d61b008a5eade8] RESPONSE ExecuteScript null
[1790943627.739][INFO]: [d7a79754f9cf62cd64d61b008a5eade8] COMMAND ExecuteScript {
   "args": [  ],
   "script": "return $flutterDriverResult"
}
[1790943627.739][INFO]: Waiting for pending navigations...
[1790943627.740][INFO]: Done waiting for pending navigations. Status: ok
[1790943627.741][INFO]: Waiting for pending navigations...
[1790943627.742][INFO]: Done waiting for pending navigations. Status: ok
[1790943627.742][INFO]: [d7a79754f9cf62cd64d61b008a5eade8] RESPONSE ExecuteScript "{\"isError\":false,\"response\":{\"message\":\"{\\\"result\\\":\\\"true\\\",\\\"failureDetails\\\":[],\\\"data\\\":{\\\"e2e_skipped\\\":[\\\"offline_sync_journey_test.dart: Android-only per Doc 15 §1 (platform limitation, not..."
[1790943627.743][INFO]: [d7a79754f9cf62cd64d61b008a5eade8] COMMAND ExecuteScript {
   "args": [  ],
   "script": "$flutterDriverResult = null"
}
[1790943627.743][INFO]: Waiting for pending navigations...
[1790943627.744][INFO]: Done waiting for pending navigations. Status: ok
[1790943627.745][INFO]: Waiting for pending navigations...
[1790943627.745][INFO]: Done waiting for pending navigations. Status: ok
[1790943627.745][INFO]: [d7a79754f9cf62cd64d61b008a5eade8] RESPONSE ExecuteScript null
[1790943627.772][INFO]: [d7a79754f9cf62cd64d61b008a5eade8] COMMAND Quit {
}
[1790943627.822][INFO]: [d7a79754f9cf62cd64d61b008a5eade8] RESPONSE Quit
[1790943700.968][INFO]: [aa86a0531c08adeb55247b10a0433b1e] COMMAND InitSession {
   "capabilities": {
      "alwaysMatch": {
         "acceptInsecureCerts": true,
         "browserName": "chrome",
         "goog:chromeOptions": {
            "args": [ "--bwsi", "--disable-background-timer-throttling", "--disable-default-apps", "--disable-extensions", "--disable-popup-blocking", "--disable-translate", "--no-default-browser-check", "--no-sandbox", "--no-first-run", "--headless" ],
            "perfLoggingPrefs": {
               "traceCategories": "devtools.timeline,v8,blink.console,benchmark,blink,blink.user_timing"
            },
            "w3c": true
         },
         "goog:loggingPrefs": {
            "browser": "INFO",
            "performance": "ALL"
         }
      }
   },
   "desiredCapabilities": {
      "acceptInsecureCerts": true,
      "browserName": "chrome",
      "goog:chromeOptions": {
         "args": [ "--bwsi", "--disable-background-timer-throttling", "--disable-default-apps", "--disable-extensions", "--disable-popup-blocking", "--disable-translate", "--no-default-browser-check", "--no-sandbox", "--no-first-run", "--headless" ],
         "perfLoggingPrefs": {
            "traceCategories": "devtools.timeline,v8,blink.console,benchmark,blink,blink.user_timing"
         },
         "w3c": true
      },
      "goog:loggingPrefs": {
         "browser": "INFO",
         "performance": "ALL"
      }
   }
}
[1790943700.968][INFO]: Browser search. Trying... /opt/hostedtoolcache/setup-chrome/chromedriver/stable/x64/chrome
[1790943700.968][INFO]: Browser search. Trying... /opt/hostedtoolcache/setup-chrome/chromedriver/stable/x64/chrome
[1790943700.968][INFO]: Browser search. Trying... /opt/hostedtoolcache/setup-chrome/chromedriver/stable/x64/google-chrome
[1790943700.968][INFO]: Browser search. Trying... /opt/hostedtoolcache/setup-chrome/chromedriver/stable/x64/chromium
[1790943700.968][INFO]: Browser search. Trying... /opt/hostedtoolcache/setup-chrome/chromedriver/stable/x64/chromium-browser
[1790943700.968][INFO]: Browser search. Trying... /usr/local/sbin/chrome
[1790943700.968][INFO]: Browser search. Trying... /usr/local/bin/chrome
[1790943700.968][INFO]: Browser search. Trying... /usr/sbin/chrome
[1790943700.968][INFO]: Browser search. Trying... /usr/bin/chrome
[1790943700.968][INFO]: Browser search. Trying... /sbin/chrome
[1790943700.968][INFO]: Browser search. Trying... /bin/chrome
[1790943700.968][INFO]: Browser search. Trying... /opt/google/chrome/chrome
[1790943700.968][INFO]: Browser search. Found at  /opt/google/chrome/chrome
[1790943700.968][INFO]: Populating Preferences file: {
   "alternate_error_pages": {
      "enabled": false
   },
   "autofill": {
      "enabled": false
   },
   "browser": {
      "check_default_browser": false
   },
   "distribution": {
      "import_bookmarks": false,
      "import_history": false,
      "import_search_engine": false,
      "make_chrome_default_for_user": false,
      "skip_first_run_ui": true
   },
   "dns_prefetching": {
      "enabled": false
   },
   "profile": {
      "content_settings": {
         "pattern_pairs": {
            "https://*,*": {
               "media-stream": {
                  "audio": "Default",
                  "video": "Default"
               }
            }
         }
      },
      "default_content_setting_values": {
         "geolocation": 1
      },
      "default_content_settings": {
         "geolocation": 1,
         "mouselock": 1,
         "notifications": 1,
         "popups": 1,
         "ppapi-broker": 1
      },
      "password_manager_enabled": false
   },
   "safebrowsing": {
      "enabled": false
   },
   "search": {
      "suggest_enabled": false
   },
   "translate": {
      "enabled": false
   }
}
[1790943700.968][INFO]: Populating Local State file: {
   "background_mode": {
      "enabled": false
   },
   "ssl": {
      "rev_checking": {
         "enabled": false
      }
   }
}
[1790943700.968][INFO]: ChromeDriver supports communication with Chrome via pipes. This is more reliable and more secure.
[1790943700.968][INFO]: Use the --remote-debugging-pipe Chrome switch instead of the default --remote-debugging-port to enable this communication mode.
[1790943700.968][INFO]: Launching chrome: /opt/google/chrome/chrome --allow-pre-commit-input --bwsi --disable-background-networking --disable-background-timer-throttling --disable-backgrounding-occluded-windows --disable-client-side-phishing-detection --disable-default-apps --disable-extensions --disable-features=IgnoreDuplicateNavs,Prewarm --disable-hang-monitor --disable-popup-blocking --disable-prompt-on-repost --disable-sync --disable-translate --enable-automation --enable-logging --headless --ignore-certificate-errors --log-level=0 --no-default-browser-check --no-first-run --no-sandbox --no-service-autorun --password-store=basic --remote-debugging-port=0 --test-type=webdriver --use-mock-keychain --user-data-dir=/tmp/org.chromium.Chromium.scoped_dir.mvPcq4 data:,
[1790943701.175][INFO]: resolved localhost to ["::1","127.0.0.1"]
[1790943701.247][INFO]: [aa86a0531c08adeb55247b10a0433b1e] RESPONSE InitSession {
   "capabilities": {
      "acceptInsecureCerts": true,
      "browserName": "chrome",
      "browserVersion": "154.0.8037.97",
      "chrome": {
         "chromedriverVersion": "154.0.8037.92 (334b65d254ccc35df4fca82706d1753227b01039-refs/branch-heads/8037@{#1589})",
         "userDataDir": "/tmp/org.chromium.Chromium.scoped_dir.mvPcq4"
      },
      "fedcm:accounts": true,
      "goog:chromeOptions": {
         "debuggerAddress": "localhost:39095"
      },
      "goog:processID": 7121,
      "networkConnectionEnabled": false,
      "pageLoadStrategy": "normal",
      "platformName": "linux",
      "proxy": {
      },
      "setWindowRect": true,
      "strictFileInteractability": false,
      "timeouts": {
         "implicit": 0,
         "pageLoad": 300000,
         "script": 30000
      },
      "unhandledPromptBehavior": "dismiss and notify",
      "webauthn:extension:cmtgKey": true,
      "webauthn:extension:credBlob": true,
      "webauthn:extension:largeBlob": true,
      "webauthn:extension:minPinLength": true,
      "~~~": "..."
   },
   "sessionId": "aa86a0531c08adeb55247b10a0433b1e"
}
[1790943701.271][INFO]: [aa86a0531c08adeb55247b10a0433b1e] COMMAND GetWindow {
}
[1790943701.271][INFO]: [aa86a0531c08adeb55247b10a0433b1e] RESPONSE GetWindow "C4170FA487BCA4438814EC8D03E58F1A"
[1790943701.276][INFO]: [aa86a0531c08adeb55247b10a0433b1e] COMMAND SetWindowRect {
   "x": 0,
   "y": 0
}
[1790943701.276][INFO]: Waiting for pending navigations...
[1790943701.284][INFO]: Done waiting for pending navigations. Status: ok
[1790943701.295][INFO]: Waiting for pending navigations...
[1790943701.297][INFO]: Done waiting for pending navigations. Status: ok
[1790943701.297][INFO]: [aa86a0531c08adeb55247b10a0433b1e] RESPONSE SetWindowRect {
   "height": 580,
   "width": 780,
   "x": 0,
   "y": 0
}
[1790943701.299][INFO]: [aa86a0531c08adeb55247b10a0433b1e] COMMAND SetWindowRect {
   "height": 1024,
   "width": 1600
}
[1790943701.299][INFO]: Waiting for pending navigations...
[1790943701.300][INFO]: Done waiting for pending navigations. Status: ok
[1790943701.316][INFO]: Waiting for pending navigations...
[1790943701.317][INFO]: Done waiting for pending navigations. Status: ok
[1790943701.317][INFO]: [aa86a0531c08adeb55247b10a0433b1e] RESPONSE SetWindowRect {
   "height": 1024,
   "width": 1600,
   "x": 0,
   "y": 0
}
[1790943703.704][INFO]: [aa86a0531c08adeb55247b10a0433b1e] COMMAND Navigate {
   "url": "http://localhost:37367"
}
[1790943703.826][INFO]: Waiting for pending navigations...
[1790943703.827][INFO]: Done waiting for pending navigations. Status: ok
[1790943704.601][INFO]: Waiting for pending navigations...
[1790943710.581][INFO]: Done waiting for pending navigations. Status: ok
[1790943710.581][INFO]: [aa86a0531c08adeb55247b10a0433b1e] RESPONSE Navigate
[1790943710.628][INFO]: [aa86a0531c08adeb55247b10a0433b1e] COMMAND ExecuteScript {
   "args": [  ],
   "script": "return typeof(window.$flutterDriver)"
}
[1790943710.628][INFO]: Waiting for pending navigations...
[1790943710.629][INFO]: Done waiting for pending navigations. Status: ok
[1790943710.631][INFO]: Waiting for pending navigations...
[1790943710.632][INFO]: Done waiting for pending navigations. Status: ok
[1790943710.632][INFO]: [aa86a0531c08adeb55247b10a0433b1e] RESPONSE ExecuteScript "undefined"
[1790943711.149][INFO]: [aa86a0531c08adeb55247b10a0433b1e] COMMAND ExecuteScript {
   "args": [  ],
   "script": "return typeof(window.$flutterDriver)"
}
[1790943711.158][INFO]: Waiting for pending navigations...
[1790943711.359][INFO]: Done waiting for pending navigations. Status: ok
[1790943711.634][INFO]: Waiting for pending navigations...
[1790943711.636][INFO]: Done waiting for pending navigations. Status: ok
[1790943711.636][INFO]: [aa86a0531c08adeb55247b10a0433b1e] RESPONSE ExecuteScript "function"
[1790943711.658][INFO]: [aa86a0531c08adeb55247b10a0433b1e] COMMAND ExecuteScript {
   "args": [  ],
   "script": "return $flutterDriverResult"
}
[1790943711.659][INFO]: Waiting for pending navigations...
[1790943711.667][INFO]: Done waiting for pending navigations. Status: ok
[1790943711.680][INFO]: Waiting for pending navigations...
[1790943711.680][INFO]: Done waiting for pending navigations. Status: ok
[1790943711.680][INFO]: [aa86a0531c08adeb55247b10a0433b1e] RESPONSE ExecuteScript null
[1790943711.684][INFO]: [aa86a0531c08adeb55247b10a0433b1e] COMMAND ExecuteScript {
   "args": [  ],
   "script": "window.$flutterDriver('{\"command\":\"request_data\",\"message\":\"pending\"}')"
}
[1790943711.684][INFO]: Waiting for pending navigations...
[1790943711.685][INFO]: Done waiting for pending navigations. Status: ok
[1790943711.690][INFO]: Waiting for pending navigations...
[1790943711.692][INFO]: Done waiting for pending navigations. Status: ok
[1790943711.692][INFO]: [aa86a0531c08adeb55247b10a0433b1e] RESPONSE ExecuteScript null
[1790943711.694][INFO]: [aa86a0531c08adeb55247b10a0433b1e] COMMAND ExecuteScript {
   "args": [  ],
   "script": "return $flutterDriverResult"
}
[1790943711.694][INFO]: Waiting for pending navigations...
[1790943711.695][INFO]: Done waiting for pending navigations. Status: ok
[1790943711.697][INFO]: Waiting for pending navigations...
[1790943711.719][INFO]: Done waiting for pending navigations. Status: ok
[1790943711.719][INFO]: [aa86a0531c08adeb55247b10a0433b1e] RESPONSE ExecuteScript null
[1790943712.222][INFO]: [aa86a0531c08adeb55247b10a0433b1e] COMMAND ExecuteScript {
   "args": [  ],
   "script": "return $flutterDriverResult"
}
[1790943712.274][INFO]: Waiting for pending navigations...
[1790943712.917][INFO]: Done waiting for pending navigations. Status: ok
[1790943712.925][INFO]: Waiting for pending navigations...
[1790943712.925][INFO]: Done waiting for pending navigations. Status: ok
[1790943712.925][INFO]: [aa86a0531c08adeb55247b10a0433b1e] RESPONSE ExecuteScript null
[1790943713.428][INFO]: [aa86a0531c08adeb55247b10a0433b1e] COMMAND ExecuteScript {
   "args": [  ],
   "script": "return $flutterDriverResult"
}
[1790943713.428][INFO]: Waiting for pending navigations...
[1790943713.429][INFO]: Done waiting for pending navigations. Status: ok
[1790943713.431][INFO]: Waiting for pending navigations...
[1790943713.431][INFO]: Done waiting for pending navigations. Status: ok
[1790943713.431][INFO]: [aa86a0531c08adeb55247b10a0433b1e] RESPONSE ExecuteScript null
[1790943713.933][INFO]: [aa86a0531c08adeb55247b10a0433b1e] COMMAND ExecuteScript {
   "args": [  ],
   "script": "return $flutterDriverResult"
}
[1790943713.934][INFO]: Waiting for pending navigations...
[1790943713.934][INFO]: Done waiting for pending navigations. Status: ok
[1790943713.936][INFO]: Waiting for pending navigations...
[1790943713.936][INFO]: Done waiting for pending navigations. Status: ok
[1790943713.936][INFO]: [aa86a0531c08adeb55247b10a0433b1e] RESPONSE ExecuteScript null
[1790943714.439][INFO]: [aa86a0531c08adeb55247b10a0433b1e] COMMAND ExecuteScript {
   "args": [  ],
   "script": "return $flutterDriverResult"
}
[1790943714.440][INFO]: Waiting for pending navigations...
[1790943714.440][INFO]: Done waiting for pending navigations. Status: ok
[1790943714.442][INFO]: Waiting for pending navigations...
[1790943714.442][INFO]: Done waiting for pending navigations. Status: ok
[1790943714.442][INFO]: [aa86a0531c08adeb55247b10a0433b1e] RESPONSE ExecuteScript null
[1790943714.945][INFO]: [aa86a0531c08adeb55247b10a0433b1e] COMMAND ExecuteScript {
   "args": [  ],
   "script": "return $flutterDriverResult"
}
[1790943714.946][INFO]: Waiting for pending navigations...
[1790943714.946][INFO]: Done waiting for pending navigations. Status: ok
[1790943714.948][INFO]: Waiting for pending navigations...
[1790943714.948][INFO]: Done waiting for pending navigations. Status: ok
[1790943714.948][INFO]: [aa86a0531c08adeb55247b10a0433b1e] RESPONSE ExecuteScript null
[1790943715.450][INFO]: [aa86a0531c08adeb55247b10a0433b1e] COMMAND ExecuteScript {
   "args": [  ],
   "script": "return $flutterDriverResult"
}
[1790943715.453][INFO]: Waiting for pending navigations...
[1790943715.472][INFO]: Done waiting for pending navigations. Status: ok
[1790943715.474][INFO]: Waiting for pending navigations...
[1790943715.475][INFO]: Done waiting for pending navigations. Status: ok
[1790943715.475][INFO]: [aa86a0531c08adeb55247b10a0433b1e] RESPONSE ExecuteScript null
[1790943715.977][INFO]: [aa86a0531c08adeb55247b10a0433b1e] COMMAND ExecuteScript {
   "args": [  ],
   "script": "return $flutterDriverResult"
}
[1790943715.978][INFO]: Waiting for pending navigations...
[1790943715.978][INFO]: Done waiting for pending navigations. Status: ok
[1790943715.980][INFO]: Waiting for pending navigations...
[1790943715.980][INFO]: Done waiting for pending navigations. Status: ok
[1790943715.980][INFO]: [aa86a0531c08adeb55247b10a0433b1e] RESPONSE ExecuteScript null
[1790943716.483][INFO]: [aa86a0531c08adeb55247b10a0433b1e] COMMAND ExecuteScript {
   "args": [  ],
   "script": "return $flutterDriverResult"
}
[1790943716.484][INFO]: Waiting for pending navigations...
[1790943716.514][INFO]: Done waiting for pending navigations. Status: ok
[1790943717.211][INFO]: Waiting for pending navigations...
[1790943717.213][INFO]: Done waiting for pending navigations. Status: ok
[1790943717.213][INFO]: [aa86a0531c08adeb55247b10a0433b1e] RESPONSE ExecuteScript null
[1790943717.718][INFO]: [aa86a0531c08adeb55247b10a0433b1e] COMMAND ExecuteScript {
   "args": [  ],
   "script": "return $flutterDriverResult"
}
[1790943717.720][INFO]: Waiting for pending navigations...
[1790943717.721][INFO]: Done waiting for pending navigations. Status: ok
[1790943717.723][INFO]: Waiting for pending navigations...
[1790943717.723][INFO]: Done waiting for pending navigations. Status: ok
[1790943717.723][INFO]: [aa86a0531c08adeb55247b10a0433b1e] RESPONSE ExecuteScript null
[1790943718.225][INFO]: [aa86a0531c08adeb55247b10a0433b1e] COMMAND ExecuteScript {
   "args": [  ],
   "script": "return $flutterDriverResult"
}
[1790943718.226][INFO]: Waiting for pending navigations...
[1790943718.320][INFO]: Done waiting for pending navigations. Status: ok
[1790943718.652][INFO]: Waiting for pending navigations...
[1790943718.887][INFO]: Done waiting for pending navigations. Status: ok
[1790943718.887][INFO]: [aa86a0531c08adeb55247b10a0433b1e] RESPONSE ExecuteScript null
[1790943719.391][INFO]: [aa86a0531c08adeb55247b10a0433b1e] COMMAND ExecuteScript {
   "args": [  ],
   "script": "return $flutterDriverResult"
}
[1790943719.394][INFO]: Waiting for pending navigations...
[1790943719.455][INFO]: Done waiting for pending navigations. Status: ok
[1790943719.912][INFO]: Waiting for pending navigations...
[1790943719.965][INFO]: Done waiting for pending navigations. Status: ok
[1790943719.965][INFO]: [aa86a0531c08adeb55247b10a0433b1e] RESPONSE ExecuteScript null
[1790943720.468][INFO]: [aa86a0531c08adeb55247b10a0433b1e] COMMAND ExecuteScript {
   "args": [  ],
   "script": "return $flutterDriverResult"
}
[1790943720.472][INFO]: Waiting for pending navigations...
[1790943720.685][INFO]: Done waiting for pending navigations. Status: ok
[1790943720.687][INFO]: Waiting for pending navigations...
[1790943720.687][INFO]: Done waiting for pending navigations. Status: ok
[1790943720.687][INFO]: [aa86a0531c08adeb55247b10a0433b1e] RESPONSE ExecuteScript null
[1790943721.191][INFO]: [aa86a0531c08adeb55247b10a0433b1e] COMMAND ExecuteScript {
   "args": [  ],
   "script": "return $flutterDriverResult"
}
[1790943721.191][INFO]: Waiting for pending navigations...
[1790943721.245][INFO]: Done waiting for pending navigations. Status: ok
[1790943721.580][INFO]: Waiting for pending navigations...
[1790943721.651][INFO]: Done waiting for pending navigations. Status: ok
[1790943721.651][INFO]: [aa86a0531c08adeb55247b10a0433b1e] RESPONSE ExecuteScript null
[1790943722.154][INFO]: [aa86a0531c08adeb55247b10a0433b1e] COMMAND ExecuteScript {
   "args": [  ],
   "script": "return $flutterDriverResult"
}
[1790943722.156][INFO]: Waiting for pending navigations...
[1790943722.157][INFO]: Done waiting for pending navigations. Status: ok
[1790943722.158][INFO]: Waiting for pending navigations...
[1790943722.159][INFO]: Done waiting for pending navigations. Status: ok
[1790943722.159][INFO]: [aa86a0531c08adeb55247b10a0433b1e] RESPONSE ExecuteScript "{\"isError\":false,\"response\":{\"message\":\"{\\\"result\\\":\\\"false\\\",\\\"failureDetails\\\":[],\\\"data\\\":{\\\"web_driver_command\\\":\\\"WebDriverCommandType.noop\\\"}}\"}}"
[1790943722.161][INFO]: [aa86a0531c08adeb55247b10a0433b1e] COMMAND ExecuteScript {
   "args": [  ],
   "script": "$flutterDriverResult = null"
}
[1790943722.161][INFO]: Waiting for pending navigations...
[1790943722.161][INFO]: Done waiting for pending navigations. Status: ok
[1790943722.163][INFO]: Waiting for pending navigations...
[1790943722.164][INFO]: Done waiting for pending navigations. Status: ok
[1790943722.164][INFO]: [aa86a0531c08adeb55247b10a0433b1e] RESPONSE ExecuteScript null
[1790943722.167][INFO]: [aa86a0531c08adeb55247b10a0433b1e] COMMAND ExecuteScript {
   "args": [  ],
   "script": "return $flutterDriverResult"
}
[1790943722.167][INFO]: Waiting for pending navigations...
[1790943722.167][INFO]: Done waiting for pending navigations. Status: ok
[1790943722.169][INFO]: Waiting for pending navigations...
[1790943722.170][INFO]: Done waiting for pending navigations. Status: ok
[1790943722.170][INFO]: [aa86a0531c08adeb55247b10a0433b1e] RESPONSE ExecuteScript null
[1790943722.171][INFO]: [aa86a0531c08adeb55247b10a0433b1e] COMMAND ExecuteScript {
   "args": [  ],
   "script": "window.$flutterDriver('{\"command\":\"request_data\"}')"
}
[1790943722.171][INFO]: Waiting for pending navigations...
[1790943722.171][INFO]: Done waiting for pending navigations. Status: ok
[1790943722.174][INFO]: Waiting for pending navigations...
[1790943722.175][INFO]: Done waiting for pending navigations. Status: ok
[1790943722.175][INFO]: [aa86a0531c08adeb55247b10a0433b1e] RESPONSE ExecuteScript null
[1790943722.176][INFO]: [aa86a0531c08adeb55247b10a0433b1e] COMMAND ExecuteScript {
   "args": [  ],
   "script": "return $flutterDriverResult"
}
[1790943722.176][INFO]: Waiting for pending navigations...
[1790943722.176][INFO]: Done waiting for pending navigations. Status: ok
[1790943722.178][INFO]: Waiting for pending navigations...
[1790943722.178][INFO]: Done waiting for pending navigations. Status: ok
[1790943722.178][INFO]: [aa86a0531c08adeb55247b10a0433b1e] RESPONSE ExecuteScript "{\"isError\":false,\"response\":{\"message\":\"{\\\"result\\\":\\\"true\\\",\\\"failureDetails\\\":[],\\\"data\\\":{\\\"e2e_executed\\\":[\\\"reporting_journey_test\\\"]}}\"}}"
[1790943722.179][INFO]: [aa86a0531c08adeb55247b10a0433b1e] COMMAND ExecuteScript {
   "args": [  ],
   "script": "$flutterDriverResult = null"
}
[1790943722.179][INFO]: Waiting for pending navigations...
[1790943722.180][INFO]: Done waiting for pending navigations. Status: ok
[1790943722.181][INFO]: Waiting for pending navigations...
[1790943722.181][INFO]: Done waiting for pending navigations. Status: ok
[1790943722.181][INFO]: [aa86a0531c08adeb55247b10a0433b1e] RESPONSE ExecuteScript null
[1790943722.207][INFO]: [aa86a0531c08adeb55247b10a0433b1e] COMMAND Quit {
}
[1790943722.259][INFO]: [aa86a0531c08adeb55247b10a0433b1e] RESPONSE Quit
[1790943796.584][INFO]: [905cdcfdc77ca72277f2ab241aa3851f] COMMAND InitSession {
   "capabilities": {
      "alwaysMatch": {
         "acceptInsecureCerts": true,
         "browserName": "chrome",
         "goog:chromeOptions": {
            "args": [ "--bwsi", "--disable-background-timer-throttling", "--disable-default-apps", "--disable-extensions", "--disable-popup-blocking", "--disable-translate", "--no-default-browser-check", "--no-sandbox", "--no-first-run", "--headless" ],
            "perfLoggingPrefs": {
               "traceCategories": "devtools.timeline,v8,blink.console,benchmark,blink,blink.user_timing"
            },
            "w3c": true
         },
         "goog:loggingPrefs": {
            "browser": "INFO",
            "performance": "ALL"
         }
      }
   },
   "desiredCapabilities": {
      "acceptInsecureCerts": true,
      "browserName": "chrome",
      "goog:chromeOptions": {
         "args": [ "--bwsi", "--disable-background-timer-throttling", "--disable-default-apps", "--disable-extensions", "--disable-popup-blocking", "--disable-translate", "--no-default-browser-check", "--no-sandbox", "--no-first-run", "--headless" ],
         "perfLoggingPrefs": {
            "traceCategories": "devtools.timeline,v8,blink.console,benchmark,blink,blink.user_timing"
         },
         "w3c": true
      },
      "goog:loggingPrefs": {
         "browser": "INFO",
         "performance": "ALL"
      }
   }
}
[1790943796.584][INFO]: Browser search. Trying... /opt/hostedtoolcache/setup-chrome/chromedriver/stable/x64/chrome
[1790943796.584][INFO]: Browser search. Trying... /opt/hostedtoolcache/setup-chrome/chromedriver/stable/x64/chrome
[1790943796.584][INFO]: Browser search. Trying... /opt/hostedtoolcache/setup-chrome/chromedriver/stable/x64/google-chrome
[1790943796.584][INFO]: Browser search. Trying... /opt/hostedtoolcache/setup-chrome/chromedriver/stable/x64/chromium
[1790943796.584][INFO]: Browser search. Trying... /opt/hostedtoolcache/setup-chrome/chromedriver/stable/x64/chromium-browser
[1790943796.584][INFO]: Browser search. Trying... /usr/local/sbin/chrome
[1790943796.584][INFO]: Browser search. Trying... /usr/local/bin/chrome
[1790943796.584][INFO]: Browser search. Trying... /usr/sbin/chrome
[1790943796.584][INFO]: Browser search. Trying... /usr/bin/chrome
[1790943796.584][INFO]: Browser search. Trying... /sbin/chrome
[1790943796.584][INFO]: Browser search. Trying... /bin/chrome
[1790943796.584][INFO]: Browser search. Trying... /opt/google/chrome/chrome
[1790943796.584][INFO]: Browser search. Found at  /opt/google/chrome/chrome
[1790943796.585][INFO]: Populating Preferences file: {
   "alternate_error_pages": {
      "enabled": false
   },
   "autofill": {
      "enabled": false
   },
   "browser": {
      "check_default_browser": false
   },
   "distribution": {
      "import_bookmarks": false,
      "import_history": false,
      "import_search_engine": false,
      "make_chrome_default_for_user": false,
      "skip_first_run_ui": true
   },
   "dns_prefetching": {
      "enabled": false
   },
   "profile": {
      "content_settings": {
         "pattern_pairs": {
            "https://*,*": {
               "media-stream": {
                  "audio": "Default",
                  "video": "Default"
               }
            }
         }
      },
      "default_content_setting_values": {
         "geolocation": 1
      },
      "default_content_settings": {
         "geolocation": 1,
         "mouselock": 1,
         "notifications": 1,
         "popups": 1,
         "ppapi-broker": 1
      },
      "password_manager_enabled": false
   },
   "safebrowsing": {
      "enabled": false
   },
   "search": {
      "suggest_enabled": false
   },
   "translate": {
      "enabled": false
   }
}
[1790943796.585][INFO]: Populating Local State file: {
   "background_mode": {
      "enabled": false
   },
   "ssl": {
      "rev_checking": {
         "enabled": false
      }
   }
}
[1790943796.585][INFO]: ChromeDriver supports communication with Chrome via pipes. This is more reliable and more secure.
[1790943796.585][INFO]: Use the --remote-debugging-pipe Chrome switch instead of the default --remote-debugging-port to enable this communication mode.
[1790943796.585][INFO]: Launching chrome: /opt/google/chrome/chrome --allow-pre-commit-input --bwsi --disable-background-networking --disable-background-timer-throttling --disable-backgrounding-occluded-windows --disable-client-side-phishing-detection --disable-default-apps --disable-extensions --disable-features=IgnoreDuplicateNavs,Prewarm --disable-hang-monitor --disable-popup-blocking --disable-prompt-on-repost --disable-sync --disable-translate --enable-automation --enable-logging --headless --ignore-certificate-errors --log-level=0 --no-default-browser-check --no-first-run --no-sandbox --no-service-autorun --password-store=basic --remote-debugging-port=0 --test-type=webdriver --use-mock-keychain --user-data-dir=/tmp/org.chromium.Chromium.scoped_dir.otqrFZ data:,
[1790943796.819][INFO]: resolved localhost to ["::1","127.0.0.1"]
[1790943796.912][INFO]: [905cdcfdc77ca72277f2ab241aa3851f] RESPONSE InitSession {
   "capabilities": {
      "acceptInsecureCerts": true,
      "browserName": "chrome",
      "browserVersion": "154.0.8037.97",
      "chrome": {
         "chromedriverVersion": "154.0.8037.92 (334b65d254ccc35df4fca82706d1753227b01039-refs/branch-heads/8037@{#1589})",
         "userDataDir": "/tmp/org.chromium.Chromium.scoped_dir.otqrFZ"
      },
      "fedcm:accounts": true,
      "goog:chromeOptions": {
         "debuggerAddress": "localhost:34497"
      },
      "goog:processID": 7369,
      "networkConnectionEnabled": false,
      "pageLoadStrategy": "normal",
      "platformName": "linux",
      "proxy": {
      },
      "setWindowRect": true,
      "strictFileInteractability": false,
      "timeouts": {
         "implicit": 0,
         "pageLoad": 300000,
         "script": 30000
      },
      "unhandledPromptBehavior": "dismiss and notify",
      "webauthn:extension:cmtgKey": true,
      "webauthn:extension:credBlob": true,
      "webauthn:extension:largeBlob": true,
      "webauthn:extension:minPinLength": true,
      "~~~": "..."
   },
   "sessionId": "905cdcfdc77ca72277f2ab241aa3851f"
}
[1790943796.934][INFO]: [905cdcfdc77ca72277f2ab241aa3851f] COMMAND GetWindow {
}
[1790943796.934][INFO]: [905cdcfdc77ca72277f2ab241aa3851f] RESPONSE GetWindow "438A922F8F5A13A4E12F770A6C1DF641"
[1790943796.937][INFO]: [905cdcfdc77ca72277f2ab241aa3851f] COMMAND SetWindowRect {
   "x": 0,
   "y": 0
}
[1790943796.937][INFO]: Waiting for pending navigations...
[1790943796.939][INFO]: Done waiting for pending navigations. Status: ok
[1790943796.951][INFO]: Waiting for pending navigations...
[1790943796.952][INFO]: Done waiting for pending navigations. Status: ok
[1790943796.952][INFO]: [905cdcfdc77ca72277f2ab241aa3851f] RESPONSE SetWindowRect {
   "height": 580,
   "width": 780,
   "x": 0,
   "y": 0
}
[1790943796.955][INFO]: [905cdcfdc77ca72277f2ab241aa3851f] COMMAND SetWindowRect {
   "height": 1024,
   "width": 1600
}
[1790943796.955][INFO]: Waiting for pending navigations...
[1790943796.956][INFO]: Done waiting for pending navigations. Status: ok
[1790943796.972][INFO]: Waiting for pending navigations...
[1790943796.972][INFO]: Done waiting for pending navigations. Status: ok
[1790943796.972][INFO]: [905cdcfdc77ca72277f2ab241aa3851f] RESPONSE SetWindowRect {
   "height": 1024,
   "width": 1600,
   "x": 0,
   "y": 0
}
[1790943799.339][INFO]: [905cdcfdc77ca72277f2ab241aa3851f] COMMAND Navigate {
   "url": "http://localhost:32879"
}
[1790943799.461][INFO]: Waiting for pending navigations...
[1790943799.461][INFO]: Done waiting for pending navigations. Status: ok
[1790943800.243][INFO]: Waiting for pending navigations...
[1790943806.278][INFO]: Done waiting for pending navigations. Status: ok
[1790943806.278][INFO]: [905cdcfdc77ca72277f2ab241aa3851f] RESPONSE Navigate
[1790943806.313][INFO]: [905cdcfdc77ca72277f2ab241aa3851f] COMMAND ExecuteScript {
   "args": [  ],
   "script": "return typeof(window.$flutterDriver)"
}
[1790943806.314][INFO]: Waiting for pending navigations...
[1790943806.315][INFO]: Done waiting for pending navigations. Status: ok
[1790943806.318][INFO]: Waiting for pending navigations...
[1790943806.318][INFO]: Done waiting for pending navigations. Status: ok
[1790943806.318][INFO]: [905cdcfdc77ca72277f2ab241aa3851f] RESPONSE ExecuteScript "undefined"
[1790943806.831][INFO]: [905cdcfdc77ca72277f2ab241aa3851f] COMMAND ExecuteScript {
   "args": [  ],
   "script": "return typeof(window.$flutterDriver)"
}
[1790943806.839][INFO]: Waiting for pending navigations...
[1790943807.028][INFO]: Done waiting for pending navigations. Status: ok
[1790943807.304][INFO]: Waiting for pending navigations...
[1790943807.305][INFO]: Done waiting for pending navigations. Status: ok
[1790943807.305][INFO]: [905cdcfdc77ca72277f2ab241aa3851f] RESPONSE ExecuteScript "function"
[1790943807.327][INFO]: [905cdcfdc77ca72277f2ab241aa3851f] COMMAND ExecuteScript {
   "args": [  ],
   "script": "return $flutterDriverResult"
}
[1790943807.327][INFO]: Waiting for pending navigations...
[1790943807.333][INFO]: Done waiting for pending navigations. Status: ok
[1790943807.345][INFO]: Waiting for pending navigations...
[1790943807.346][INFO]: Done waiting for pending navigations. Status: ok
[1790943807.346][INFO]: [905cdcfdc77ca72277f2ab241aa3851f] RESPONSE ExecuteScript null
[1790943807.349][INFO]: [905cdcfdc77ca72277f2ab241aa3851f] COMMAND ExecuteScript {
   "args": [  ],
   "script": "window.$flutterDriver('{\"command\":\"request_data\",\"message\":\"pending\"}')"
}
[1790943807.349][INFO]: Waiting for pending navigations...
[1790943807.350][INFO]: Done waiting for pending navigations. Status: ok
[1790943807.354][INFO]: Waiting for pending navigations...
[1790943807.355][INFO]: Done waiting for pending navigations. Status: ok
[1790943807.355][INFO]: [905cdcfdc77ca72277f2ab241aa3851f] RESPONSE ExecuteScript null
[1790943807.357][INFO]: [905cdcfdc77ca72277f2ab241aa3851f] COMMAND ExecuteScript {
   "args": [  ],
   "script": "return $flutterDriverResult"
}
[1790943807.357][INFO]: Waiting for pending navigations...
[1790943807.359][INFO]: Done waiting for pending navigations. Status: ok
[1790943807.361][INFO]: Waiting for pending navigations...
[1790943807.362][INFO]: Done waiting for pending navigations. Status: ok
[1790943807.362][INFO]: [905cdcfdc77ca72277f2ab241aa3851f] RESPONSE ExecuteScript null
[1790943807.865][INFO]: [905cdcfdc77ca72277f2ab241aa3851f] COMMAND ExecuteScript {
   "args": [  ],
   "script": "return $flutterDriverResult"
}
[1790943807.935][INFO]: Waiting for pending navigations...
[1790943808.548][INFO]: Done waiting for pending navigations. Status: ok
[1790943808.558][INFO]: Waiting for pending navigations...
[1790943808.559][INFO]: Done waiting for pending navigations. Status: ok
[1790943808.559][INFO]: [905cdcfdc77ca72277f2ab241aa3851f] RESPONSE ExecuteScript null
[1790943809.062][INFO]: [905cdcfdc77ca72277f2ab241aa3851f] COMMAND ExecuteScript {
   "args": [  ],
   "script": "return $flutterDriverResult"
}
[1790943809.064][INFO]: Waiting for pending navigations...
[1790943809.065][INFO]: Done waiting for pending navigations. Status: ok
[1790943809.067][INFO]: Waiting for pending navigations...
[1790943809.067][INFO]: Done waiting for pending navigations. Status: ok
[1790943809.067][INFO]: [905cdcfdc77ca72277f2ab241aa3851f] RESPONSE ExecuteScript null
[1790943809.569][INFO]: [905cdcfdc77ca72277f2ab241aa3851f] COMMAND ExecuteScript {
   "args": [  ],
   "script": "return $flutterDriverResult"
}
[1790943809.569][INFO]: Waiting for pending navigations...
[1790943809.570][INFO]: Done waiting for pending navigations. Status: ok
[1790943809.572][INFO]: Waiting for pending navigations...
[1790943809.572][INFO]: Done waiting for pending navigations. Status: ok
[1790943809.572][INFO]: [905cdcfdc77ca72277f2ab241aa3851f] RESPONSE ExecuteScript null
[1790943810.074][INFO]: [905cdcfdc77ca72277f2ab241aa3851f] COMMAND ExecuteScript {
   "args": [  ],
   "script": "return $flutterDriverResult"
}
[1790943810.077][INFO]: Waiting for pending navigations...
[1790943810.078][INFO]: Done waiting for pending navigations. Status: ok
[1790943810.079][INFO]: Waiting for pending navigations...
[1790943810.080][INFO]: Done waiting for pending navigations. Status: ok
[1790943810.080][INFO]: [905cdcfdc77ca72277f2ab241aa3851f] RESPONSE ExecuteScript null
[1790943810.582][INFO]: [905cdcfdc77ca72277f2ab241aa3851f] COMMAND ExecuteScript {
   "args": [  ],
   "script": "return $flutterDriverResult"
}
[1790943810.582][INFO]: Waiting for pending navigations...
[1790943810.583][INFO]: Done waiting for pending navigations. Status: ok
[1790943810.585][INFO]: Waiting for pending navigations...
[1790943810.585][INFO]: Done waiting for pending navigations. Status: ok
[1790943810.585][INFO]: [905cdcfdc77ca72277f2ab241aa3851f] RESPONSE ExecuteScript null
[1790943811.087][INFO]: [905cdcfdc77ca72277f2ab241aa3851f] COMMAND ExecuteScript {
   "args": [  ],
   "script": "return $flutterDriverResult"
}
[1790943811.088][INFO]: Waiting for pending navigations...
[1790943811.088][INFO]: Done waiting for pending navigations. Status: ok
[1790943811.090][INFO]: Waiting for pending navigations...
[1790943811.091][INFO]: Done waiting for pending navigations. Status: ok
[1790943811.091][INFO]: [905cdcfdc77ca72277f2ab241aa3851f] RESPONSE ExecuteScript null
[1790943811.593][INFO]: [905cdcfdc77ca72277f2ab241aa3851f] COMMAND ExecuteScript {
   "args": [  ],
   "script": "return $flutterDriverResult"
}
[1790943811.593][INFO]: Waiting for pending navigations...
[1790943811.594][INFO]: Done waiting for pending navigations. Status: ok
[1790943811.596][INFO]: Waiting for pending navigations...
[1790943811.596][INFO]: Done waiting for pending navigations. Status: ok
[1790943811.596][INFO]: [905cdcfdc77ca72277f2ab241aa3851f] RESPONSE ExecuteScript null
[1790943812.099][INFO]: [905cdcfdc77ca72277f2ab241aa3851f] COMMAND ExecuteScript {
   "args": [  ],
   "script": "return $flutterDriverResult"
}
[1790943812.100][INFO]: Waiting for pending navigations...
[1790943812.101][INFO]: Done waiting for pending navigations. Status: ok
[1790943812.102][INFO]: Waiting for pending navigations...
[1790943812.103][INFO]: Done waiting for pending navigations. Status: ok
[1790943812.103][INFO]: [905cdcfdc77ca72277f2ab241aa3851f] RESPONSE ExecuteScript null
[1790943812.605][INFO]: [905cdcfdc77ca72277f2ab241aa3851f] COMMAND ExecuteScript {
   "args": [  ],
   "script": "return $flutterDriverResult"
}
[1790943812.606][INFO]: Waiting for pending navigations...
[1790943812.607][INFO]: Done waiting for pending navigations. Status: ok
[1790943812.609][INFO]: Waiting for pending navigations...
[1790943812.609][INFO]: Done waiting for pending navigations. Status: ok
[1790943812.609][INFO]: [905cdcfdc77ca72277f2ab241aa3851f] RESPONSE ExecuteScript null
[1790943813.112][INFO]: [905cdcfdc77ca72277f2ab241aa3851f] COMMAND ExecuteScript {
   "args": [  ],
   "script": "return $flutterDriverResult"
}
[1790943813.112][INFO]: Waiting for pending navigations...
[1790943813.112][INFO]: Done waiting for pending navigations. Status: ok
[1790943813.115][INFO]: Waiting for pending navigations...
[1790943813.115][INFO]: Done waiting for pending navigations. Status: ok
[1790943813.115][INFO]: [905cdcfdc77ca72277f2ab241aa3851f] RESPONSE ExecuteScript null
[1790943813.618][INFO]: [905cdcfdc77ca72277f2ab241aa3851f] COMMAND ExecuteScript {
   "args": [  ],
   "script": "return $flutterDriverResult"
}
[1790943813.620][INFO]: Waiting for pending navigations...
[1790943813.620][INFO]: Done waiting for pending navigations. Status: ok
[1790943813.622][INFO]: Waiting for pending navigations...
[1790943813.623][INFO]: Done waiting for pending navigations. Status: ok
[1790943813.623][INFO]: [905cdcfdc77ca72277f2ab241aa3851f] RESPONSE ExecuteScript null
[1790943814.125][INFO]: [905cdcfdc77ca72277f2ab241aa3851f] COMMAND ExecuteScript {
   "args": [  ],
   "script": "return $flutterDriverResult"
}
[1790943814.125][INFO]: Waiting for pending navigations...
[1790943814.126][INFO]: Done waiting for pending navigations. Status: ok
[1790943814.128][INFO]: Waiting for pending navigations...
[1790943814.128][INFO]: Done waiting for pending navigations. Status: ok
[1790943814.128][INFO]: [905cdcfdc77ca72277f2ab241aa3851f] RESPONSE ExecuteScript null
[1790943814.630][INFO]: [905cdcfdc77ca72277f2ab241aa3851f] COMMAND ExecuteScript {
   "args": [  ],
   "script": "return $flutterDriverResult"
}
[1790943814.632][INFO]: Waiting for pending navigations...
[1790943814.632][INFO]: Done waiting for pending navigations. Status: ok
[1790943814.634][INFO]: Waiting for pending navigations...
[1790943814.635][INFO]: Done waiting for pending navigations. Status: ok
[1790943814.635][INFO]: [905cdcfdc77ca72277f2ab241aa3851f] RESPONSE ExecuteScript null
[1790943815.137][INFO]: [905cdcfdc77ca72277f2ab241aa3851f] COMMAND ExecuteScript {
   "args": [  ],
   "script": "return $flutterDriverResult"
}
[1790943815.139][INFO]: Waiting for pending navigations...
[1790943815.139][INFO]: Done waiting for pending navigations. Status: ok
[1790943815.141][INFO]: Waiting for pending navigations...
[1790943815.141][INFO]: Done waiting for pending navigations. Status: ok
[1790943815.141][INFO]: [905cdcfdc77ca72277f2ab241aa3851f] RESPONSE ExecuteScript null
[1790943815.643][INFO]: [905cdcfdc77ca72277f2ab241aa3851f] COMMAND ExecuteScript {
   "args": [  ],
   "script": "return $flutterDriverResult"
}
[1790943815.644][INFO]: Waiting for pending navigations...
[1790943815.645][INFO]: Done waiting for pending navigations. Status: ok
[1790943815.647][INFO]: Waiting for pending navigations...
[1790943815.647][INFO]: Done waiting for pending navigations. Status: ok
[1790943815.647][INFO]: [905cdcfdc77ca72277f2ab241aa3851f] RESPONSE ExecuteScript null
[1790943816.149][INFO]: [905cdcfdc77ca72277f2ab241aa3851f] COMMAND ExecuteScript {
   "args": [  ],
   "script": "return $flutterDriverResult"
}
[1790943816.150][INFO]: Waiting for pending navigations...
[1790943816.150][INFO]: Done waiting for pending navigations. Status: ok
[1790943816.152][INFO]: Waiting for pending navigations...
[1790943816.152][INFO]: Done waiting for pending navigations. Status: ok
[1790943816.152][INFO]: [905cdcfdc77ca72277f2ab241aa3851f] RESPONSE ExecuteScript null
[1790943816.655][INFO]: [905cdcfdc77ca72277f2ab241aa3851f] COMMAND ExecuteScript {
   "args": [  ],
   "script": "return $flutterDriverResult"
}
[1790943816.657][INFO]: Waiting for pending navigations...
[1790943816.658][INFO]: Done waiting for pending navigations. Status: ok
[1790943816.660][INFO]: Waiting for pending navigations...
[1790943816.660][INFO]: Done waiting for pending navigations. Status: ok
[1790943816.660][INFO]: [905cdcfdc77ca72277f2ab241aa3851f] RESPONSE ExecuteScript null
[1790943817.162][INFO]: [905cdcfdc77ca72277f2ab241aa3851f] COMMAND ExecuteScript {
   "args": [  ],
   "script": "return $flutterDriverResult"
}
[1790943817.163][INFO]: Waiting for pending navigations...
[1790943817.163][INFO]: Done waiting for pending navigations. Status: ok
[1790943817.165][INFO]: Waiting for pending navigations...
[1790943817.165][INFO]: Done waiting for pending navigations. Status: ok
[1790943817.165][INFO]: [905cdcfdc77ca72277f2ab241aa3851f] RESPONSE ExecuteScript null
[1790943817.667][INFO]: [905cdcfdc77ca72277f2ab241aa3851f] COMMAND ExecuteScript {
   "args": [  ],
   "script": "return $flutterDriverResult"
}
[1790943817.667][INFO]: Waiting for pending navigations...
[1790943817.668][INFO]: Done waiting for pending navigations. Status: ok
[1790943817.670][INFO]: Waiting for pending navigations...
[1790943817.670][INFO]: Done waiting for pending navigations. Status: ok
[1790943817.670][INFO]: [905cdcfdc77ca72277f2ab241aa3851f] RESPONSE ExecuteScript null
[1790943818.172][INFO]: [905cdcfdc77ca72277f2ab241aa3851f] COMMAND ExecuteScript {
   "args": [  ],
   "script": "return $flutterDriverResult"
}
[1790943818.175][INFO]: Waiting for pending navigations...
[1790943818.175][INFO]: Done waiting for pending navigations. Status: ok
[1790943818.177][INFO]: Waiting for pending navigations...
[1790943818.177][INFO]: Done waiting for pending navigations. Status: ok
[1790943818.177][INFO]: [905cdcfdc77ca72277f2ab241aa3851f] RESPONSE ExecuteScript null
[1790943818.680][INFO]: [905cdcfdc77ca72277f2ab241aa3851f] COMMAND ExecuteScript {
   "args": [  ],
   "script": "return $flutterDriverResult"
}
[1790943818.680][INFO]: Waiting for pending navigations...
[1790943818.681][INFO]: Done waiting for pending navigations. Status: ok
[1790943818.683][INFO]: Waiting for pending navigations...
[1790943818.683][INFO]: Done waiting for pending navigations. Status: ok
[1790943818.683][INFO]: [905cdcfdc77ca72277f2ab241aa3851f] RESPONSE ExecuteScript null
[1790943819.185][INFO]: [905cdcfdc77ca72277f2ab241aa3851f] COMMAND ExecuteScript {
   "args": [  ],
   "script": "return $flutterDriverResult"
}
[1790943819.186][INFO]: Waiting for pending navigations...
[1790943819.187][INFO]: Done waiting for pending navigations. Status: ok
[1790943819.188][INFO]: Waiting for pending navigations...
[1790943819.189][INFO]: Done waiting for pending navigations. Status: ok
[1790943819.189][INFO]: [905cdcfdc77ca72277f2ab241aa3851f] RESPONSE ExecuteScript null
[1790943819.691][INFO]: [905cdcfdc77ca72277f2ab241aa3851f] COMMAND ExecuteScript {
   "args": [  ],
   "script": "return $flutterDriverResult"
}
[1790943819.693][INFO]: Waiting for pending navigations...
[1790943819.693][INFO]: Done waiting for pending navigations. Status: ok
[1790943819.695][INFO]: Waiting for pending navigations...
[1790943819.695][INFO]: Done waiting for pending navigations. Status: ok
[1790943819.695][INFO]: [905cdcfdc77ca72277f2ab241aa3851f] RESPONSE ExecuteScript null
[1790943820.197][INFO]: [905cdcfdc77ca72277f2ab241aa3851f] COMMAND ExecuteScript {
   "args": [  ],
   "script": "return $flutterDriverResult"
}
[1790943820.199][INFO]: Waiting for pending navigations...
[1790943820.199][INFO]: Done waiting for pending navigations. Status: ok
[1790943820.201][INFO]: Waiting for pending navigations...
[1790943820.201][INFO]: Done waiting for pending navigations. Status: ok
[1790943820.201][INFO]: [905cdcfdc77ca72277f2ab241aa3851f] RESPONSE ExecuteScript null
[1790943820.703][INFO]: [905cdcfdc77ca72277f2ab241aa3851f] COMMAND ExecuteScript {
   "args": [  ],
   "script": "return $flutterDriverResult"
}
[1790943820.705][INFO]: Waiting for pending navigations...
[1790943820.705][INFO]: Done waiting for pending navigations. Status: ok
[1790943820.707][INFO]: Waiting for pending navigations...
[1790943820.707][INFO]: Done waiting for pending navigations. Status: ok
[1790943820.707][INFO]: [905cdcfdc77ca72277f2ab241aa3851f] RESPONSE ExecuteScript null
[1790943821.213][INFO]: [905cdcfdc77ca72277f2ab241aa3851f] COMMAND ExecuteScript {
   "args": [  ],
   "script": "return $flutterDriverResult"
}
[1790943821.220][INFO]: Waiting for pending navigations...
[1790943821.221][INFO]: Done waiting for pending navigations. Status: ok
[1790943821.224][INFO]: Waiting for pending navigations...
[1790943821.224][INFO]: Done waiting for pending navigations. Status: ok
[1790943821.224][INFO]: [905cdcfdc77ca72277f2ab241aa3851f] RESPONSE ExecuteScript null
[1790943821.726][INFO]: [905cdcfdc77ca72277f2ab241aa3851f] COMMAND ExecuteScript {
   "args": [  ],
   "script": "return $flutterDriverResult"
}
[1790943821.741][INFO]: Waiting for pending navigations...
[1790943821.742][INFO]: Done waiting for pending navigations. Status: ok
[1790943821.743][INFO]: Waiting for pending navigations...
[1790943821.744][INFO]: Done waiting for pending navigations. Status: ok
[1790943821.744][INFO]: [905cdcfdc77ca72277f2ab241aa3851f] RESPONSE ExecuteScript null
[1790943822.246][INFO]: [905cdcfdc77ca72277f2ab241aa3851f] COMMAND ExecuteScript {
   "args": [  ],
   "script": "return $flutterDriverResult"
}
[1790943822.250][INFO]: Waiting for pending navigations...
[1790943822.251][INFO]: Done waiting for pending navigations. Status: ok
[1790943822.252][INFO]: Waiting for pending navigations...
[1790943822.253][INFO]: Done waiting for pending navigations. Status: ok
[1790943822.253][INFO]: [905cdcfdc77ca72277f2ab241aa3851f] RESPONSE ExecuteScript null
[1790943822.755][INFO]: [905cdcfdc77ca72277f2ab241aa3851f] COMMAND ExecuteScript {
   "args": [  ],
   "script": "return $flutterDriverResult"
}
[1790943822.755][INFO]: Waiting for pending navigations...
[1790943822.756][INFO]: Done waiting for pending navigations. Status: ok
[1790943822.757][INFO]: Waiting for pending navigations...
[1790943822.758][INFO]: Done waiting for pending navigations. Status: ok
[1790943822.758][INFO]: [905cdcfdc77ca72277f2ab241aa3851f] RESPONSE ExecuteScript null
[1790943823.260][INFO]: [905cdcfdc77ca72277f2ab241aa3851f] COMMAND ExecuteScript {
   "args": [  ],
   "script": "return $flutterDriverResult"
}
[1790943823.266][INFO]: Waiting for pending navigations...
[1790943823.266][INFO]: Done waiting for pending navigations. Status: ok
[1790943823.268][INFO]: Waiting for pending navigations...
[1790943823.268][INFO]: Done waiting for pending navigations. Status: ok
[1790943823.268][INFO]: [905cdcfdc77ca72277f2ab241aa3851f] RESPONSE ExecuteScript null
[1790943823.772][INFO]: [905cdcfdc77ca72277f2ab241aa3851f] COMMAND ExecuteScript {
   "args": [  ],
   "script": "return $flutterDriverResult"
}
[1790943823.773][INFO]: Waiting for pending navigations...
[1790943823.773][INFO]: Done waiting for pending navigations. Status: ok
[1790943823.775][INFO]: Waiting for pending navigations...
[1790943823.776][INFO]: Done waiting for pending navigations. Status: ok
[1790943823.776][INFO]: [905cdcfdc77ca72277f2ab241aa3851f] RESPONSE ExecuteScript null
[1790943824.278][INFO]: [905cdcfdc77ca72277f2ab241aa3851f] COMMAND ExecuteScript {
   "args": [  ],
   "script": "return $flutterDriverResult"
}
[1790943824.278][INFO]: Waiting for pending navigations...
[1790943824.279][INFO]: Done waiting for pending navigations. Status: ok
[1790943824.281][INFO]: Waiting for pending navigations...
[1790943824.281][INFO]: Done waiting for pending navigations. Status: ok
[1790943824.281][INFO]: [905cdcfdc77ca72277f2ab241aa3851f] RESPONSE ExecuteScript null
[1790943824.783][INFO]: [905cdcfdc77ca72277f2ab241aa3851f] COMMAND ExecuteScript {
   "args": [  ],
   "script": "return $flutterDriverResult"
}
[1790943824.785][INFO]: Waiting for pending navigations...
[1790943824.785][INFO]: Done waiting for pending navigations. Status: ok
[1790943824.787][INFO]: Waiting for pending navigations...
[1790943824.787][INFO]: Done waiting for pending navigations. Status: ok
[1790943824.787][INFO]: [905cdcfdc77ca72277f2ab241aa3851f] RESPONSE ExecuteScript null
[1790943825.289][INFO]: [905cdcfdc77ca72277f2ab241aa3851f] COMMAND ExecuteScript {
   "args": [  ],
   "script": "return $flutterDriverResult"
}
[1790943825.291][INFO]: Waiting for pending navigations...
[1790943825.292][INFO]: Done waiting for pending navigations. Status: ok
[1790943825.294][INFO]: Waiting for pending navigations...
[1790943825.294][INFO]: Done waiting for pending navigations. Status: ok
[1790943825.294][INFO]: [905cdcfdc77ca72277f2ab241aa3851f] RESPONSE ExecuteScript null
[1790943825.796][INFO]: [905cdcfdc77ca72277f2ab241aa3851f] COMMAND ExecuteScript {
   "args": [  ],
   "script": "return $flutterDriverResult"
}
[1790943825.798][INFO]: Waiting for pending navigations...
[1790943825.799][INFO]: Done waiting for pending navigations. Status: ok
[1790943825.801][INFO]: Waiting for pending navigations...
[1790943825.801][INFO]: Done waiting for pending navigations. Status: ok
[1790943825.801][INFO]: [905cdcfdc77ca72277f2ab241aa3851f] RESPONSE ExecuteScript null
[1790943826.303][INFO]: [905cdcfdc77ca72277f2ab241aa3851f] COMMAND ExecuteScript {
   "args": [  ],
   "script": "return $flutterDriverResult"
}
[1790943826.308][INFO]: Waiting for pending navigations...
[1790943826.309][INFO]: Done waiting for pending navigations. Status: ok
[1790943826.311][INFO]: Waiting for pending navigations...
[1790943826.311][INFO]: Done waiting for pending navigations. Status: ok
[1790943826.311][INFO]: [905cdcfdc77ca72277f2ab241aa3851f] RESPONSE ExecuteScript null
[1790943826.813][INFO]: [905cdcfdc77ca72277f2ab241aa3851f] COMMAND ExecuteScript {
   "args": [  ],
   "script": "return $flutterDriverResult"
}
[1790943826.818][INFO]: Waiting for pending navigations...
[1790943826.819][INFO]: Done waiting for pending navigations. Status: ok
[1790943826.821][INFO]: Waiting for pending navigations...
[1790943826.821][INFO]: Done waiting for pending navigations. Status: ok
[1790943826.821][INFO]: [905cdcfdc77ca72277f2ab241aa3851f] RESPONSE ExecuteScript "{\"isError\":false,\"response\":{\"message\":\"{\\\"result\\\":\\\"false\\\",\\\"failureDetails\\\":[],\\\"data\\\":{\\\"web_driver_command\\\":\\\"WebDriverCommandType.noop\\\"}}\"}}"
[1790943826.823][INFO]: [905cdcfdc77ca72277f2ab241aa3851f] COMMAND ExecuteScript {
   "args": [  ],
   "script": "$flutterDriverResult = null"
}
[1790943826.823][INFO]: Waiting for pending navigations...
[1790943826.824][INFO]: Done waiting for pending navigations. Status: ok
[1790943826.826][INFO]: Waiting for pending navigations...
[1790943826.826][INFO]: Done waiting for pending navigations. Status: ok
[1790943826.826][INFO]: [905cdcfdc77ca72277f2ab241aa3851f] RESPONSE ExecuteScript null
[1790943826.830][INFO]: [905cdcfdc77ca72277f2ab241aa3851f] COMMAND ExecuteScript {
   "args": [  ],
   "script": "return $flutterDriverResult"
}
[1790943826.830][INFO]: Waiting for pending navigations...
[1790943826.830][INFO]: Done waiting for pending navigations. Status: ok
[1790943826.835][INFO]: Waiting for pending navigations...
[1790943826.836][INFO]: Done waiting for pending navigations. Status: ok
[1790943826.836][INFO]: [905cdcfdc77ca72277f2ab241aa3851f] RESPONSE ExecuteScript null
[1790943826.837][INFO]: [905cdcfdc77ca72277f2ab241aa3851f] COMMAND ExecuteScript {
   "args": [  ],
   "script": "window.$flutterDriver('{\"command\":\"request_data\"}')"
}
[1790943826.837][INFO]: Waiting for pending navigations...
[1790943826.839][INFO]: Done waiting for pending navigations. Status: ok
[1790943826.841][INFO]: Waiting for pending navigations...
[1790943826.842][INFO]: Done waiting for pending navigations. Status: ok
[1790943826.842][INFO]: [905cdcfdc77ca72277f2ab241aa3851f] RESPONSE ExecuteScript null
[1790943826.843][INFO]: [905cdcfdc77ca72277f2ab241aa3851f] COMMAND ExecuteScript {
   "args": [  ],
   "script": "return $flutterDriverResult"
}
[1790943826.843][INFO]: Waiting for pending navigations...
[1790943826.843][INFO]: Done waiting for pending navigations. Status: ok
[1790943826.845][INFO]: Waiting for pending navigations...
[1790943826.845][INFO]: Done waiting for pending navigations. Status: ok
[1790943826.845][INFO]: [905cdcfdc77ca72277f2ab241aa3851f] RESPONSE ExecuteScript "{\"isError\":false,\"response\":{\"message\":\"{\\\"result\\\":\\\"true\\\",\\\"failureDetails\\\":[],\\\"data\\\":{\\\"e2e_executed\\\":[\\\"rls_authorization\\\",\\\"rls_authorization\\\"],\\\"e2e_skipped\\\":[\\\"rls_authorization_jour..."
[1790943826.846][INFO]: [905cdcfdc77ca72277f2ab241aa3851f] COMMAND ExecuteScript {
   "args": [  ],
   "script": "$flutterDriverResult = null"
}
[1790943826.846][INFO]: Waiting for pending navigations...
[1790943826.847][INFO]: Done waiting for pending navigations. Status: ok
[1790943826.848][INFO]: Waiting for pending navigations...
[1790943826.849][INFO]: Done waiting for pending navigations. Status: ok
[1790943826.849][INFO]: [905cdcfdc77ca72277f2ab241aa3851f] RESPONSE ExecuteScript null
[1790943826.876][INFO]: [905cdcfdc77ca72277f2ab241aa3851f] COMMAND Quit {
}
[1790943826.926][INFO]: [905cdcfdc77ca72277f2ab241aa3851f] RESPONSE Quit
[1790943899.280][INFO]: [3e6a5e01a68e0174e232829d8229df4d] COMMAND InitSession {
   "capabilities": {
      "alwaysMatch": {
         "acceptInsecureCerts": true,
         "browserName": "chrome",
         "goog:chromeOptions": {
            "args": [ "--bwsi", "--disable-background-timer-throttling", "--disable-default-apps", "--disable-extensions", "--disable-popup-blocking", "--disable-translate", "--no-default-browser-check", "--no-sandbox", "--no-first-run", "--headless" ],
            "perfLoggingPrefs": {
               "traceCategories": "devtools.timeline,v8,blink.console,benchmark,blink,blink.user_timing"
            },
            "w3c": true
         },
         "goog:loggingPrefs": {
            "browser": "INFO",
            "performance": "ALL"
         }
      }
   },
   "desiredCapabilities": {
      "acceptInsecureCerts": true,
      "browserName": "chrome",
      "goog:chromeOptions": {
         "args": [ "--bwsi", "--disable-background-timer-throttling", "--disable-default-apps", "--disable-extensions", "--disable-popup-blocking", "--disable-translate", "--no-default-browser-check", "--no-sandbox", "--no-first-run", "--headless" ],
         "perfLoggingPrefs": {
            "traceCategories": "devtools.timeline,v8,blink.console,benchmark,blink,blink.user_timing"
         },
         "w3c": true
      },
      "goog:loggingPrefs": {
         "browser": "INFO",
         "performance": "ALL"
      }
   }
}
[1790943899.280][INFO]: Browser search. Trying... /opt/hostedtoolcache/setup-chrome/chromedriver/stable/x64/chrome
[1790943899.280][INFO]: Browser search. Trying... /opt/hostedtoolcache/setup-chrome/chromedriver/stable/x64/chrome
[1790943899.280][INFO]: Browser search. Trying... /opt/hostedtoolcache/setup-chrome/chromedriver/stable/x64/google-chrome
[1790943899.280][INFO]: Browser search. Trying... /opt/hostedtoolcache/setup-chrome/chromedriver/stable/x64/chromium
[1790943899.280][INFO]: Browser search. Trying... /opt/hostedtoolcache/setup-chrome/chromedriver/stable/x64/chromium-browser
[1790943899.280][INFO]: Browser search. Trying... /usr/local/sbin/chrome
[1790943899.280][INFO]: Browser search. Trying... /usr/local/bin/chrome
[1790943899.280][INFO]: Browser search. Trying... /usr/sbin/chrome
[1790943899.280][INFO]: Browser search. Trying... /usr/bin/chrome
[1790943899.280][INFO]: Browser search. Trying... /sbin/chrome
[1790943899.280][INFO]: Browser search. Trying... /bin/chrome
[1790943899.280][INFO]: Browser search. Trying... /opt/google/chrome/chrome
[1790943899.280][INFO]: Browser search. Found at  /opt/google/chrome/chrome
[1790943899.281][INFO]: Populating Preferences file: {
   "alternate_error_pages": {
      "enabled": false
   },
   "autofill": {
      "enabled": false
   },
   "browser": {
      "check_default_browser": false
   },
   "distribution": {
      "import_bookmarks": false,
      "import_history": false,
      "import_search_engine": false,
      "make_chrome_default_for_user": false,
      "skip_first_run_ui": true
   },
   "dns_prefetching": {
      "enabled": false
   },
   "profile": {
      "content_settings": {
         "pattern_pairs": {
            "https://*,*": {
               "media-stream": {
                  "audio": "Default",
                  "video": "Default"
               }
            }
         }
      },
      "default_content_setting_values": {
         "geolocation": 1
      },
      "default_content_settings": {
         "geolocation": 1,
         "mouselock": 1,
         "notifications": 1,
         "popups": 1,
         "ppapi-broker": 1
      },
      "password_manager_enabled": false
   },
   "safebrowsing": {
      "enabled": false
   },
   "search": {
      "suggest_enabled": false
   },
   "translate": {
      "enabled": false
   }
}
[1790943899.281][INFO]: Populating Local State file: {
   "background_mode": {
      "enabled": false
   },
   "ssl": {
      "rev_checking": {
         "enabled": false
      }
   }
}
[1790943899.281][INFO]: ChromeDriver supports communication with Chrome via pipes. This is more reliable and more secure.
[1790943899.281][INFO]: Use the --remote-debugging-pipe Chrome switch instead of the default --remote-debugging-port to enable this communication mode.
[1790943899.281][INFO]: Launching chrome: /opt/google/chrome/chrome --allow-pre-commit-input --bwsi --disable-background-networking --disable-background-timer-throttling --disable-backgrounding-occluded-windows --disable-client-side-phishing-detection --disable-default-apps --disable-extensions --disable-features=IgnoreDuplicateNavs,Prewarm --disable-hang-monitor --disable-popup-blocking --disable-prompt-on-repost --disable-sync --disable-translate --enable-automation --enable-logging --headless --ignore-certificate-errors --log-level=0 --no-default-browser-check --no-first-run --no-sandbox --no-service-autorun --password-store=basic --remote-debugging-port=0 --test-type=webdriver --use-mock-keychain --user-data-dir=/tmp/org.chromium.Chromium.scoped_dir.97G7oj data:,
[1790943899.519][INFO]: resolved localhost to ["::1","127.0.0.1"]
[1790943899.590][INFO]: [3e6a5e01a68e0174e232829d8229df4d] RESPONSE InitSession {
   "capabilities": {
      "acceptInsecureCerts": true,
      "browserName": "chrome",
      "browserVersion": "154.0.8037.97",
      "chrome": {
         "chromedriverVersion": "154.0.8037.92 (334b65d254ccc35df4fca82706d1753227b01039-refs/branch-heads/8037@{#1589})",
         "userDataDir": "/tmp/org.chromium.Chromium.scoped_dir.97G7oj"
      },
      "fedcm:accounts": true,
      "goog:chromeOptions": {
         "debuggerAddress": "localhost:41589"
      },
      "goog:processID": 7687,
      "networkConnectionEnabled": false,
      "pageLoadStrategy": "normal",
      "platformName": "linux",
      "proxy": {
      },
      "setWindowRect": true,
      "strictFileInteractability": false,
      "timeouts": {
         "implicit": 0,
         "pageLoad": 300000,
         "script": 30000
      },
      "unhandledPromptBehavior": "dismiss and notify",
      "webauthn:extension:cmtgKey": true,
      "webauthn:extension:credBlob": true,
      "webauthn:extension:largeBlob": true,
      "webauthn:extension:minPinLength": true,
      "~~~": "..."
   },
   "sessionId": "3e6a5e01a68e0174e232829d8229df4d"
}
[1790943899.618][INFO]: [3e6a5e01a68e0174e232829d8229df4d] COMMAND GetWindow {
}
[1790943899.618][INFO]: [3e6a5e01a68e0174e232829d8229df4d] RESPONSE GetWindow "1513F0FF5982FAB334F7E2C97352F2CB"
[1790943899.621][INFO]: [3e6a5e01a68e0174e232829d8229df4d] COMMAND SetWindowRect {
   "x": 0,
   "y": 0
}
[1790943899.621][INFO]: Waiting for pending navigations...
[1790943899.624][INFO]: Done waiting for pending navigations. Status: ok
[1790943899.639][INFO]: Waiting for pending navigations...
[1790943899.641][INFO]: Done waiting for pending navigations. Status: ok
[1790943899.641][INFO]: [3e6a5e01a68e0174e232829d8229df4d] RESPONSE SetWindowRect {
   "height": 580,
   "width": 780,
   "x": 0,
   "y": 0
}
[1790943899.645][INFO]: [3e6a5e01a68e0174e232829d8229df4d] COMMAND SetWindowRect {
   "height": 1024,
   "width": 1600
}
[1790943899.645][INFO]: Waiting for pending navigations...
[1790943899.648][INFO]: Done waiting for pending navigations. Status: ok
[1790943899.665][INFO]: Waiting for pending navigations...
[1790943899.666][INFO]: Done waiting for pending navigations. Status: ok
[1790943899.666][INFO]: [3e6a5e01a68e0174e232829d8229df4d] RESPONSE SetWindowRect {
   "height": 1024,
   "width": 1600,
   "x": 0,
   "y": 0
}
[1790943901.977][INFO]: [3e6a5e01a68e0174e232829d8229df4d] COMMAND Navigate {
   "url": "http://localhost:39865"
}
[1790943902.097][INFO]: Waiting for pending navigations...
[1790943902.097][INFO]: Done waiting for pending navigations. Status: ok
[1790943902.865][INFO]: Waiting for pending navigations...
[1790943908.897][INFO]: Done waiting for pending navigations. Status: ok
[1790943908.897][INFO]: [3e6a5e01a68e0174e232829d8229df4d] RESPONSE Navigate
[1790943908.938][INFO]: [3e6a5e01a68e0174e232829d8229df4d] COMMAND ExecuteScript {
   "args": [  ],
   "script": "return typeof(window.$flutterDriver)"
}
[1790943908.939][INFO]: Waiting for pending navigations...
[1790943908.939][INFO]: Done waiting for pending navigations. Status: ok
[1790943908.942][INFO]: Waiting for pending navigations...
[1790943908.943][INFO]: Done waiting for pending navigations. Status: ok
[1790943908.943][INFO]: [3e6a5e01a68e0174e232829d8229df4d] RESPONSE ExecuteScript "undefined"
[1790943909.458][INFO]: [3e6a5e01a68e0174e232829d8229df4d] COMMAND ExecuteScript {
   "args": [  ],
   "script": "return typeof(window.$flutterDriver)"
}
[1790943909.466][INFO]: Waiting for pending navigations...
[1790943909.622][INFO]: Done waiting for pending navigations. Status: ok
[1790943909.889][INFO]: Waiting for pending navigations...
[1790943909.890][INFO]: Done waiting for pending navigations. Status: ok
[1790943909.890][INFO]: [3e6a5e01a68e0174e232829d8229df4d] RESPONSE ExecuteScript "function"
[1790943909.913][INFO]: [3e6a5e01a68e0174e232829d8229df4d] COMMAND ExecuteScript {
   "args": [  ],
   "script": "return $flutterDriverResult"
}
[1790943909.914][INFO]: Waiting for pending navigations...
[1790943909.924][INFO]: Done waiting for pending navigations. Status: ok
[1790943909.936][INFO]: Waiting for pending navigations...
[1790943909.937][INFO]: Done waiting for pending navigations. Status: ok
[1790943909.937][INFO]: [3e6a5e01a68e0174e232829d8229df4d] RESPONSE ExecuteScript null
[1790943909.940][INFO]: [3e6a5e01a68e0174e232829d8229df4d] COMMAND ExecuteScript {
   "args": [  ],
   "script": "window.$flutterDriver('{\"command\":\"request_data\",\"message\":\"pending\"}')"
}
[1790943909.940][INFO]: Waiting for pending navigations...
[1790943909.940][INFO]: Done waiting for pending navigations. Status: ok
[1790943909.946][INFO]: Waiting for pending navigations...
[1790943909.947][INFO]: Done waiting for pending navigations. Status: ok
[1790943909.947][INFO]: [3e6a5e01a68e0174e232829d8229df4d] RESPONSE ExecuteScript null
[1790943909.948][INFO]: [3e6a5e01a68e0174e232829d8229df4d] COMMAND ExecuteScript {
   "args": [  ],
   "script": "return $flutterDriverResult"
}
[1790943909.948][INFO]: Waiting for pending navigations...
[1790943909.949][INFO]: Done waiting for pending navigations. Status: ok
[1790943909.951][INFO]: Waiting for pending navigations...
[1790943909.952][INFO]: Done waiting for pending navigations. Status: ok
[1790943909.952][INFO]: [3e6a5e01a68e0174e232829d8229df4d] RESPONSE ExecuteScript null
[1790943910.455][INFO]: [3e6a5e01a68e0174e232829d8229df4d] COMMAND ExecuteScript {
   "args": [  ],
   "script": "return $flutterDriverResult"
}
[1790943910.514][INFO]: Waiting for pending navigations...
[1790943911.150][INFO]: Done waiting for pending navigations. Status: ok
[1790943911.156][INFO]: Waiting for pending navigations...
[1790943911.158][INFO]: Done waiting for pending navigations. Status: ok
[1790943911.158][INFO]: [3e6a5e01a68e0174e232829d8229df4d] RESPONSE ExecuteScript null
[1790943911.660][INFO]: [3e6a5e01a68e0174e232829d8229df4d] COMMAND ExecuteScript {
   "args": [  ],
   "script": "return $flutterDriverResult"
}
[1790943911.660][INFO]: Waiting for pending navigations...
[1790943911.661][INFO]: Done waiting for pending navigations. Status: ok
[1790943911.663][INFO]: Waiting for pending navigations...
[1790943911.663][INFO]: Done waiting for pending navigations. Status: ok
[1790943911.663][INFO]: [3e6a5e01a68e0174e232829d8229df4d] RESPONSE ExecuteScript null
[1790943912.165][INFO]: [3e6a5e01a68e0174e232829d8229df4d] COMMAND ExecuteScript {
   "args": [  ],
   "script": "return $flutterDriverResult"
}
[1790943912.165][INFO]: Waiting for pending navigations...
[1790943912.166][INFO]: Done waiting for pending navigations. Status: ok
[1790943912.167][INFO]: Waiting for pending navigations...
[1790943912.168][INFO]: Done waiting for pending navigations. Status: ok
[1790943912.168][INFO]: [3e6a5e01a68e0174e232829d8229df4d] RESPONSE ExecuteScript null
[1790943912.670][INFO]: [3e6a5e01a68e0174e232829d8229df4d] COMMAND ExecuteScript {
   "args": [  ],
   "script": "return $flutterDriverResult"
}
[1790943912.671][INFO]: Waiting for pending navigations...
[1790943912.671][INFO]: Done waiting for pending navigations. Status: ok
[1790943912.673][INFO]: Waiting for pending navigations...
[1790943912.673][INFO]: Done waiting for pending navigations. Status: ok
[1790943912.673][INFO]: [3e6a5e01a68e0174e232829d8229df4d] RESPONSE ExecuteScript null
[1790943913.175][INFO]: [3e6a5e01a68e0174e232829d8229df4d] COMMAND ExecuteScript {
   "args": [  ],
   "script": "return $flutterDriverResult"
}
[1790943913.179][INFO]: Waiting for pending navigations...
[1790943913.179][INFO]: Done waiting for pending navigations. Status: ok
[1790943913.181][INFO]: Waiting for pending navigations...
[1790943913.181][INFO]: Done waiting for pending navigations. Status: ok
[1790943913.181][INFO]: [3e6a5e01a68e0174e232829d8229df4d] RESPONSE ExecuteScript null
[1790943913.683][INFO]: [3e6a5e01a68e0174e232829d8229df4d] COMMAND ExecuteScript {
   "args": [  ],
   "script": "return $flutterDriverResult"
}
[1790943913.683][INFO]: Waiting for pending navigations...
[1790943913.699][INFO]: Done waiting for pending navigations. Status: ok
[1790943913.701][INFO]: Waiting for pending navigations...
[1790943913.702][INFO]: Done waiting for pending navigations. Status: ok
[1790943913.702][INFO]: [3e6a5e01a68e0174e232829d8229df4d] RESPONSE ExecuteScript null
[1790943914.204][INFO]: [3e6a5e01a68e0174e232829d8229df4d] COMMAND ExecuteScript {
   "args": [  ],
   "script": "return $flutterDriverResult"
}
[1790943914.206][INFO]: Waiting for pending navigations...
[1790943914.217][INFO]: Done waiting for pending navigations. Status: ok
[1790943914.218][INFO]: Waiting for pending navigations...
[1790943914.219][INFO]: Done waiting for pending navigations. Status: ok
[1790943914.219][INFO]: [3e6a5e01a68e0174e232829d8229df4d] RESPONSE ExecuteScript null
[1790943914.722][INFO]: [3e6a5e01a68e0174e232829d8229df4d] COMMAND ExecuteScript {
   "args": [  ],
   "script": "return $flutterDriverResult"
}
[1790943914.726][INFO]: Waiting for pending navigations...
[1790943914.925][INFO]: Done waiting for pending navigations. Status: ok
[1790943915.058][INFO]: Waiting for pending navigations...
[1790943915.060][INFO]: Done waiting for pending navigations. Status: ok
[1790943915.060][INFO]: [3e6a5e01a68e0174e232829d8229df4d] RESPONSE ExecuteScript null
[1790943915.563][INFO]: [3e6a5e01a68e0174e232829d8229df4d] COMMAND ExecuteScript {
   "args": [  ],
   "script": "return $flutterDriverResult"
}
[1790943915.569][INFO]: Waiting for pending navigations...
[1790943915.569][INFO]: Done waiting for pending navigations. Status: ok
[1790943915.571][INFO]: Waiting for pending navigations...
[1790943915.571][INFO]: Done waiting for pending navigations. Status: ok
[1790943915.571][INFO]: [3e6a5e01a68e0174e232829d8229df4d] RESPONSE ExecuteScript null
[1790943916.074][INFO]: [3e6a5e01a68e0174e232829d8229df4d] COMMAND ExecuteScript {
   "args": [  ],
   "script": "return $flutterDriverResult"
}
[1790943916.075][INFO]: Waiting for pending navigations...
[1790943916.080][INFO]: Done waiting for pending navigations. Status: ok
[1790943916.084][INFO]: Waiting for pending navigations...
[1790943916.085][INFO]: Done waiting for pending navigations. Status: ok
[1790943916.085][INFO]: [3e6a5e01a68e0174e232829d8229df4d] RESPONSE ExecuteScript null
[1790943916.587][INFO]: [3e6a5e01a68e0174e232829d8229df4d] COMMAND ExecuteScript {
   "args": [  ],
   "script": "return $flutterDriverResult"
}
[1790943916.588][INFO]: Waiting for pending navigations...
[1790943917.236][INFO]: Done waiting for pending navigations. Status: ok
[1790943917.697][INFO]: Waiting for pending navigations...
[1790943917.819][INFO]: Done waiting for pending navigations. Status: ok
[1790943917.819][INFO]: [3e6a5e01a68e0174e232829d8229df4d] RESPONSE ExecuteScript null
[1790943918.326][INFO]: [3e6a5e01a68e0174e232829d8229df4d] COMMAND ExecuteScript {
   "args": [  ],
   "script": "return $flutterDriverResult"
}
[1790943918.328][INFO]: Waiting for pending navigations...
[1790943918.345][INFO]: Done waiting for pending navigations. Status: ok
[1790943918.347][INFO]: Waiting for pending navigations...
[1790943918.347][INFO]: Done waiting for pending navigations. Status: ok
[1790943918.347][INFO]: [3e6a5e01a68e0174e232829d8229df4d] RESPONSE ExecuteScript null
[1790943918.850][INFO]: [3e6a5e01a68e0174e232829d8229df4d] COMMAND ExecuteScript {
   "args": [  ],
   "script": "return $flutterDriverResult"
}
[1790943918.851][INFO]: Waiting for pending navigations...
[1790943918.852][INFO]: Done waiting for pending navigations. Status: ok
[1790943918.854][INFO]: Waiting for pending navigations...
[1790943918.854][INFO]: Done waiting for pending navigations. Status: ok
[1790943918.854][INFO]: [3e6a5e01a68e0174e232829d8229df4d] RESPONSE ExecuteScript null
[1790943919.356][INFO]: [3e6a5e01a68e0174e232829d8229df4d] COMMAND ExecuteScript {
   "args": [  ],
   "script": "return $flutterDriverResult"
}
[1790943919.356][INFO]: Waiting for pending navigations...
[1790943919.357][INFO]: Done waiting for pending navigations. Status: ok
[1790943919.359][INFO]: Waiting for pending navigations...
[1790943919.359][INFO]: Done waiting for pending navigations. Status: ok
[1790943919.359][INFO]: [3e6a5e01a68e0174e232829d8229df4d] RESPONSE ExecuteScript "{\"isError\":false,\"response\":{\"message\":\"{\\\"result\\\":\\\"false\\\",\\\"failureDetails\\\":[],\\\"data\\\":{\\\"web_driver_command\\\":\\\"WebDriverCommandType.noop\\\"}}\"}}"
[1790943919.362][INFO]: [3e6a5e01a68e0174e232829d8229df4d] COMMAND ExecuteScript {
   "args": [  ],
   "script": "$flutterDriverResult = null"
}
[1790943919.362][INFO]: Waiting for pending navigations...
[1790943919.362][INFO]: Done waiting for pending navigations. Status: ok
[1790943919.364][INFO]: Waiting for pending navigations...
[1790943919.365][INFO]: Done waiting for pending navigations. Status: ok
[1790943919.365][INFO]: [3e6a5e01a68e0174e232829d8229df4d] RESPONSE ExecuteScript null
[1790943919.368][INFO]: [3e6a5e01a68e0174e232829d8229df4d] COMMAND ExecuteScript {
   "args": [  ],
   "script": "return $flutterDriverResult"
}
[1790943919.368][INFO]: Waiting for pending navigations...
[1790943919.369][INFO]: Done waiting for pending navigations. Status: ok
[1790943919.371][INFO]: Waiting for pending navigations...
[1790943919.371][INFO]: Done waiting for pending navigations. Status: ok
[1790943919.371][INFO]: [3e6a5e01a68e0174e232829d8229df4d] RESPONSE ExecuteScript null
[1790943919.372][INFO]: [3e6a5e01a68e0174e232829d8229df4d] COMMAND ExecuteScript {
   "args": [  ],
   "script": "window.$flutterDriver('{\"command\":\"request_data\"}')"
}
[1790943919.372][INFO]: Waiting for pending navigations...
[1790943919.373][INFO]: Done waiting for pending navigations. Status: ok
[1790943919.376][INFO]: Waiting for pending navigations...
[1790943919.376][INFO]: Done waiting for pending navigations. Status: ok
[1790943919.376][INFO]: [3e6a5e01a68e0174e232829d8229df4d] RESPONSE ExecuteScript null
[1790943919.378][INFO]: [3e6a5e01a68e0174e232829d8229df4d] COMMAND ExecuteScript {
   "args": [  ],
   "script": "return $flutterDriverResult"
}
[1790943919.378][INFO]: Waiting for pending navigations...
[1790943919.378][INFO]: Done waiting for pending navigations. Status: ok
[1790943919.380][INFO]: Waiting for pending navigations...
[1790943919.380][INFO]: Done waiting for pending navigations. Status: ok
[1790943919.380][INFO]: [3e6a5e01a68e0174e232829d8229df4d] RESPONSE ExecuteScript "{\"isError\":false,\"response\":{\"message\":\"{\\\"result\\\":\\\"true\\\",\\\"failureDetails\\\":[],\\\"data\\\":{\\\"e2e_executed\\\":[\\\"timeline_journey_test\\\"]}}\"}}"
[1790943919.381][INFO]: [3e6a5e01a68e0174e232829d8229df4d] COMMAND ExecuteScript {
   "args": [  ],
   "script": "$flutterDriverResult = null"
}
[1790943919.381][INFO]: Waiting for pending navigations...
[1790943919.382][INFO]: Done waiting for pending navigations. Status: ok
[1790943919.383][INFO]: Waiting for pending navigations...
[1790943919.384][INFO]: Done waiting for pending navigations. Status: ok
[1790943919.384][INFO]: [3e6a5e01a68e0174e232829d8229df4d] RESPONSE ExecuteScript null
[1790943919.410][INFO]: [3e6a5e01a68e0174e232829d8229df4d] COMMAND Quit {
}
[1790943919.461][INFO]: [3e6a5e01a68e0174e232829d8229df4d] RESPONSE Quit
